URL,Version,Status,OIDs,Name,Title,Descriptino,Used
http://idg-rlp.de/fhir/tumorkonferenzen/CodeSystem/HistoGradeCS,0.1.0,draft,,HistoGradeCS,Histopathologische Grading Codes oBDS,"oBDS Grading Codes",
http://idg-rlp.de/fhir/tumorkonferenzen/CodeSystem/Lymphgefaessinvasion-cs,0.1.0,draft,,LymphgefaessinvasionCS,Lymphgefäßinvasion CodeSystem,"LymphgefäßinvasionCS",
http://idg-rlp.de/fhir/tumorkonferenzen/CodeSystem/SerumTumorMarkerUICCCS,0.1.0,draft,,SerumTumorMarkerUICCCS,SerumTumorMarkerUICCCS,"SerumTumorMarkerUICCCS",
http://idg-rlp.de/fhir/tumorkonferenzen/CodeSystem/krebsstadium-cs,0.1.0,draft,,KrebsstadiumCS,Krebsstadium CodeSystem,"KrebsstadiumCS",
http://idg-rlp.de/fhir/tumorkonferenzen/CodeSystem/multiple-primaer-tumoren-cs,0.1.0,draft,,MultiplePrimaerTumorenCS,Multiple PrimärTumoren CodeSystem,"MultiplePrimärTumorenCS",
http://idg-rlp.de/fhir/tumorkonferenzen/CodeSystem/obds-op-komplikation-cs,0.1.0,draft,,ObdsOpKomplikationCS,oBDS Operation Komplikation Codesystem,"Komplikation gemäß Vorgabe oBDS.",
http://idg-rlp.de/fhir/tumorkonferenzen/CodeSystem/obds-strahlentherapie-intention-cs,0.1.0,draft,,ObdsStrahlentherapieIntentionCS,Intention der Strahlentherapie,"Die histopathologische Einstufung des invasiven Karzinoms ",
http://idg-rlp.de/fhir/tumorkonferenzen/CodeSystem/perineurale-invasion-cs,0.1.0,draft,,PerineuraleInvasionCS,Perineurale Invasion CodeSystem,"PerineuraleInvasionCS",
http://idg-rlp.de/fhir/tumorkonferenzen/CodeSystem/veneninvasion-cs,0.1.0,draft,,VeneninvasionCS,Veneninvasion CodeSystem,"VeneninvasionCS",
