<?xml version="1.0" encoding="UTF-8"?>

<Bundle xmlns="http://hl7.org/fhir">
  <id value="AnmeldeBundleMinimalFreitextLunge-Example"/>
  <meta>
    <profile value="http://idg-rlp.de/fhir/tumorkonferenzen/StructureDefinition/AnmeldeBundleMinimalFreitextLunge"/>
  </meta>
  <type value="collection"/>
  <entry>
    <fullUrl value="http://idg-rlp.de/fhir/tumorkonferenzen/Patient/TumorPatientExample"/>
    <resource>
      <Patient>
        <id value="TumorPatientExample"/>
        <meta>
          <profile value="http://idg-rlp.de/fhir/tumorkonferenzen/StructureDefinition/TumorPatient"/>
        </meta>
        <text>
          <status value="generated"/><div xmlns="http://www.w3.org/1999/xhtml"><a name="Patient_TumorPatientExample"> </a><p class="res-header-id"><b>Generated Narrative: Patient TumorPatientExample</b></p><a name="TumorPatientExample"> </a><a name="hcTumorPatientExample"> </a><a name="TumorPatientExample-en-US"> </a><p style="border: 1px #661aff solid; background-color: #e6e6ff; padding: 10px;">Max Mustermann  Male, DoB: 1960-05-01 ( 123456789)</p><hr/></div>
        </text>
        <identifier>
          <value value="123456789"/>
        </identifier>
        <name>
          <family value="Mustermann"/>
          <given value="Max"/>
        </name>
        <gender value="male"/>
        <birthDate value="1960-05-01"/>
      </Patient>
    </resource>
  </entry>
  <entry>
    <fullUrl value="http://idg-rlp.de/fhir/tumorkonferenzen/Observation/TumorBoardAnmeldungExample"/>
    <resource>
      <Observation>
        <id value="TumorBoardAnmeldungExample"/>
        <meta>
          <profile value="http://idg-rlp.de/fhir/tumorkonferenzen/StructureDefinition/tumor-board-anmeldung"/>
        </meta>
        <text>
          <status value="generated"/><div xmlns="http://www.w3.org/1999/xhtml"><a name="Observation_TumorBoardAnmeldungExample"> </a><p class="res-header-id"><b>Generated Narrative: Observation TumorBoardAnmeldungExample</b></p><a name="TumorBoardAnmeldungExample"> </a><a name="hcTumorBoardAnmeldungExample"> </a><a name="TumorBoardAnmeldungExample-en-US"> </a><p><b>status</b>: Final</p><p><b>code</b>: <span title="Codes:{http://idg-rlp.de/fhir/tumorkonferenzen/CodeSystem/CustomCodes tumorBoardAnmeldung}">tumorBoardAnmeldung</span></p><blockquote><p><b>component</b></p><p><b>code</b>: <span title="Codes:{http://idg-rlp.de/fhir/tumorkonferenzen/CodeSystem/CustomCodes tumorboard}">tumorboard</span></p><p><b>value</b>: <span title="Codes:">tumorboard-lunge-mittwochs</span></p></blockquote><blockquote><p><b>component</b></p><p><b>code</b>: <span title="Codes:{http://idg-rlp.de/fhir/tumorkonferenzen/CodeSystem/CustomCodes terminwunsch}">terminwunsch</span></p><p><b>value</b>: 2023-10-01</p></blockquote><blockquote><p><b>component</b></p><p><b>code</b>: <span title="Codes:{http://idg-rlp.de/fhir/tumorkonferenzen/CodeSystem/CustomCodes zweitmeinung}">zweitmeinung</span></p><p><b>value</b>: <span title="Codes:{http://snomed.info/sct 373066001}">Ja</span></p></blockquote></div>
        </text>
        <status value="final"/>
        <code>
          <coding>
            <system value="http://idg-rlp.de/fhir/tumorkonferenzen/CodeSystem/CustomCodes"/>
            <code value="tumorBoardAnmeldung"/>
          </coding>
        </code>
        <component>
          <code>
            <coding>
              <system value="http://idg-rlp.de/fhir/tumorkonferenzen/CodeSystem/CustomCodes"/>
              <code value="tumorboard"/>
            </coding>
          </code>
          <valueCodeableConcept>
            <coding>
              <code value="tumorboard-lunge-mittwochs"/>
            </coding>
          </valueCodeableConcept>
        </component>
        <component>
          <code>
            <coding>
              <system value="http://idg-rlp.de/fhir/tumorkonferenzen/CodeSystem/CustomCodes"/>
              <code value="terminwunsch"/>
            </coding>
          </code>
          <valueString value="2023-10-01"/>
        </component>
        <component>
          <code>
            <coding>
              <system value="http://idg-rlp.de/fhir/tumorkonferenzen/CodeSystem/CustomCodes"/>
              <code value="zweitmeinung"/>
            </coding>
          </code>
          <valueCodeableConcept>
            <coding>
              <system value="http://snomed.info/sct"/>
              <code value="373066001"/>
              <display value="Ja"/>
            </coding>
          </valueCodeableConcept>
        </component>
      </Observation>
    </resource>
  </entry>
  <entry>
    <fullUrl value="http://idg-rlp.de/fhir/tumorkonferenzen/Observation/HistologischeTypisierungLungeExample"/>
    <resource>
      <Observation>
        <id value="HistologischeTypisierungLungeExample"/>
        <meta>
          <profile value="http://idg-rlp.de/fhir/tumorkonferenzen/StructureDefinition/histologische-typisierung-lunge"/>
        </meta>
        <text>
          <status value="generated"/><div xmlns="http://www.w3.org/1999/xhtml"><a name="Observation_HistologischeTypisierungLungeExample"> </a><p class="res-header-id"><b>Generated Narrative: Observation HistologischeTypisierungLungeExample</b></p><a name="HistologischeTypisierungLungeExample"> </a><a name="hcHistologischeTypisierungLungeExample"> </a><a name="HistologischeTypisierungLungeExample-en-US"> </a><p><b>status</b>: Final</p><p><b>code</b>: <span title="Codes:{http://idg-rlp.de/fhir/tumorkonferenzen/CodeSystem/CustomCodes histologischeTypisierung}">histologischeTypisierung</span></p><p><b>subject</b>: <a href="Bundle-AnmeldeBundleMinimalFreitextLunge-Example.html#Patient_TumorPatientExample">Bundle: type = collection</a></p><p><b>value</b>: <span title="Codes:{http://snomed.info/sct 254637007}">NSCLC</span></p></div>
        </text>
        <status value="final"/>
        <code>
          <coding>
            <system value="http://idg-rlp.de/fhir/tumorkonferenzen/CodeSystem/CustomCodes"/>
            <code value="histologischeTypisierung"/>
          </coding>
        </code>
        <subject>
          <reference value="Patient/TumorPatientExample"/>
        </subject>
        <valueCodeableConcept>
          <coding>
            <system value="http://snomed.info/sct"/>
            <code value="254637007"/>
            <display value="NSCLC"/>
          </coding>
        </valueCodeableConcept>
      </Observation>
    </resource>
  </entry>
  <entry>
    <fullUrl value="http://idg-rlp.de/fhir/tumorkonferenzen/Observation/DiagnoseFreitextExample"/>
    <resource>
      <Observation>
        <id value="DiagnoseFreitextExample"/>
        <meta>
          <profile value="http://idg-rlp.de/fhir/tumorkonferenzen/StructureDefinition/DiagnoseFreitext"/>
        </meta>
        <text>
          <status value="generated"/><div xmlns="http://www.w3.org/1999/xhtml"><a name="Observation_DiagnoseFreitextExample"> </a><p class="res-header-id"><b>Generated Narrative: Observation DiagnoseFreitextExample</b></p><a name="DiagnoseFreitextExample"> </a><a name="hcDiagnoseFreitextExample"> </a><a name="DiagnoseFreitextExample-en-US"> </a><p><b>status</b>: Final</p><p><b>code</b>: <span title="Codes:{http://idg-rlp.de/fhir/tumorkonferenzen/CodeSystem/CustomCodes diagnoseFreitext}">diagnoseFreitext</span></p><p><b>subject</b>: <a href="Bundle-AnmeldeBundleMinimalFreitextLunge-Example.html#Patient_TumorPatientExample">Bundle: type = collection</a></p><p><b>value</b>: Lungenkrebs im fortgeschrittenen Stadium</p></div>
        </text>
        <status value="final"/>
        <code>
          <coding>
            <system value="http://idg-rlp.de/fhir/tumorkonferenzen/CodeSystem/CustomCodes"/>
            <code value="diagnoseFreitext"/>
          </coding>
        </code>
        <subject>
          <reference value="Patient/TumorPatientExample"/>
        </subject>
        <valueString value="Lungenkrebs im fortgeschrittenen Stadium"/>
      </Observation>
    </resource>
  </entry>
  <entry>
    <fullUrl value="http://idg-rlp.de/fhir/tumorkonferenzen/Observation/ErstdiagnoseExample"/>
    <resource>
      <Observation>
        <id value="ErstdiagnoseExample"/>
        <meta>
          <profile value="http://idg-rlp.de/fhir/tumorkonferenzen/StructureDefinition/Erstdiagnose"/>
        </meta>
        <text>
          <status value="generated"/><div xmlns="http://www.w3.org/1999/xhtml"><a name="Observation_ErstdiagnoseExample"> </a><p class="res-header-id"><b>Generated Narrative: Observation ErstdiagnoseExample</b></p><a name="ErstdiagnoseExample"> </a><a name="hcErstdiagnoseExample"> </a><a name="ErstdiagnoseExample-en-US"> </a><p><b>status</b>: Final</p><p><b>code</b>: <span title="Codes:{http://idg-rlp.de/fhir/tumorkonferenzen/CodeSystem/CustomCodes erstdiagnose}">erstdiagnose</span></p><p><b>subject</b>: <a href="Bundle-AnmeldeBundleMinimalFreitextLunge-Example.html#Patient_TumorPatientExample">Bundle: type = collection</a></p><blockquote><p><b>component</b></p><p><b>code</b>: <span title="Codes:{http://idg-rlp.de/fhir/tumorkonferenzen/CodeSystem/CustomCodes datumED}">datumED</span></p><p><b>value</b>: 2021-03-15</p></blockquote><blockquote><p><b>component</b></p><p><b>code</b>: <span title="Codes:{http://idg-rlp.de/fhir/tumorkonferenzen/CodeSystem/CustomCodes stadiumBeiED}">stadiumBeiED</span></p><p><b>value</b>: IIIb</p></blockquote><blockquote><p><b>component</b></p><p><b>code</b>: <span title="Codes:{http://idg-rlp.de/fhir/tumorkonferenzen/CodeSystem/CustomCodes cTNMbeiED}">cTNMbeiED</span></p><p><b>value</b>: T4 N3 M0</p></blockquote></div>
        </text>
        <status value="final"/>
        <code>
          <coding>
            <system value="http://idg-rlp.de/fhir/tumorkonferenzen/CodeSystem/CustomCodes"/>
            <code value="erstdiagnose"/>
          </coding>
        </code>
        <subject>
          <reference value="Patient/TumorPatientExample"/>
        </subject>
        <component>
          <code>
            <coding>
              <system value="http://idg-rlp.de/fhir/tumorkonferenzen/CodeSystem/CustomCodes"/>
              <code value="datumED"/>
            </coding>
          </code>
          <valueDateTime value="2021-03-15"/>
        </component>
        <component>
          <code>
            <coding>
              <system value="http://idg-rlp.de/fhir/tumorkonferenzen/CodeSystem/CustomCodes"/>
              <code value="stadiumBeiED"/>
            </coding>
          </code>
          <valueString value="IIIb"/>
        </component>
        <component>
          <code>
            <coding>
              <system value="http://idg-rlp.de/fhir/tumorkonferenzen/CodeSystem/CustomCodes"/>
              <code value="cTNMbeiED"/>
            </coding>
          </code>
          <valueString value="T4 N3 M0"/>
        </component>
      </Observation>
    </resource>
  </entry>
  <entry>
    <fullUrl value="http://idg-rlp.de/fhir/tumorkonferenzen/Observation/TNMFreitextExample"/>
    <resource>
      <Observation>
        <id value="TNMFreitextExample"/>
        <meta>
          <profile value="http://idg-rlp.de/fhir/tumorkonferenzen/StructureDefinition/TNMFreitext"/>
        </meta>
        <text>
          <status value="generated"/><div xmlns="http://www.w3.org/1999/xhtml"><a name="Observation_TNMFreitextExample"> </a><p class="res-header-id"><b>Generated Narrative: Observation TNMFreitextExample</b></p><a name="TNMFreitextExample"> </a><a name="hcTNMFreitextExample"> </a><a name="TNMFreitextExample-en-US"> </a><p><b>status</b>: Final</p><p><b>code</b>: <span title="Codes:{http://idg-rlp.de/fhir/tumorkonferenzen/CodeSystem/CustomCodes tnm-FreitextObservation}">tnm-FreitextObservation</span></p><p><b>subject</b>: <a href="Bundle-AnmeldeBundleMinimalFreitextLunge-Example.html#Patient_TumorPatientExample">Bundle: type = collection</a></p><p><b>value</b>: T4 N3 M0</p></div>
        </text>
        <status value="final"/>
        <code>
          <coding>
            <system value="http://idg-rlp.de/fhir/tumorkonferenzen/CodeSystem/CustomCodes"/>
            <code value="tnm-FreitextObservation"/>
          </coding>
        </code>
        <subject>
          <reference value="Patient/TumorPatientExample"/>
        </subject>
        <valueString value="T4 N3 M0"/>
      </Observation>
    </resource>
  </entry>
  <entry>
    <fullUrl value="http://idg-rlp.de/fhir/tumorkonferenzen/Observation/ECOGExampleMinimal"/>
    <resource>
      <Observation>
        <id value="ECOGExampleMinimal"/>
        <meta>
          <profile value="http://idg-rlp.de/fhir/tumorkonferenzen/StructureDefinition/ecog"/>
        </meta>
        <text>
          <status value="generated"/><div xmlns="http://www.w3.org/1999/xhtml"><a name="Observation_ECOGExampleMinimal"> </a><p class="res-header-id"><b>Generated Narrative: Observation ECOGExampleMinimal</b></p><a name="ECOGExampleMinimal"> </a><a name="hcECOGExampleMinimal"> </a><a name="ECOGExampleMinimal-en-US"> </a><p><b>status</b>: Final</p><p><b>code</b>: <span title="Codes:{http://loinc.org 89247-1}">ECOG Performance Status score</span></p><p><b>subject</b>: <a href="Bundle-AnmeldeBundleMinimalFreitextLunge-Example.html#Patient_TumorPatientExample">Bundle: type = collection</a></p><p><b>value</b>: <span title="Codes:{http://loinc.org LA9624-3}">ECOG 2: (Gehfähig, Selbstversorgung möglich, aber nicht arbeitsfähig; kann mehr als 50% der Wachzeit aufstehen)</span></p></div>
        </text>
        <status value="final"/>
        <code>
          <coding>
            <system value="http://loinc.org"/>
            <code value="89247-1"/>
            <display value="ECOG Performance Status score"/>
          </coding>
        </code>
        <subject>
          <reference value="Patient/TumorPatientExample"/>
        </subject>
        <valueCodeableConcept>
          <coding>
            <system value="http://loinc.org"/>
            <code value="LA9624-3"/>
            <display value="ECOG 2: (Gehfähig, Selbstversorgung möglich, aber nicht arbeitsfähig; kann mehr als 50% der Wachzeit aufstehen)"/>
          </coding>
        </valueCodeableConcept>
      </Observation>
    </resource>
  </entry>
  <entry>
    <fullUrl value="http://idg-rlp.de/fhir/tumorkonferenzen/Observation/PraxisPathologischesInstitutFreitextExample"/>
    <resource>
      <Observation>
        <id value="PraxisPathologischesInstitutFreitextExample"/>
        <meta>
          <profile value="http://idg-rlp.de/fhir/tumorkonferenzen/StructureDefinition/praxis-pathologisches-institut-freitext"/>
        </meta>
        <text>
          <status value="generated"/><div xmlns="http://www.w3.org/1999/xhtml"><a name="Observation_PraxisPathologischesInstitutFreitextExample"> </a><p class="res-header-id"><b>Generated Narrative: Observation PraxisPathologischesInstitutFreitextExample</b></p><a name="PraxisPathologischesInstitutFreitextExample"> </a><a name="hcPraxisPathologischesInstitutFreitextExample"> </a><a name="PraxisPathologischesInstitutFreitextExample-en-US"> </a><p><b>status</b>: Final</p><p><b>code</b>: <span title="Codes:{http://idg-rlp.de/fhir/tumorkonferenzen/CodeSystem/CustomCodes praxisPathologischesInstitutFreitext}">praxisPathologischesInstitutFreitext</span></p><p><b>subject</b>: <a href="Bundle-AnmeldeBundleMinimalFreitextLunge-Example.html#Patient_TumorPatientExample">Bundle: type = collection</a></p><p><b>value</b>: Institut für Pathologie, Musterstadt</p></div>
        </text>
        <status value="final"/>
        <code>
          <coding>
            <system value="http://idg-rlp.de/fhir/tumorkonferenzen/CodeSystem/CustomCodes"/>
            <code value="praxisPathologischesInstitutFreitext"/>
          </coding>
        </code>
        <subject>
          <reference value="Patient/TumorPatientExample"/>
        </subject>
        <valueString value="Institut für Pathologie, Musterstadt"/>
      </Observation>
    </resource>
  </entry>
  <entry>
    <fullUrl value="http://idg-rlp.de/fhir/tumorkonferenzen/Observation/HistologieMolPatFreitextExample"/>
    <resource>
      <Observation>
        <id value="HistologieMolPatFreitextExample"/>
        <meta>
          <profile value="http://idg-rlp.de/fhir/tumorkonferenzen/StructureDefinition/HistologieMolPatFreitext"/>
        </meta>
        <text>
          <status value="generated"/><div xmlns="http://www.w3.org/1999/xhtml"><a name="Observation_HistologieMolPatFreitextExample"> </a><p class="res-header-id"><b>Generated Narrative: Observation HistologieMolPatFreitextExample</b></p><a name="HistologieMolPatFreitextExample"> </a><a name="hcHistologieMolPatFreitextExample"> </a><a name="HistologieMolPatFreitextExample-en-US"> </a><p><b>status</b>: Final</p><p><b>code</b>: <span title="Codes:{http://idg-rlp.de/fhir/tumorkonferenzen/CodeSystem/CustomCodes histologieMolPatFreitext}">histologieMolPatFreitext</span></p><p><b>subject</b>: <a href="Bundle-AnmeldeBundleMinimalFreitextLunge-Example.html#Patient_TumorPatientExample">Bundle: type = collection</a></p><p><b>value</b>: Adenokarzinom der Lunge, EGFR-Mutation nachgewiesen</p></div>
        </text>
        <status value="final"/>
        <code>
          <coding>
            <system value="http://idg-rlp.de/fhir/tumorkonferenzen/CodeSystem/CustomCodes"/>
            <code value="histologieMolPatFreitext"/>
          </coding>
        </code>
        <subject>
          <reference value="Patient/TumorPatientExample"/>
        </subject>
        <valueString value="Adenokarzinom der Lunge, EGFR-Mutation nachgewiesen"/>
      </Observation>
    </resource>
  </entry>
  <entry>
    <fullUrl value="http://idg-rlp.de/fhir/tumorkonferenzen/Observation/VerlaufFreitextExample"/>
    <resource>
      <Observation>
        <id value="VerlaufFreitextExample"/>
        <meta>
          <profile value="http://idg-rlp.de/fhir/tumorkonferenzen/StructureDefinition/verlauf-freitext"/>
        </meta>
        <text>
          <status value="generated"/><div xmlns="http://www.w3.org/1999/xhtml"><a name="Observation_VerlaufFreitextExample"> </a><p class="res-header-id"><b>Generated Narrative: Observation VerlaufFreitextExample</b></p><a name="VerlaufFreitextExample"> </a><a name="hcVerlaufFreitextExample"> </a><a name="VerlaufFreitextExample-en-US"> </a><p><b>status</b>: Final</p><p><b>code</b>: <span title="Codes:{http://idg-rlp.de/fhir/tumorkonferenzen/CodeSystem/CustomCodes verlaufFreitext}">verlaufFreitext</span></p><p><b>subject</b>: <a href="Bundle-AnmeldeBundleMinimalFreitextLunge-Example.html#Patient_TumorPatientExample">Bundle: type = collection</a></p><p><b>value</b>: Stabiler Verlauf unter Immuntherapie</p></div>
        </text>
        <status value="final"/>
        <code>
          <coding>
            <system value="http://idg-rlp.de/fhir/tumorkonferenzen/CodeSystem/CustomCodes"/>
            <code value="verlaufFreitext"/>
          </coding>
        </code>
        <subject>
          <reference value="Patient/TumorPatientExample"/>
        </subject>
        <valueString value="Stabiler Verlauf unter Immuntherapie"/>
      </Observation>
    </resource>
  </entry>
  <entry>
    <fullUrl value="http://idg-rlp.de/fhir/tumorkonferenzen/Observation/RelevanteNebendiagnosenFreitextExample"/>
    <resource>
      <Observation>
        <id value="RelevanteNebendiagnosenFreitextExample"/>
        <meta>
          <profile value="http://idg-rlp.de/fhir/tumorkonferenzen/StructureDefinition/relevante-nebendiagnosen-freitext"/>
        </meta>
        <text>
          <status value="generated"/><div xmlns="http://www.w3.org/1999/xhtml"><a name="Observation_RelevanteNebendiagnosenFreitextExample"> </a><p class="res-header-id"><b>Generated Narrative: Observation RelevanteNebendiagnosenFreitextExample</b></p><a name="RelevanteNebendiagnosenFreitextExample"> </a><a name="hcRelevanteNebendiagnosenFreitextExample"> </a><a name="RelevanteNebendiagnosenFreitextExample-en-US"> </a><p><b>status</b>: Final</p><p><b>code</b>: <span title="Codes:{http://idg-rlp.de/fhir/tumorkonferenzen/CodeSystem/CustomCodes relevanteNebendiagnosenFreitext}">relevanteNebendiagnosenFreitext</span></p><p><b>subject</b>: <a href="Bundle-AnmeldeBundleMinimalFreitextLunge-Example.html#Patient_TumorPatientExample">Bundle: type = collection</a></p><p><b>value</b>: Diabetes mellitus Typ 2</p></div>
        </text>
        <status value="final"/>
        <code>
          <coding>
            <system value="http://idg-rlp.de/fhir/tumorkonferenzen/CodeSystem/CustomCodes"/>
            <code value="relevanteNebendiagnosenFreitext"/>
          </coding>
        </code>
        <subject>
          <reference value="Patient/TumorPatientExample"/>
        </subject>
        <valueString value="Diabetes mellitus Typ 2"/>
      </Observation>
    </resource>
  </entry>
  <entry>
    <fullUrl value="http://idg-rlp.de/fhir/tumorkonferenzen/Observation/FragestellungTumorkonferenzFreitextExample"/>
    <resource>
      <Observation>
        <id value="FragestellungTumorkonferenzFreitextExample"/>
        <meta>
          <profile value="http://idg-rlp.de/fhir/tumorkonferenzen/StructureDefinition/fragestellung-tumorkonferenz-freitext"/>
        </meta>
        <text>
          <status value="generated"/><div xmlns="http://www.w3.org/1999/xhtml"><a name="Observation_FragestellungTumorkonferenzFreitextExample"> </a><p class="res-header-id"><b>Generated Narrative: Observation FragestellungTumorkonferenzFreitextExample</b></p><a name="FragestellungTumorkonferenzFreitextExample"> </a><a name="hcFragestellungTumorkonferenzFreitextExample"> </a><a name="FragestellungTumorkonferenzFreitextExample-en-US"> </a><p><b>status</b>: Final</p><p><b>code</b>: <span title="Codes:{http://idg-rlp.de/fhir/tumorkonferenzen/CodeSystem/CustomCodes fragestellungTumorkonferenzFreitext}">fragestellungTumorkonferenzFreitext</span></p><p><b>subject</b>: <a href="Bundle-AnmeldeBundleMinimalFreitextLunge-Example.html#Patient_TumorPatientExample">Bundle: type = collection</a></p><p><b>value</b>: Empfehlung für Chemo-Immuntherapie</p></div>
        </text>
        <status value="final"/>
        <code>
          <coding>
            <system value="http://idg-rlp.de/fhir/tumorkonferenzen/CodeSystem/CustomCodes"/>
            <code value="fragestellungTumorkonferenzFreitext"/>
          </coding>
        </code>
        <subject>
          <reference value="Patient/TumorPatientExample"/>
        </subject>
        <valueString value="Empfehlung für Chemo-Immuntherapie"/>
      </Observation>
    </resource>
  </entry>
  <entry>
    <fullUrl value="http://idg-rlp.de/fhir/tumorkonferenzen/Observation/CTMRTSchaedelExample"/>
    <resource>
      <Observation>
        <id value="CTMRTSchaedelExample"/>
        <meta>
          <profile value="http://idg-rlp.de/fhir/tumorkonferenzen/StructureDefinition/ct-mrt-schaedel"/>
        </meta>
        <text>
          <status value="generated"/><div xmlns="http://www.w3.org/1999/xhtml"><a name="Observation_CTMRTSchaedelExample"> </a><p class="res-header-id"><b>Generated Narrative: Observation CTMRTSchaedelExample</b></p><a name="CTMRTSchaedelExample"> </a><a name="hcCTMRTSchaedelExample"> </a><a name="CTMRTSchaedelExample-en-US"> </a><p><b>status</b>: Final</p><p><b>code</b>: <span title="Codes:{http://idg-rlp.de/fhir/tumorkonferenzen/CodeSystem/CustomCodes ctMRTSchaedel}">ctMRTSchaedel</span></p><p><b>subject</b>: <a href="Bundle-AnmeldeBundleMinimalFreitextLunge-Example.html#Patient_TumorPatientExample">Bundle: type = collection</a></p><p><b>value</b>: <span title="Codes:{http://idg-rlp.de/fhir/tumorkonferenzen/CodeSystem/CustomCodes auffaellig}">auffällig</span></p></div>
        </text>
        <status value="final"/>
        <code>
          <coding>
            <system value="http://idg-rlp.de/fhir/tumorkonferenzen/CodeSystem/CustomCodes"/>
            <code value="ctMRTSchaedel"/>
          </coding>
        </code>
        <subject>
          <reference value="Patient/TumorPatientExample"/>
        </subject>
        <valueCodeableConcept>
          <coding>
            <system value="http://idg-rlp.de/fhir/tumorkonferenzen/CodeSystem/CustomCodes"/>
            <code value="auffaellig"/>
            <display value="auffällig"/>
          </coding>
        </valueCodeableConcept>
      </Observation>
    </resource>
  </entry>
  <entry>
    <fullUrl value="http://idg-rlp.de/fhir/tumorkonferenzen/Observation/CTMRTAbdomenExample"/>
    <resource>
      <Observation>
        <id value="CTMRTAbdomenExample"/>
        <meta>
          <profile value="http://idg-rlp.de/fhir/tumorkonferenzen/StructureDefinition/ct-mrt-abdomen"/>
        </meta>
        <text>
          <status value="generated"/><div xmlns="http://www.w3.org/1999/xhtml"><a name="Observation_CTMRTAbdomenExample"> </a><p class="res-header-id"><b>Generated Narrative: Observation CTMRTAbdomenExample</b></p><a name="CTMRTAbdomenExample"> </a><a name="hcCTMRTAbdomenExample"> </a><a name="CTMRTAbdomenExample-en-US"> </a><p><b>status</b>: Final</p><p><b>code</b>: <span title="Codes:{http://idg-rlp.de/fhir/tumorkonferenzen/CodeSystem/CustomCodes ctMRTAbdomen}">ctMRTAbdomen</span></p><p><b>subject</b>: <a href="Bundle-AnmeldeBundleMinimalFreitextLunge-Example.html#Patient_TumorPatientExample">Bundle: type = collection</a></p><p><b>value</b>: <span title="Codes:{http://idg-rlp.de/fhir/tumorkonferenzen/CodeSystem/CustomCodes unauffaellig}">unauffällig</span></p></div>
        </text>
        <status value="final"/>
        <code>
          <coding>
            <system value="http://idg-rlp.de/fhir/tumorkonferenzen/CodeSystem/CustomCodes"/>
            <code value="ctMRTAbdomen"/>
          </coding>
        </code>
        <subject>
          <reference value="Patient/TumorPatientExample"/>
        </subject>
        <valueCodeableConcept>
          <coding>
            <system value="http://idg-rlp.de/fhir/tumorkonferenzen/CodeSystem/CustomCodes"/>
            <code value="unauffaellig"/>
            <display value="unauffällig"/>
          </coding>
        </valueCodeableConcept>
      </Observation>
    </resource>
  </entry>
  <entry>
    <fullUrl value="http://idg-rlp.de/fhir/tumorkonferenzen/Observation/PetCTExample"/>
    <resource>
      <Observation>
        <id value="PetCTExample"/>
        <meta>
          <profile value="http://idg-rlp.de/fhir/tumorkonferenzen/StructureDefinition/pet-ct"/>
        </meta>
        <text>
          <status value="generated"/><div xmlns="http://www.w3.org/1999/xhtml"><a name="Observation_PetCTExample"> </a><p class="res-header-id"><b>Generated Narrative: Observation PetCTExample</b></p><a name="PetCTExample"> </a><a name="hcPetCTExample"> </a><a name="PetCTExample-en-US"> </a><p><b>status</b>: Final</p><p><b>code</b>: <span title="Codes:{http://idg-rlp.de/fhir/tumorkonferenzen/CodeSystem/CustomCodes petCT}">petCT</span></p><p><b>subject</b>: <a href="Bundle-AnmeldeBundleMinimalFreitextLunge-Example.html#Patient_TumorPatientExample">Bundle: type = collection</a></p><p><b>value</b>: <span title="Codes:{http://idg-rlp.de/fhir/tumorkonferenzen/CodeSystem/CustomCodes unauffaellig}">unauffällig</span></p></div>
        </text>
        <status value="final"/>
        <code>
          <coding>
            <system value="http://idg-rlp.de/fhir/tumorkonferenzen/CodeSystem/CustomCodes"/>
            <code value="petCT"/>
          </coding>
        </code>
        <subject>
          <reference value="Patient/TumorPatientExample"/>
        </subject>
        <valueCodeableConcept>
          <coding>
            <system value="http://idg-rlp.de/fhir/tumorkonferenzen/CodeSystem/CustomCodes"/>
            <code value="unauffaellig"/>
            <display value="unauffällig"/>
          </coding>
        </valueCodeableConcept>
      </Observation>
    </resource>
  </entry>
  <entry>
    <fullUrl value="http://idg-rlp.de/fhir/tumorkonferenzen/Observation/SkelettszintigraphieExample"/>
    <resource>
      <Observation>
        <id value="SkelettszintigraphieExample"/>
        <meta>
          <profile value="http://idg-rlp.de/fhir/tumorkonferenzen/StructureDefinition/skelettszintigraphie"/>
        </meta>
        <text>
          <status value="generated"/><div xmlns="http://www.w3.org/1999/xhtml"><a name="Observation_SkelettszintigraphieExample"> </a><p class="res-header-id"><b>Generated Narrative: Observation SkelettszintigraphieExample</b></p><a name="SkelettszintigraphieExample"> </a><a name="hcSkelettszintigraphieExample"> </a><a name="SkelettszintigraphieExample-en-US"> </a><p><b>status</b>: Final</p><p><b>code</b>: <span title="Codes:{http://idg-rlp.de/fhir/tumorkonferenzen/CodeSystem/CustomCodes skelettszintigraphie}">skelettszintigraphie</span></p><p><b>subject</b>: <a href="Bundle-AnmeldeBundleMinimalFreitextLunge-Example.html#Patient_TumorPatientExample">Bundle: type = collection</a></p><p><b>value</b>: <span title="Codes:{http://idg-rlp.de/fhir/tumorkonferenzen/CodeSystem/CustomCodes liegtNichtVor}">liegt nicht vor</span></p></div>
        </text>
        <status value="final"/>
        <code>
          <coding>
            <system value="http://idg-rlp.de/fhir/tumorkonferenzen/CodeSystem/CustomCodes"/>
            <code value="skelettszintigraphie"/>
          </coding>
        </code>
        <subject>
          <reference value="Patient/TumorPatientExample"/>
        </subject>
        <valueCodeableConcept>
          <coding>
            <system value="http://idg-rlp.de/fhir/tumorkonferenzen/CodeSystem/CustomCodes"/>
            <code value="liegtNichtVor"/>
            <display value="liegt nicht vor"/>
          </coding>
        </valueCodeableConcept>
      </Observation>
    </resource>
  </entry>
  <entry>
    <fullUrl value="http://idg-rlp.de/fhir/tumorkonferenzen/Observation/LungenfunktionstestExample"/>
    <resource>
      <Observation>
        <id value="LungenfunktionstestExample"/>
        <meta>
          <profile value="http://idg-rlp.de/fhir/tumorkonferenzen/StructureDefinition/lungenfunktionstest"/>
        </meta>
        <text>
          <status value="generated"/><div xmlns="http://www.w3.org/1999/xhtml"><a name="Observation_LungenfunktionstestExample"> </a><p class="res-header-id"><b>Generated Narrative: Observation LungenfunktionstestExample</b></p><a name="LungenfunktionstestExample"> </a><a name="hcLungenfunktionstestExample"> </a><a name="LungenfunktionstestExample-en-US"> </a><p><b>status</b>: Final</p><p><b>code</b>: <span title="Codes:{http://idg-rlp.de/fhir/tumorkonferenzen/CodeSystem/CustomCodes lungenfunktionstest}">lungenfunktionstest</span></p><p><b>subject</b>: <a href="Bundle-AnmeldeBundleMinimalFreitextLunge-Example.html#Patient_TumorPatientExample">Bundle: type = collection</a></p><p><b>value</b>: <span title="Codes:{http://idg-rlp.de/fhir/tumorkonferenzen/CodeSystem/CustomCodes liegtNichtVor}">liegt nicht vor</span></p></div>
        </text>
        <status value="final"/>
        <code>
          <coding>
            <system value="http://idg-rlp.de/fhir/tumorkonferenzen/CodeSystem/CustomCodes"/>
            <code value="lungenfunktionstest"/>
          </coding>
        </code>
        <subject>
          <reference value="Patient/TumorPatientExample"/>
        </subject>
        <valueCodeableConcept>
          <coding>
            <system value="http://idg-rlp.de/fhir/tumorkonferenzen/CodeSystem/CustomCodes"/>
            <code value="liegtNichtVor"/>
            <display value="liegt nicht vor"/>
          </coding>
        </valueCodeableConcept>
      </Observation>
    </resource>
  </entry>
  <entry>
    <fullUrl value="http://idg-rlp.de/fhir/tumorkonferenzen/Observation/FragestellungRadiologieFreitextExample"/>
    <resource>
      <Observation>
        <id value="FragestellungRadiologieFreitextExample"/>
        <meta>
          <profile value="http://idg-rlp.de/fhir/tumorkonferenzen/StructureDefinition/fragestellung-radiologie-freitext"/>
        </meta>
        <text>
          <status value="generated"/><div xmlns="http://www.w3.org/1999/xhtml"><a name="Observation_FragestellungRadiologieFreitextExample"> </a><p class="res-header-id"><b>Generated Narrative: Observation FragestellungRadiologieFreitextExample</b></p><a name="FragestellungRadiologieFreitextExample"> </a><a name="hcFragestellungRadiologieFreitextExample"> </a><a name="FragestellungRadiologieFreitextExample-en-US"> </a><p><b>status</b>: Final</p><p><b>code</b>: <span title="Codes:{http://idg-rlp.de/fhir/tumorkonferenzen/CodeSystem/CustomCodes fragestellungRadiologieFreitext}">fragestellungRadiologieFreitext</span></p><p><b>subject</b>: <a href="Bundle-AnmeldeBundleMinimalFreitextLunge-Example.html#Patient_TumorPatientExample">Bundle: type = collection</a></p><p><b>value</b>: Abklärung möglicher Metastasen im Abdomen</p></div>
        </text>
        <status value="final"/>
        <code>
          <coding>
            <system value="http://idg-rlp.de/fhir/tumorkonferenzen/CodeSystem/CustomCodes"/>
            <code value="fragestellungRadiologieFreitext"/>
          </coding>
        </code>
        <subject>
          <reference value="Patient/TumorPatientExample"/>
        </subject>
        <valueString value="Abklärung möglicher Metastasen im Abdomen"/>
      </Observation>
    </resource>
  </entry>
  <entry>
    <fullUrl value="http://idg-rlp.de/fhir/tumorkonferenzen/Observation/ExterneBilderExample"/>
    <resource>
      <Observation>
        <id value="ExterneBilderExample"/>
        <meta>
          <profile value="http://idg-rlp.de/fhir/tumorkonferenzen/StructureDefinition/externe-bilder"/>
        </meta>
        <text>
          <status value="generated"/><div xmlns="http://www.w3.org/1999/xhtml"><a name="Observation_ExterneBilderExample"> </a><p class="res-header-id"><b>Generated Narrative: Observation ExterneBilderExample</b></p><a name="ExterneBilderExample"> </a><a name="hcExterneBilderExample"> </a><a name="ExterneBilderExample-en-US"> </a><p><b>status</b>: Final</p><p><b>code</b>: <span title="Codes:{http://idg-rlp.de/fhir/tumorkonferenzen/CodeSystem/CustomCodes externeBilder}">externeBilder</span></p><p><b>subject</b>: <a href="Bundle-AnmeldeBundleMinimalFreitextLunge-Example.html#Patient_TumorPatientExample">Bundle: type = collection</a></p><p><b>value</b>: <span title="Codes:{http://idg-rlp.de/fhir/tumorkonferenzen/CodeSystem/CustomCodes elektronischUebermittelt}">werden elektronisch übermittelt</span></p></div>
        </text>
        <status value="final"/>
        <code>
          <coding>
            <system value="http://idg-rlp.de/fhir/tumorkonferenzen/CodeSystem/CustomCodes"/>
            <code value="externeBilder"/>
          </coding>
        </code>
        <subject>
          <reference value="Patient/TumorPatientExample"/>
        </subject>
        <valueCodeableConcept>
          <coding>
            <system value="http://idg-rlp.de/fhir/tumorkonferenzen/CodeSystem/CustomCodes"/>
            <code value="elektronischUebermittelt"/>
            <display value="werden elektronisch übermittelt"/>
          </coding>
        </valueCodeableConcept>
      </Observation>
    </resource>
  </entry>
</Bundle>