<?xml version="1.0" encoding="UTF-8"?>

<Bundle xmlns="http://hl7.org/fhir">
  <id value="AnmeldeBundleMinimal"/>
  <meta>
    <profile value="http://idg-rlp.de/fhir/tumorkonferenzen/StructureDefinition/AnmeldeBundleMinimal"/>
  </meta>
  <type value="collection"/>
  <entry>
    <resource>
      <Patient>
        <id value="TumorPatient-example-1"/>
        <meta>
          <profile value="http://idg-rlp.de/fhir/tumorkonferenzen/StructureDefinition/TumorPatient"/>
        </meta>
        <text>
          <status value="generated"/><div xmlns="http://www.w3.org/1999/xhtml"><a name="Patient_TumorPatient-example-1"> </a><p><b>Generated Narrative: Patient</b><a name="TumorPatient-example-1"> </a><a name="hcTumorPatient-example-1"> </a></p><div style="display: inline-block; background-color: #d9e0e7; padding: 6px; margin: 4px; border: 1px solid #8da1b4; border-radius: 5px; line-height: 60%"><p style="margin-bottom: 0px">Resource Patient &quot;TumorPatient-example-1&quot; </p><p style="margin-bottom: 0px">Profile: <a href="StructureDefinition-TumorPatient.html">Tumor-Patient</a></p></div><p><b>identifier</b>: Gesetzliche Krankenversicherung/A123456789</p><p><b>name</b>: Martina Mustermann (Official), Musterfrau (Name changed for Marriage)</p><p><b>gender</b>: female</p><p><b>birthDate</b>: 1965-04-03</p><p><b>address</b>: Musterweg 22 Musterstadt 12345 DE </p></div>
        </text>
        <identifier>
          <type>
            <coding>
              <system value="http://fhir.de/CodeSystem/identifier-type-de-basis"/>
              <code value="GKV"/>
            </coding>
          </type>
          <system value="http://fhir.de/sid/gkv/kvid-10"/>
          <value value="A123456789"/>
        </identifier>
        <name>
          <use value="official"/>
          <family value="Mustermann"/>
          <given value="Martina"/>
        </name>
        <name>
          <use value="maiden"/>
          <family value="Musterfrau"/>
        </name>
        <gender value="female"/>
        <birthDate value="1965-04-03"/>
        <address>
          <line value="Musterweg 22">
            <extension url="http://hl7.org/fhir/StructureDefinition/iso21090-ADXP-streetName">
              <valueString value="Musterweg"/>
            </extension>
            <extension url="http://hl7.org/fhir/StructureDefinition/iso21090-ADXP-houseNumber">
              <valueString value="22"/>
            </extension>
          </line>
          <city value="Musterstadt"/>
          <postalCode value="12345"/>
          <country value="DE"/>
        </address>
      </Patient>
    </resource>
  </entry>
  <entry>
    <resource>
      <Condition>
        <id value="ExampleTumorDiagnose"/>
        <meta>
          <profile value="http://idg-rlp.de/fhir/tumorkonferenzen/StructureDefinition/TumorDiagnose"/>
        </meta>
        <text>
          <status value="generated"/><div xmlns="http://www.w3.org/1999/xhtml"><a name="Condition_ExampleTumorDiagnose"> </a><p><b>Generated Narrative: Condition</b><a name="ExampleTumorDiagnose"> </a><a name="hcExampleTumorDiagnose"> </a></p><div style="display: inline-block; background-color: #d9e0e7; padding: 6px; margin: 4px; border: 1px solid #8da1b4; border-radius: 5px; line-height: 60%"><p style="margin-bottom: 0px">Resource Condition &quot;ExampleTumorDiagnose&quot; </p><p style="margin-bottom: 0px">Profile: <a href="StructureDefinition-TumorDiagnose.html">Tumordiagnose</a></p></div><p><b>clinicalStatus</b>: Active <span style="background: LightGoldenRodYellow; margin: 4px; border: 1px solid khaki"> (<a href="http://terminology.hl7.org/5.5.0/CodeSystem-condition-clinical.html">Condition Clinical Status Codes</a>#active)</span></p><p><b>verificationStatus</b>: Confirmed <span style="background: LightGoldenRodYellow; margin: 4px; border: 1px solid khaki"> (<a href="http://terminology.hl7.org/5.5.0/CodeSystem-condition-ver-status.html">ConditionVerificationStatus</a>#confirmed; FIXME#provisional)</span></p><p><b>code</b>: Malignant neoplasm of upper lobe, bronchus or lung <span style="background: LightGoldenRodYellow; margin: 4px; border: 1px solid khaki"> (ICD10GM[2024]#C34.1 &quot;Bösartige Neubildung: Oberlappen (-Bronchus)&quot;)</span></p><p><b>bodySite</b>: 39607008 <span style="background: LightGoldenRodYellow; margin: 4px; border: 1px solid khaki"> (<a href="https://browser.ihtsdotools.org/">SNOMED CT[2023]</a>#39607008)</span></p><p><b>subject</b>: See on this page: Patient/TumorPatient-example-1</p><p><b>onset</b>: 2023-05-20 00:00:00+0000</p><p><b>note</b>: Primary tumor diagnosed with no previous history of tumors.</p></div>
        </text>
        <clinicalStatus>
          <coding>
            <system value="http://terminology.hl7.org/CodeSystem/condition-clinical"/>
            <code value="active"/>
          </coding>
        </clinicalStatus>
        <verificationStatus>
          <coding>
            <system value="http://terminology.hl7.org/CodeSystem/condition-ver-status"/>
            <code value="confirmed"/>
          </coding>
          <coding>
            <system value="https://fix.me/FIXME"/>
            <code value="provisional"/>
          </coding>
        </verificationStatus>
        <code>
          <coding>
            <extension url="http://fhir.de/StructureDefinition/seitenlokalisation">
              <valueCoding>
                <system value="https://fhir.kbv.de/CodeSystem/KBV_CS_SFHIR_ICD_SEITENLOKALISATION"/>
                <code value="L"/>
              </valueCoding>
            </extension>
            <system value="http://fhir.de/CodeSystem/bfarm/icd-10-gm"/>
            <version value="2024"/>
            <code value="C34.1"/>
            <display value="Bösartige Neubildung: Oberlappen (-Bronchus)"/>
          </coding>
          <text value="Malignant neoplasm of upper lobe, bronchus or lung"/>
        </code>
        <bodySite>
          <coding>
            <system value="http://snomed.info/sct"/>
            <version value="2023"/>
            <code value="39607008"/>
          </coding>
        </bodySite>
        <subject>
          <reference value="Patient/TumorPatient-example-1"/>
        </subject>
        <onsetDateTime value="2023-05-20T00:00:00Z"/>
        <note>
          <text value="Primary tumor diagnosed with no previous history of tumors."/>
        </note>
      </Condition>
    </resource>
  </entry>
  <entry>
    <resource>
      <Observation>
        <id value="TNMStageGroupClinicalExample"/>
        <meta>
          <profile value="http://idg-rlp.de/fhir/tumorkonferenzen/StructureDefinition/tnm-stage-group"/>
        </meta>
        <text>
          <status value="generated"/><div xmlns="http://www.w3.org/1999/xhtml"><a name="Observation_TNMStageGroupClinicalExample"> </a><p><b>Generated Narrative: Observation</b><a name="TNMStageGroupClinicalExample"> </a><a name="hcTNMStageGroupClinicalExample"> </a></p><div style="display: inline-block; background-color: #d9e0e7; padding: 6px; margin: 4px; border: 1px solid #8da1b4; border-radius: 5px; line-height: 60%"><p style="margin-bottom: 0px">Resource Observation &quot;TNMStageGroupClinicalExample&quot; </p><p style="margin-bottom: 0px">Profile: <a href="StructureDefinition-tnm-stage-group.html">TNM Stage Group Profile</a></p></div><p><b>status</b>: final</p><p><b>code</b>: Stage group.clinical Cancer <span style="background: LightGoldenRodYellow; margin: 4px; border: 1px solid khaki"> (<a href="https://loinc.org/">LOINC</a>#21908-9)</span></p><p><b>subject</b>: See on this page: Patient/TumorPatient-example-1</p><p><b>focus</b>: <a href="https://simplifier.net/resolve?scope=de.basisprofil.r4@1.5.0-ballot2&amp;canonical=http://fhir.org/packages/de.basisprofil.r4/Condition/example">Condition/example</a></p><p><b>effective</b>: 2024-05-27 12:00:00+0000</p><p><b>value</b>: Stadium II <span style="background: LightGoldenRodYellow; margin: 4px; border: 1px solid khaki"> (<a href="CodeSystem-krebsstadium-cs.html">Krebsstadium CodeSystem</a>#II)</span></p><p><b>method</b>: Example TNM Staging Method <span style="background: LightGoldenRodYellow; margin: 4px; border: 1px solid khaki"> (<a href="https://browser.ihtsdotools.org/">SNOMED CT</a>#443830009 &quot;American Joint Commission on Cancer, Cancer Staging Manual, 7th edition neoplasm staging system (tumor staging)&quot;)</span></p><p><b>hasMember</b>: </p><ul><li><a href="https://simplifier.net/resolve?scope=de.basisprofil.r4@1.5.0-ballot2&amp;canonical=http://fhir.org/packages/de.basisprofil.r4/Observation/tnm-primary-tumor-category">Observation/tnm-primary-tumor-category: TNM Primary Tumor Category</a></li><li><a href="https://simplifier.net/resolve?scope=de.basisprofil.r4@1.5.0-ballot2&amp;canonical=http://fhir.org/packages/de.basisprofil.r4/Observation/tnm-regional-nodes-category">Observation/tnm-regional-nodes-category: TNM Regional Nodes Category</a></li><li><a href="https://simplifier.net/resolve?scope=de.basisprofil.r4@1.5.0-ballot2&amp;canonical=http://fhir.org/packages/de.basisprofil.r4/Observation/tnm-distant-metastases-category">Observation/tnm-distant-metastases-category: TNM Distant Metastases Category</a></li><li><a href="https://simplifier.net/resolve?scope=de.basisprofil.r4@1.5.0-ballot2&amp;canonical=http://fhir.org/packages/de.basisprofil.r4/Observation/tnm-y-symbol">Observation/tnm-y-symbol: TNM Y Symbol</a></li><li><a href="https://simplifier.net/resolve?scope=de.basisprofil.r4@1.5.0-ballot2&amp;canonical=http://fhir.org/packages/de.basisprofil.r4/Observation/tnm-r-symbol">Observation/tnm-r-symbol: TNM R Symbol</a></li><li><a href="https://simplifier.net/resolve?scope=de.basisprofil.r4@1.5.0-ballot2&amp;canonical=http://fhir.org/packages/de.basisprofil.r4/Observation/tnm-a-symbol">Observation/tnm-a-symbol: TNM A Symbol</a></li><li><a href="https://simplifier.net/resolve?scope=de.basisprofil.r4@1.5.0-ballot2&amp;canonical=http://fhir.org/packages/de.basisprofil.r4/Observation/tnm-m-symbol">Observation/tnm-m-symbol: TNM M Symbol</a></li><li><a href="https://simplifier.net/resolve?scope=de.basisprofil.r4@1.5.0-ballot2&amp;canonical=http://fhir.org/packages/de.basisprofil.r4/Observation/tnm-l-kategorie">Observation/tnm-l-kategorie: TNM L Kategorie</a></li><li><a href="https://simplifier.net/resolve?scope=de.basisprofil.r4@1.5.0-ballot2&amp;canonical=http://fhir.org/packages/de.basisprofil.r4/Observation/tnm-v-kategorie">Observation/tnm-v-kategorie: TNM V Kategorie</a></li><li><a href="https://simplifier.net/resolve?scope=de.basisprofil.r4@1.5.0-ballot2&amp;canonical=http://fhir.org/packages/de.basisprofil.r4/Observation/tnm-pn-kategorie">Observation/tnm-pn-kategorie: TNM Pn Kategorie</a></li><li><a href="https://simplifier.net/resolve?scope=de.basisprofil.r4@1.5.0-ballot2&amp;canonical=http://fhir.org/packages/de.basisprofil.r4/Observation/tnm-s-kategorie">Observation/tnm-s-kategorie: TNM S Kategorie</a></li></ul></div>
        </text>
        <status value="final"/>
        <code>
          <coding>
            <system value="http://loinc.org"/>
            <code value="21908-9"/>
            <display value="Stage group.clinical Cancer"/>
          </coding>
        </code>
        <subject>
          <reference value="Patient/TumorPatient-example-1"/>
        </subject>
        <focus>
          <reference value="Condition/example"/>
        </focus>
        <effectiveDateTime value="2024-05-27T12:00:00Z"/>
        <valueCodeableConcept>
          <coding>
            <system value="https://www.uicc.org/resources/tnm"/>
            <code value="II"/>
            <display value="Stadium II"/>
          </coding>
        </valueCodeableConcept>
        <method>
          <coding>
            <system value="http://snomed.info/sct"/>
            <code value="443830009"/>
            <display value="American Joint Commission on Cancer, Cancer Staging Manual, 7th edition neoplasm staging system (tumor staging)"/>
          </coding>
          <text value="Example TNM Staging Method"/>
        </method>
        <hasMember>
          <reference value="Observation/tnm-primary-tumor-category"/>
          <display value="TNM Primary Tumor Category"/>
        </hasMember>
        <hasMember>
          <reference value="Observation/tnm-regional-nodes-category"/>
          <display value="TNM Regional Nodes Category"/>
        </hasMember>
        <hasMember>
          <reference value="Observation/tnm-distant-metastases-category"/>
          <display value="TNM Distant Metastases Category"/>
        </hasMember>
        <hasMember>
          <reference value="Observation/tnm-y-symbol"/>
          <display value="TNM Y Symbol"/>
        </hasMember>
        <hasMember>
          <reference value="Observation/tnm-r-symbol"/>
          <display value="TNM R Symbol"/>
        </hasMember>
        <hasMember>
          <reference value="Observation/tnm-a-symbol"/>
          <display value="TNM A Symbol"/>
        </hasMember>
        <hasMember>
          <reference value="Observation/tnm-m-symbol"/>
          <display value="TNM M Symbol"/>
        </hasMember>
        <hasMember>
          <reference value="Observation/tnm-l-kategorie"/>
          <display value="TNM L Kategorie"/>
        </hasMember>
        <hasMember>
          <reference value="Observation/tnm-v-kategorie"/>
          <display value="TNM V Kategorie"/>
        </hasMember>
        <hasMember>
          <reference value="Observation/tnm-pn-kategorie"/>
          <display value="TNM Pn Kategorie"/>
        </hasMember>
        <hasMember>
          <reference value="Observation/tnm-s-kategorie"/>
          <display value="TNM S Kategorie"/>
        </hasMember>
      </Observation>
    </resource>
  </entry>
  <entry>
    <resource>
      <Observation>
        <id value="tnm-clinical-primary-tumor-category-cT3"/>
        <meta>
          <profile value="http://idg-rlp.de/fhir/tumorkonferenzen/StructureDefinition/tnm-primary-tumor-category"/>
        </meta>
        <text>
          <status value="generated"/><div xmlns="http://www.w3.org/1999/xhtml"><a name="Observation_tnm-clinical-primary-tumor-category-cT3"> </a><p><b>Generated Narrative: Observation</b><a name="tnm-clinical-primary-tumor-category-cT3"> </a><a name="hctnm-clinical-primary-tumor-category-cT3"> </a></p><div style="display: inline-block; background-color: #d9e0e7; padding: 6px; margin: 4px; border: 1px solid #8da1b4; border-radius: 5px; line-height: 60%"><p style="margin-bottom: 0px">Resource Observation &quot;tnm-clinical-primary-tumor-category-cT3&quot; </p><p style="margin-bottom: 0px">Profile: <a href="StructureDefinition-tnm-primary-tumor-category.html">TNM Primary Tumor Category Profile</a></p></div><p><b>status</b>: final</p><p><b>code</b>: cT category <span style="background: LightGoldenRodYellow; margin: 4px; border: 1px solid khaki"> (<a href="https://browser.ihtsdotools.org/">SNOMED CT</a>#399504009)</span></p><p><b>subject</b>: <a href="https://simplifier.net/resolve?scope=de.basisprofil.r4@1.5.0-ballot2&amp;canonical=http://fhir.org/packages/de.basisprofil.r4/Patient/cancer-patient-john-anyperson">Patient/cancer-patient-john-anyperson</a></p><p><b>effective</b>: 2019-04-01</p><p><b>performer</b>: <a href="https://simplifier.net/resolve?scope=de.basisprofil.r4@1.5.0-ballot2&amp;canonical=http://fhir.org/packages/de.basisprofil.r4/Practitioner/us-core-practitioner-kyle-anydoc">Practitioner/us-core-practitioner-kyle-anydoc</a></p><p><b>value</b>: American Joint Committee on Cancer cT3 (qualifier value) <span style="background: LightGoldenRodYellow; margin: 4px; border: 1px solid khaki"> (<a href="https://browser.ihtsdotools.org/">SNOMED CT</a>#1228938002)</span></p><p><b>method</b>: American Joint Commission on Cancer, Cancer Staging Manual, 8th edition neoplasm staging system (tumor staging) <span style="background: LightGoldenRodYellow; margin: 4px; border: 1px solid khaki"> (<a href="https://browser.ihtsdotools.org/">SNOMED CT</a>#897275008)</span></p></div>
        </text>
        <status value="final"/>
        <code>
          <coding>
            <system value="http://snomed.info/sct"/>
            <code value="399504009"/>
            <display value="cT category"/>
          </coding>
        </code>
        <subject>
          <reference value="Patient/cancer-patient-john-anyperson"/>
        </subject>
        <effectiveDateTime value="2019-04-01"/>
        <performer>
          <reference value="Practitioner/us-core-practitioner-kyle-anydoc"/>
        </performer>
        <valueCodeableConcept>
          <coding>
            <system value="http://snomed.info/sct"/>
            <code value="1228938002"/>
            <display value="American Joint Committee on Cancer cT3 (qualifier value)"/>
          </coding>
        </valueCodeableConcept>
        <method>
          <coding>
            <system value="http://snomed.info/sct"/>
            <code value="897275008"/>
            <display value="American Joint Commission on Cancer, Cancer Staging Manual, 8th edition neoplasm staging system (tumor staging)"/>
          </coding>
        </method>
      </Observation>
    </resource>
  </entry>
  <entry>
    <resource>
      <Observation>
        <id value="tnm-clinical-regional-nodes-category-cN3"/>
        <meta>
          <profile value="http://idg-rlp.de/fhir/tumorkonferenzen/StructureDefinition/tnm-regional-nodes-category"/>
        </meta>
        <text>
          <status value="generated"/><div xmlns="http://www.w3.org/1999/xhtml"><a name="Observation_tnm-clinical-regional-nodes-category-cN3"> </a><p><b>Generated Narrative: Observation</b><a name="tnm-clinical-regional-nodes-category-cN3"> </a><a name="hctnm-clinical-regional-nodes-category-cN3"> </a></p><div style="display: inline-block; background-color: #d9e0e7; padding: 6px; margin: 4px; border: 1px solid #8da1b4; border-radius: 5px; line-height: 60%"><p style="margin-bottom: 0px">Resource Observation &quot;tnm-clinical-regional-nodes-category-cN3&quot; </p><p style="margin-bottom: 0px">Profile: <a href="StructureDefinition-tnm-regional-nodes-category.html">TNM Regional Nodes Category Profile</a></p></div><p><b>status</b>: final</p><p><b>code</b>: cN category <span style="background: LightGoldenRodYellow; margin: 4px; border: 1px solid khaki"> (<a href="https://browser.ihtsdotools.org/">SNOMED CT</a>#399534004)</span></p><p><b>subject</b>: <a href="https://simplifier.net/resolve?scope=de.basisprofil.r4@1.5.0-ballot2&amp;canonical=http://fhir.org/packages/de.basisprofil.r4/Patient/cancer-patient-john-anyperson">Patient/cancer-patient-john-anyperson</a></p><p><b>effective</b>: 2019-04-01</p><p><b>performer</b>: <a href="https://simplifier.net/resolve?scope=de.basisprofil.r4@1.5.0-ballot2&amp;canonical=http://fhir.org/packages/de.basisprofil.r4/Practitioner/us-core-practitioner-kyle-anydoc">Practitioner/us-core-practitioner-kyle-anydoc</a></p><p><b>value</b>: American Joint Committee on Cancer cN3 (qualifier value) <span style="background: LightGoldenRodYellow; margin: 4px; border: 1px solid khaki"> (<a href="https://browser.ihtsdotools.org/">SNOMED CT</a>#1229984001)</span></p><p><b>method</b>: American Joint Commission on Cancer, Cancer Staging Manual, 8th edition neoplasm staging system (tumor staging) <span style="background: LightGoldenRodYellow; margin: 4px; border: 1px solid khaki"> (<a href="https://browser.ihtsdotools.org/">SNOMED CT</a>#897275008)</span></p></div>
        </text>
        <status value="final"/>
        <code>
          <coding>
            <system value="http://snomed.info/sct"/>
            <code value="399534004"/>
            <display value="cN category"/>
          </coding>
        </code>
        <subject>
          <reference value="Patient/cancer-patient-john-anyperson"/>
        </subject>
        <effectiveDateTime value="2019-04-01"/>
        <performer>
          <reference value="Practitioner/us-core-practitioner-kyle-anydoc"/>
        </performer>
        <valueCodeableConcept>
          <coding>
            <system value="http://snomed.info/sct"/>
            <code value="1229984001"/>
            <display value="American Joint Committee on Cancer cN3 (qualifier value)"/>
          </coding>
        </valueCodeableConcept>
        <method>
          <coding>
            <system value="http://snomed.info/sct"/>
            <code value="897275008"/>
            <display value="American Joint Commission on Cancer, Cancer Staging Manual, 8th edition neoplasm staging system (tumor staging)"/>
          </coding>
        </method>
      </Observation>
    </resource>
  </entry>
  <entry>
    <resource>
      <Observation>
        <id value="tnm-clinical-distant-metastases-category-cM0"/>
        <meta>
          <profile value="http://hl7.org/fhir/us/mcode/StructureDefinition/mcode-tnm-distant-metastases-category"/>
        </meta>
        <text>
          <status value="generated"/><div xmlns="http://www.w3.org/1999/xhtml"><a name="Observation_tnm-clinical-distant-metastases-category-cM0"> </a><p><b>Generated Narrative: Observation</b><a name="tnm-clinical-distant-metastases-category-cM0"> </a><a name="hctnm-clinical-distant-metastases-category-cM0"> </a></p><div style="display: inline-block; background-color: #d9e0e7; padding: 6px; margin: 4px; border: 1px solid #8da1b4; border-radius: 5px; line-height: 60%"><p style="margin-bottom: 0px">Resource Observation &quot;tnm-clinical-distant-metastases-category-cM0&quot; </p><p style="margin-bottom: 0px">Profile: <a href="http://hl7.org/fhir/us/mcode/STU2.1/StructureDefinition-mcode-tnm-distant-metastases-category.html">TNM Distant Metastases Category Profile</a></p></div><p><b>status</b>: final</p><p><b>code</b>: cM category <span style="background: LightGoldenRodYellow; margin: 4px; border: 1px solid khaki"> (<a href="https://browser.ihtsdotools.org/">SNOMED CT</a>#399387003)</span></p><p><b>subject</b>: <a href="https://simplifier.net/resolve?scope=de.basisprofil.r4@1.5.0-ballot2&amp;canonical=http://fhir.org/packages/de.basisprofil.r4/Patient/cancer-patient-john-anyperson">Patient/cancer-patient-john-anyperson</a></p><p><b>effective</b>: 2019-04-01</p><p><b>performer</b>: <a href="https://simplifier.net/resolve?scope=de.basisprofil.r4@1.5.0-ballot2&amp;canonical=http://fhir.org/packages/de.basisprofil.r4/Practitioner/us-core-practitioner-kyle-anydoc">Practitioner/us-core-practitioner-kyle-anydoc</a></p><p><b>value</b>: American Joint Committee on Cancer cM0 (qualifier value) <span style="background: LightGoldenRodYellow; margin: 4px; border: 1px solid khaki"> (<a href="https://browser.ihtsdotools.org/">SNOMED CT</a>#1229901006)</span></p><p><b>method</b>: American Joint Commission on Cancer, Cancer Staging Manual, 8th edition neoplasm staging system (tumor staging) <span style="background: LightGoldenRodYellow; margin: 4px; border: 1px solid khaki"> (<a href="https://browser.ihtsdotools.org/">SNOMED CT</a>#897275008)</span></p></div>
        </text>
        <status value="final"/>
        <code>
          <coding>
            <system value="http://snomed.info/sct"/>
            <code value="399387003"/>
            <display value="cM category"/>
          </coding>
        </code>
        <subject>
          <reference value="Patient/cancer-patient-john-anyperson"/>
        </subject>
        <effectiveDateTime value="2019-04-01"/>
        <performer>
          <reference value="Practitioner/us-core-practitioner-kyle-anydoc"/>
        </performer>
        <valueCodeableConcept>
          <coding>
            <system value="http://snomed.info/sct"/>
            <code value="1229901006"/>
            <display value="American Joint Committee on Cancer cM0 (qualifier value)"/>
          </coding>
        </valueCodeableConcept>
        <method>
          <coding>
            <system value="http://snomed.info/sct"/>
            <code value="897275008"/>
            <display value="American Joint Commission on Cancer, Cancer Staging Manual, 8th edition neoplasm staging system (tumor staging)"/>
          </coding>
        </method>
      </Observation>
    </resource>
  </entry>
  <entry>
    <resource>
      <Observation>
        <id value="TNMYSymbolExample"/>
        <meta>
          <profile value="http://idg-rlp.de/fhir/tumorkonferenzen/StructureDefinition/TNMYSymbol"/>
        </meta>
        <text>
          <status value="generated"/><div xmlns="http://www.w3.org/1999/xhtml"><a name="Observation_TNMYSymbolExample"> </a><p><b>Generated Narrative: Observation</b><a name="TNMYSymbolExample"> </a><a name="hcTNMYSymbolExample"> </a></p><div style="display: inline-block; background-color: #d9e0e7; padding: 6px; margin: 4px; border: 1px solid #8da1b4; border-radius: 5px; line-height: 60%"><p style="margin-bottom: 0px">Resource Observation &quot;TNMYSymbolExample&quot; </p><p style="margin-bottom: 0px">Profile: <a href="StructureDefinition-TNMYSymbol.html">TNMYSymbol</a></p></div><p><b>status</b>: final</p><p><b>code</b>: Collaborative staging post treatment extension Cancer <span style="background: LightGoldenRodYellow; margin: 4px; border: 1px solid khaki"> (<a href="https://loinc.org/">LOINC</a>#59479-6)</span></p><p><b>subject</b>: See on this page: Patient/TumorPatient-example-1</p><p><b>encounter</b>: <a href="Encounter-VerlaufExample.html">Encounter/VerlaufExample</a></p><p><b>effective</b>: 2024-05-27 12:00:00+0000</p><p><b>value</b>: true</p></div>
        </text>
        <status value="final"/>
        <code>
          <coding>
            <system value="http://loinc.org"/>
            <code value="59479-6"/>
            <display value="Collaborative staging post treatment extension Cancer"/>
          </coding>
        </code>
        <subject>
          <reference value="Patient/TumorPatient-example-1"/>
        </subject>
        <encounter>
          <reference value="Encounter/VerlaufExample"/>
        </encounter>
        <effectiveDateTime value="2024-05-27T12:00:00Z"/>
        <valueBoolean value="true"/>
      </Observation>
    </resource>
  </entry>
  <entry>
    <resource>
      <Observation>
        <id value="TNMRSymbolExample"/>
        <meta>
          <profile value="http://idg-rlp.de/fhir/tumorkonferenzen/StructureDefinition/TNMRSymbol"/>
        </meta>
        <text>
          <status value="generated"/><div xmlns="http://www.w3.org/1999/xhtml"><a name="Observation_TNMRSymbolExample"> </a><p><b>Generated Narrative: Observation</b><a name="TNMRSymbolExample"> </a><a name="hcTNMRSymbolExample"> </a></p><div style="display: inline-block; background-color: #d9e0e7; padding: 6px; margin: 4px; border: 1px solid #8da1b4; border-radius: 5px; line-height: 60%"><p style="margin-bottom: 0px">Resource Observation &quot;TNMRSymbolExample&quot; </p><p style="margin-bottom: 0px">Profile: <a href="StructureDefinition-TNMRSymbol.html">TNMRSymbol</a></p></div><p><b>status</b>: final</p><p><b>code</b>: Recurrence type first episode Cancer <span style="background: LightGoldenRodYellow; margin: 4px; border: 1px solid khaki"> (<a href="https://loinc.org/">LOINC</a>#21983-2)</span></p><p><b>subject</b>: See on this page: Patient/TumorPatient-example-1</p><p><b>encounter</b>: <a href="Encounter-VerlaufExample.html">Encounter/VerlaufExample</a></p><p><b>effective</b>: 2024-05-27 12:00:00+0000</p><p><b>value</b>: true</p></div>
        </text>
        <status value="final"/>
        <code>
          <coding>
            <system value="http://loinc.org"/>
            <code value="21983-2"/>
            <display value="Recurrence type first episode Cancer"/>
          </coding>
        </code>
        <subject>
          <reference value="Patient/TumorPatient-example-1"/>
        </subject>
        <encounter>
          <reference value="Encounter/VerlaufExample"/>
        </encounter>
        <effectiveDateTime value="2024-05-27T12:00:00Z"/>
        <valueBoolean value="true"/>
      </Observation>
    </resource>
  </entry>
  <entry>
    <resource>
      <Observation>
        <id value="TNMASymbolExample"/>
        <meta>
          <profile value="http://idg-rlp.de/fhir/tumorkonferenzen/StructureDefinition/TNMASymbol"/>
        </meta>
        <text>
          <status value="generated"/><div xmlns="http://www.w3.org/1999/xhtml"><a name="Observation_TNMASymbolExample"> </a><p><b>Generated Narrative: Observation</b><a name="TNMASymbolExample"> </a><a name="hcTNMASymbolExample"> </a></p><div style="display: inline-block; background-color: #d9e0e7; padding: 6px; margin: 4px; border: 1px solid #8da1b4; border-radius: 5px; line-height: 60%"><p style="margin-bottom: 0px">Resource Observation &quot;TNMASymbolExample&quot; </p><p style="margin-bottom: 0px">Profile: <a href="StructureDefinition-TNMASymbol.html">TNMASymbol</a></p></div><p><b>status</b>: final</p><p><b>code</b>: Cancer staging during autopsy <span style="background: LightGoldenRodYellow; margin: 4px; border: 1px solid khaki"> (<a href="https://loinc.org/">LOINC</a>#101660-9)</span></p><p><b>subject</b>: See on this page: Patient/TumorPatient-example-1</p><p><b>encounter</b>: <a href="Encounter-VerlaufExample.html">Encounter/VerlaufExample</a></p><p><b>effective</b>: 2024-05-27 12:00:00+0000</p><p><b>value</b>: true</p></div>
        </text>
        <status value="final"/>
        <code>
          <coding>
            <system value="http://loinc.org"/>
            <code value="101660-9"/>
            <display value="Cancer staging during autopsy"/>
          </coding>
        </code>
        <subject>
          <reference value="Patient/TumorPatient-example-1"/>
        </subject>
        <encounter>
          <reference value="Encounter/VerlaufExample"/>
        </encounter>
        <effectiveDateTime value="2024-05-27T12:00:00Z"/>
        <valueBoolean value="true"/>
      </Observation>
    </resource>
  </entry>
  <entry>
    <resource>
      <Observation>
        <id value="TNMmSymbolExample"/>
        <meta>
          <profile value="http://idg-rlp.de/fhir/tumorkonferenzen/StructureDefinition/TNMmSymbol"/>
        </meta>
        <text>
          <status value="generated"/><div xmlns="http://www.w3.org/1999/xhtml"><a name="Observation_TNMmSymbolExample"> </a><p><b>Generated Narrative: Observation</b><a name="TNMmSymbolExample"> </a><a name="hcTNMmSymbolExample"> </a></p><div style="display: inline-block; background-color: #d9e0e7; padding: 6px; margin: 4px; border: 1px solid #8da1b4; border-radius: 5px; line-height: 60%"><p style="margin-bottom: 0px">Resource Observation &quot;TNMmSymbolExample&quot; </p><p style="margin-bottom: 0px">Profile: <a href="StructureDefinition-TNMmSymbol.html">TNMmSymbol</a></p></div><p><b>status</b>: final</p><p><b>code</b>: m - Multiple tumors (tumor staging) <span style="background: LightGoldenRodYellow; margin: 4px; border: 1px solid khaki"> (<a href="https://browser.ihtsdotools.org/">SNOMED CT</a>#277650004)</span></p><p><b>subject</b>: See on this page: Patient/TumorPatient-example-1</p><p><b>encounter</b>: <a href="Encounter-VerlaufExample.html">Encounter/VerlaufExample</a></p><p><b>effective</b>: 2024-05-27 12:00:00+0000</p><p><b>value</b>: (2) simultane Tumoren <span style="background: LightGoldenRodYellow; margin: 4px; border: 1px solid khaki"> (<a href="CodeSystem-multiple-primaer-tumoren-cs.html">Multiple PrimärTumoren CodeSystem</a>#2)</span></p></div>
        </text>
        <status value="final"/>
        <code>
          <coding>
            <system value="http://snomed.info/sct"/>
            <code value="277650004"/>
            <display value="m - Multiple tumors (tumor staging)"/>
          </coding>
        </code>
        <subject>
          <reference value="Patient/TumorPatient-example-1"/>
        </subject>
        <encounter>
          <reference value="Encounter/VerlaufExample"/>
        </encounter>
        <effectiveDateTime value="2024-05-27T12:00:00Z"/>
        <valueCodeableConcept>
          <coding>
            <system value="http://idg-rlp.de/fhir/tumorkonferenzen/CodeSystem/multiple-primaer-tumoren-cs"/>
            <code value="2"/>
            <display value="(2) simultane Tumoren"/>
          </coding>
        </valueCodeableConcept>
      </Observation>
    </resource>
  </entry>
  <entry>
    <resource>
      <Observation>
        <id value="TNMLKategorieExample"/>
        <meta>
          <profile value="http://idg-rlp.de/fhir/tumorkonferenzen/StructureDefinition/TNMLKategorie"/>
        </meta>
        <text>
          <status value="generated"/><div xmlns="http://www.w3.org/1999/xhtml"><a name="Observation_TNMLKategorieExample"> </a><p><b>Generated Narrative: Observation</b><a name="TNMLKategorieExample"> </a><a name="hcTNMLKategorieExample"> </a></p><div style="display: inline-block; background-color: #d9e0e7; padding: 6px; margin: 4px; border: 1px solid #8da1b4; border-radius: 5px; line-height: 60%"><p style="margin-bottom: 0px">Resource Observation &quot;TNMLKategorieExample&quot; </p><p style="margin-bottom: 0px">Profile: <a href="StructureDefinition-TNMLKategorie.html">TNMLKategorie</a></p></div><p><b>status</b>: final</p><p><b>code</b>: Lymphatic.small vessel.invasion [Identifier] in Specimen by CAP cancer protocols <span style="background: LightGoldenRodYellow; margin: 4px; border: 1px solid khaki"> (<a href="https://loinc.org/">LOINC</a>#33739-4)</span></p><p><b>subject</b>: See on this page: Patient/TumorPatient-example-1</p><p><b>encounter</b>: <a href="Encounter-VerlaufExample.html">Encounter/VerlaufExample</a></p><p><b>effective</b>: 2024-05-27 12:00:00+0000</p><p><b>value</b>: Keine Lymphgefäßinvasion <span style="background: LightGoldenRodYellow; margin: 4px; border: 1px solid khaki"> (<a href="CodeSystem-Lymphgefaessinvasion-cs.html">Lymphgefäßinvasion CodeSystem</a>#L0)</span></p></div>
        </text>
        <status value="final"/>
        <code>
          <coding>
            <system value="http://loinc.org"/>
            <code value="33739-4"/>
            <display value="Lymphatic.small vessel.invasion [Identifier] in Specimen by CAP cancer protocols"/>
          </coding>
        </code>
        <subject>
          <reference value="Patient/TumorPatient-example-1"/>
        </subject>
        <encounter>
          <reference value="Encounter/VerlaufExample"/>
        </encounter>
        <effectiveDateTime value="2024-05-27T12:00:00Z"/>
        <valueCodeableConcept>
          <coding>
            <system value="http://idg-rlp.de/fhir/tumorkonferenzen/CodeSystem/Lymphgefaessinvasion-cs"/>
            <code value="L0"/>
            <display value="Keine Lymphgefäßinvasion"/>
          </coding>
        </valueCodeableConcept>
      </Observation>
    </resource>
  </entry>
  <entry>
    <resource>
      <Observation>
        <id value="TNMVKategorieExample"/>
        <meta>
          <profile value="http://idg-rlp.de/fhir/tumorkonferenzen/StructureDefinition/TNMVKategorie"/>
        </meta>
        <text>
          <status value="generated"/><div xmlns="http://www.w3.org/1999/xhtml"><a name="Observation_TNMVKategorieExample"> </a><p><b>Generated Narrative: Observation</b><a name="TNMVKategorieExample"> </a><a name="hcTNMVKategorieExample"> </a></p><div style="display: inline-block; background-color: #d9e0e7; padding: 6px; margin: 4px; border: 1px solid #8da1b4; border-radius: 5px; line-height: 60%"><p style="margin-bottom: 0px">Resource Observation &quot;TNMVKategorieExample&quot; </p><p style="margin-bottom: 0px">Profile: <a href="StructureDefinition-TNMVKategorie.html">TNMVKategorie</a></p></div><p><b>status</b>: final</p><p><b>code</b>: Venous.large vessel.invasion [Identifier] in Specimen by CAP cancer protocols <span style="background: LightGoldenRodYellow; margin: 4px; border: 1px solid khaki"> (<a href="https://loinc.org/">LOINC</a>#33740-2)</span></p><p><b>subject</b>: See on this page: Patient/TumorPatient-example-1</p><p><b>encounter</b>: <a href="Encounter-VerlaufExample.html">Encounter/VerlaufExample</a></p><p><b>effective</b>: 2024-05-27 12:00:00+0000</p><p><b>value</b>: Keine Veneninvasion <span style="background: LightGoldenRodYellow; margin: 4px; border: 1px solid khaki"> (<a href="CodeSystem-veneninvasion-cs.html">Veneninvasion CodeSystem</a>#V0)</span></p></div>
        </text>
        <status value="final"/>
        <code>
          <coding>
            <system value="http://loinc.org"/>
            <code value="33740-2"/>
            <display value="Venous.large vessel.invasion [Identifier] in Specimen by CAP cancer protocols"/>
          </coding>
        </code>
        <subject>
          <reference value="Patient/TumorPatient-example-1"/>
        </subject>
        <encounter>
          <reference value="Encounter/VerlaufExample"/>
        </encounter>
        <effectiveDateTime value="2024-05-27T12:00:00Z"/>
        <valueCodeableConcept>
          <coding>
            <system value="http://idg-rlp.de/fhir/tumorkonferenzen/CodeSystem/veneninvasion-cs"/>
            <code value="V0"/>
            <display value="Keine Veneninvasion"/>
          </coding>
        </valueCodeableConcept>
      </Observation>
    </resource>
  </entry>
  <entry>
    <resource>
      <Observation>
        <id value="TNMPnKategorieExample"/>
        <meta>
          <profile value="http://idg-rlp.de/fhir/tumorkonferenzen/StructureDefinition/TNMPnKategorie"/>
        </meta>
        <text>
          <status value="generated"/><div xmlns="http://www.w3.org/1999/xhtml"><a name="Observation_TNMPnKategorieExample"> </a><p><b>Generated Narrative: Observation</b><a name="TNMPnKategorieExample"> </a><a name="hcTNMPnKategorieExample"> </a></p><div style="display: inline-block; background-color: #d9e0e7; padding: 6px; margin: 4px; border: 1px solid #8da1b4; border-radius: 5px; line-height: 60%"><p style="margin-bottom: 0px">Resource Observation &quot;TNMPnKategorieExample&quot; </p><p style="margin-bottom: 0px">Profile: <a href="StructureDefinition-TNMPnKategorie.html">TNMPnKategorie</a></p></div><p><b>status</b>: final</p><p><b>code</b>: Perineural invasion [Presence] in Cancer specimen <span style="background: LightGoldenRodYellow; margin: 4px; border: 1px solid khaki"> (<a href="https://loinc.org/">LOINC</a>#92837-4)</span></p><p><b>subject</b>: See on this page: Patient/TumorPatient-example-1</p><p><b>encounter</b>: <a href="Encounter-VerlaufExample.html">Encounter/VerlaufExample</a></p><p><b>effective</b>: 2024-05-27 12:00:00+0000</p><p><b>value</b>: Keine perineurale Invasion <span style="background: LightGoldenRodYellow; margin: 4px; border: 1px solid khaki"> (<a href="CodeSystem-perineurale-invasion-cs.html">Perineurale Invasion CodeSystem</a>#PN0)</span></p></div>
        </text>
        <status value="final"/>
        <code>
          <coding>
            <system value="http://loinc.org"/>
            <code value="92837-4"/>
            <display value="Perineural invasion [Presence] in Cancer specimen"/>
          </coding>
        </code>
        <subject>
          <reference value="Patient/TumorPatient-example-1"/>
        </subject>
        <encounter>
          <reference value="Encounter/VerlaufExample"/>
        </encounter>
        <effectiveDateTime value="2024-05-27T12:00:00Z"/>
        <valueCodeableConcept>
          <coding>
            <system value="http://idg-rlp.de/fhir/tumorkonferenzen/CodeSystem/perineurale-invasion-cs"/>
            <code value="PN0"/>
            <display value="Keine perineurale Invasion"/>
          </coding>
        </valueCodeableConcept>
      </Observation>
    </resource>
  </entry>
  <entry>
    <resource>
      <Observation>
        <id value="TNMSKategorieExample"/>
        <meta>
          <profile value="http://idg-rlp.de/fhir/tumorkonferenzen/StructureDefinition/TNMSKategorie"/>
        </meta>
        <text>
          <status value="generated"/><div xmlns="http://www.w3.org/1999/xhtml"><a name="Observation_TNMSKategorieExample"> </a><p><b>Generated Narrative: Observation</b><a name="TNMSKategorieExample"> </a><a name="hcTNMSKategorieExample"> </a></p><div style="display: inline-block; background-color: #d9e0e7; padding: 6px; margin: 4px; border: 1px solid #8da1b4; border-radius: 5px; line-height: 60%"><p style="margin-bottom: 0px">Resource Observation &quot;TNMSKategorieExample&quot; </p><p style="margin-bottom: 0px">Profile: <a href="StructureDefinition-TNMSKategorie.html">TNMSKategorie</a></p></div><p><b>status</b>: final</p><p><b>code</b>: Serum tumor marker category (observable entity) <span style="background: LightGoldenRodYellow; margin: 4px; border: 1px solid khaki"> (<a href="https://browser.ihtsdotools.org/">SNOMED CT</a>#399424006)</span></p><p><b>subject</b>: See on this page: Patient/TumorPatient-example-1</p><p><b>encounter</b>: <a href="Encounter-VerlaufExample.html">Encounter/VerlaufExample</a></p><p><b>effective</b>: 2024-05-27 12:00:00+0000</p><p><b>value</b>: S0 <span style="background: LightGoldenRodYellow; margin: 4px; border: 1px solid khaki"> (<a href="CodeSystem-SerumTumorMarkerUICCCS.html">SerumTumorMarkerUICCCS</a>#S0)</span></p></div>
        </text>
        <status value="final"/>
        <code>
          <coding>
            <system value="http://snomed.info/sct"/>
            <code value="399424006"/>
            <display value="Serum tumor marker category (observable entity)"/>
          </coding>
        </code>
        <subject>
          <reference value="Patient/TumorPatient-example-1"/>
        </subject>
        <encounter>
          <reference value="Encounter/VerlaufExample"/>
        </encounter>
        <effectiveDateTime value="2024-05-27T12:00:00Z"/>
        <valueCodeableConcept>
          <coding>
            <system value="http://idg-rlp.de/fhir/tumorkonferenzen/CodeSystem/SerumTumorMarkerUICCCS"/>
            <code value="S0"/>
            <display value="S0"/>
          </coding>
        </valueCodeableConcept>
      </Observation>
    </resource>
  </entry>
  <entry>
    <resource>
      <Observation>
        <id value="TumorkonferenzFragestellungExample"/>
        <meta>
          <profile value="http://idg-rlp.de/fhir/tumorkonferenzen/StructureDefinition/tumorkonferenz-fragestellung"/>
        </meta>
        <text>
          <status value="generated"/><div xmlns="http://www.w3.org/1999/xhtml"><a name="Observation_TumorkonferenzFragestellungExample"> </a><p><b>Generated Narrative: Observation</b><a name="TumorkonferenzFragestellungExample"> </a><a name="hcTumorkonferenzFragestellungExample"> </a></p><div style="display: inline-block; background-color: #d9e0e7; padding: 6px; margin: 4px; border: 1px solid #8da1b4; border-radius: 5px; line-height: 60%"><p style="margin-bottom: 0px">Resource Observation &quot;TumorkonferenzFragestellungExample&quot; </p><p style="margin-bottom: 0px">Profile: <a href="StructureDefinition-tumorkonferenz-fragestellung.html">TumorkonferenzFragestellung</a></p></div><p><b>status</b>: final</p><p><b>code</b>: Request for <span style="background: LightGoldenRodYellow; margin: 4px; border: 1px solid khaki"> (<a href="https://browser.ihtsdotools.org/">SNOMED CT</a>#103320006)</span></p><p><b>subject</b>: <a href="https://simplifier.net/resolve?scope=de.basisprofil.r4@1.5.0-ballot2&amp;canonical=http://fhir.org/packages/de.basisprofil.r4/Patient/example-tumor-patient">Patient/example-tumor-patient</a></p><p><b>encounter</b>: <a href="https://simplifier.net/resolve?scope=de.basisprofil.r4@1.5.0-ballot2&amp;canonical=http://fhir.org/packages/de.basisprofil.r4/Encounter/example-tumorkonferenz">Encounter/example-tumorkonferenz</a></p><p><b>value</b>: Request for discussion in tumor board regarding treatment options.</p></div>
        </text>
        <status value="final"/>
        <code>
          <coding>
            <system value="http://snomed.info/sct"/>
            <code value="103320006"/>
            <display value="Request for"/>
          </coding>
        </code>
        <subject>
          <reference value="Patient/example-tumor-patient"/>
        </subject>
        <encounter>
          <reference value="Encounter/example-tumorkonferenz"/>
        </encounter>
        <valueString value="Request for discussion in tumor board regarding treatment options."/>
      </Observation>
    </resource>
  </entry>
</Bundle>