<?xml version="1.0" encoding="UTF-8"?>

<CodeSystem xmlns="http://hl7.org/fhir">
  <id value="ResidualstatusCS"/>
  <text>
    <status value="generated"/><div xmlns="http://www.w3.org/1999/xhtml"><p>This  code system <code>http://idg-rlp.de/fhir/tumorkonferenzen/CodeSystem/ResidualstatusCS</code> defines the following codes:</p><table class="codes"><tr><td style="white-space:nowrap"><b>Code</b></td><td><b>Display</b></td></tr><tr><td style="white-space:nowrap">R0<a name="ResidualstatusCS-R0"> </a></td><td>Kein Residualtumor</td></tr><tr><td style="white-space:nowrap">R1<a name="ResidualstatusCS-R1"> </a></td><td>Mikroskopischer Residualtumor</td></tr><tr><td style="white-space:nowrap">R1(is)<a name="ResidualstatusCS-R1.40is.41"> </a></td><td>In-Situ-Rest</td></tr><tr><td style="white-space:nowrap">R1(cy+)<a name="ResidualstatusCS-R1.40cy.43.41"> </a></td><td>Cytologischer Rest</td></tr><tr><td style="white-space:nowrap">R2<a name="ResidualstatusCS-R2"> </a></td><td>Makroskopischer Residualtumor</td></tr><tr><td style="white-space:nowrap">RX<a name="ResidualstatusCS-RX"> </a></td><td>Vorhandensein von Residualtumor kann nicht beurteilt werden</td></tr><tr><td style="white-space:nowrap">U<a name="ResidualstatusCS-U"> </a></td><td>Residualtumorstatus ist nicht bekannt</td></tr></table></div>
  </text>
  <url value="http://idg-rlp.de/fhir/tumorkonferenzen/CodeSystem/ResidualstatusCS"/>
  <version value="0.1.0"/>
  <name value="ResidualstatusCS"/>
  <title value="Onkologie Residualstatus CS"/>
  <status value="draft"/>
  <date value="2024-05-22T07:04:28+00:00"/>
  <publisher value="IDG Institut für digitale Gesundheitsdaten RLP gGmbH"/>
  <contact>
    <name value="IDG Institut für digitale Gesundheitsdaten RLP gGmbH"/>
    <telecom>
      <system value="url"/>
      <value value="https://www.idg-rlp.de/"/>
    </telecom>
    <telecom>
      <system value="email"/>
      <value value="info@idg-rlp.de"/>
    </telecom>
  </contact>
  <description value="oBDS-spezifisches Codesystem für R-Klassifikation"/>
  <content value="complete"/>
  <count value="7"/>
  <concept>
    <code value="R0"/>
    <display value="Kein Residualtumor"/>
  </concept>
  <concept>
    <code value="R1"/>
    <display value="Mikroskopischer Residualtumor"/>
  </concept>
  <concept>
    <code value="R1(is)"/>
    <display value="In-Situ-Rest"/>
  </concept>
  <concept>
    <code value="R1(cy+)"/>
    <display value="Cytologischer Rest"/>
  </concept>
  <concept>
    <code value="R2"/>
    <display value="Makroskopischer Residualtumor"/>
  </concept>
  <concept>
    <code value="RX"/>
    <display value="Vorhandensein von Residualtumor kann nicht beurteilt werden"/>
  </concept>
  <concept>
    <code value="U"/>
    <display value="Residualtumorstatus ist nicht bekannt"/>
  </concept>
</CodeSystem>