<?xml version="1.0" encoding="UTF-8"?>

<CodeSystem xmlns="http://hl7.org/fhir">
  <id value="krebsstadium-cs"/>
  <text>
    <status value="generated"/><div xmlns="http://www.w3.org/1999/xhtml"><p>This  code system <code>http://idg-rlp.de/fhir/tumorkonferenzen/CodeSystem/krebsstadium-cs</code> defines the following codes:</p><table class="codes"><tr><td style="white-space:nowrap"><b>Code</b></td><td><b>Display</b></td></tr><tr><td style="white-space:nowrap">stadium0<a name="krebsstadium-cs-stadium0"> </a></td><td>Stadium 0: Tumore ohne Ausbreitung in das Bindegewebe unterhalb der Darmschleimhaut, ohne Lymphknotenbefall und Metastasen</td></tr><tr><td style="white-space:nowrap">stadiumI<a name="krebsstadium-cs-stadiumI"> </a></td><td>Stadium I: Kleine und mittelgroße Tumore (T1, T2) ohne Lymphknotenbefall und Metastasen</td></tr><tr><td style="white-space:nowrap">stadiumII<a name="krebsstadium-cs-stadiumII"> </a></td><td>Stadium II: Mittelgroße bis große Tumore (T3, T4) ohne Lymphknotenbefall und Metastasen</td></tr><tr><td style="white-space:nowrap">stadiumIII<a name="krebsstadium-cs-stadiumIII"> </a></td><td>Stadium III: Tumore jeder Größe mit Metastasen in 1-4 Lymphknoten in der Umgebung ohne Fern-Metastasen</td></tr><tr><td style="white-space:nowrap">stadiumIV<a name="krebsstadium-cs-stadiumIV"> </a></td><td>Stadium IV: Tumore jeder Größe mit Metastasen in 1-4 Lymphknoten in der Umgebung mit Fern-Metastasen</td></tr></table></div>
  </text>
  <url value="http://idg-rlp.de/fhir/tumorkonferenzen/CodeSystem/krebsstadium-cs"/>
  <version value="0.1.0"/>
  <name value="KrebsstadiumCS"/>
  <title value="Krebsstadium CodeSystem"/>
  <status value="draft"/>
  <date value="2024-04-08T16:49:27+00:00"/>
  <publisher value="IDG Institut für digitale Gesundheitsdaten RLP gGmbH"/>
  <contact>
    <name value="IDG Institut für digitale Gesundheitsdaten RLP gGmbH"/>
    <telecom>
      <system value="url"/>
      <value value="https://www.idg-rlp.de/"/>
    </telecom>
    <telecom>
      <system value="email"/>
      <value value="info@idg-rlp.de"/>
    </telecom>
  </contact>
  <description value="KrebsstadiumCS"/>
  <content value="complete"/>
  <count value="5"/>
  <concept>
    <code value="stadium0"/>
    <display value="Stadium 0: Tumore ohne Ausbreitung in das Bindegewebe unterhalb der Darmschleimhaut, ohne Lymphknotenbefall und Metastasen"/>
  </concept>
  <concept>
    <code value="stadiumI"/>
    <display value="Stadium I: Kleine und mittelgroße Tumore (T1, T2) ohne Lymphknotenbefall und Metastasen"/>
  </concept>
  <concept>
    <code value="stadiumII"/>
    <display value="Stadium II: Mittelgroße bis große Tumore (T3, T4) ohne Lymphknotenbefall und Metastasen"/>
  </concept>
  <concept>
    <code value="stadiumIII"/>
    <display value="Stadium III: Tumore jeder Größe mit Metastasen in 1-4 Lymphknoten in der Umgebung ohne Fern-Metastasen"/>
  </concept>
  <concept>
    <code value="stadiumIV"/>
    <display value="Stadium IV: Tumore jeder Größe mit Metastasen in 1-4 Lymphknoten in der Umgebung mit Fern-Metastasen"/>
  </concept>
</CodeSystem>