<?xml version="1.0" encoding="UTF-8"?>

<EpisodeOfCare xmlns="http://hl7.org/fhir">
  <id value="TumorErkrankungExample"/>
  <meta>
    <profile value="http://idg-rlp.de/fhir/tumorkonferenzen/StructureDefinition/tumorErkrankung"/>
  </meta>
  <text>
    <status value="generated"/><div xmlns="http://www.w3.org/1999/xhtml"><p class="res-header-id"><b>Generated Narrative: EpisodeOfCare TumorErkrankungExample</b></p><a name="TumorErkrankungExample"> </a><a name="hcTumorErkrankungExample"> </a><a name="TumorErkrankungExample-en-US"> </a><p><b>status</b>: Active</p><p><b>type</b>: <span title="Codes:{http://ncicb.nci.nih.gov/xml/owl/EVS/Thesaurus.owl C16213}">Cancer Diagnosis</span></p><h3>Diagnoses</h3><table class="grid"><tr><td style="display: none">-</td><td><b>Condition</b></td><td><b>Role</b></td></tr><tr><td style="display: none">*</td><td><a href="Condition-ICD10GM-DiagnoseExample.html">Condition Bösartige Neubildung der Bronchien und der Lunge: Hauptbronchus</a></td><td><span title="Codes:{http://terminology.hl7.org/CodeSystem/diagnosis-role CC}">Chief complaint</span></td></tr></table><p><b>patient</b>: <a href="Patient-TumorPatient-example-1.html">Martina Mustermann (official) Female, DoB: 1965-04-03 ( Gesetzliche Krankenversicherung)</a></p></div>
  </text>
  <status value="active"/>
  <type>
    <coding>
      <system value="http://ncicb.nci.nih.gov/xml/owl/EVS/Thesaurus.owl"/>
      <code value="C16213"/>
      <display value="Cancer Diagnosis"/>
    </coding>
  </type>
  <diagnosis>
    <condition>
      <reference value="Condition/ICD10GM-DiagnoseExample"/>
    </condition>
    <role>
      <coding>
        <system value="http://terminology.hl7.org/CodeSystem/diagnosis-role"/>
        <code value="CC"/>
      </coding>
    </role>
  </diagnosis>
  <patient>
    <reference value="Patient/TumorPatient-example-1"/>
  </patient>
</EpisodeOfCare>