<?xml version="1.0" encoding="UTF-8"?>

<Observation xmlns="http://hl7.org/fhir">
  <id value="TNMPnKategorieExample"/>
  <meta>
    <profile value="http://idg-rlp.de/fhir/tumorkonferenzen/StructureDefinition/TNMPnKategorie"/>
  </meta>
  <text>
    <status value="generated"/><div xmlns="http://www.w3.org/1999/xhtml"><p class="res-header-id"><b>Generated Narrative: Observation TNMPnKategorieExample</b></p><a name="TNMPnKategorieExample"> </a><a name="hcTNMPnKategorieExample"> </a><a name="TNMPnKategorieExample-en-US"> </a><p><b>status</b>: Final</p><p><b>code</b>: <span title="Codes:{http://loinc.org 92837-4}">Perineural invasion [Presence] in Cancer specimen</span></p><p><b>subject</b>: <a href="Patient-TumorPatient-example-1.html">Martina Mustermann (official) Female, DoB: 1965-04-03 ( Gesetzliche Krankenversicherung)</a></p><p><b>encounter</b>: <a href="Encounter-VerlaufExample.html">Encounter: status = final; class = virtual (ActCode#VR); type = Cancer follow-up visit; period = 2023-04-05 08:00:00+0000 --&gt; (ongoing)</a></p><p><b>effective</b>: 2024-05-27 12:00:00+0000</p><p><b>value</b>: <span title="Codes:{http://idg-rlp.de/fhir/tumorkonferenzen/CodeSystem/perineurale-invasion-cs PN0}">Keine perineurale Invasion</span></p></div>
  </text>
  <status value="final"/>
  <code>
    <coding>
      <system value="http://loinc.org"/>
      <code value="92837-4"/>
      <display value="Perineural invasion [Presence] in Cancer specimen"/>
    </coding>
  </code>
  <subject>
    <reference value="Patient/TumorPatient-example-1"/>
  </subject>
  <encounter>
    <reference value="Encounter/VerlaufExample"/>
  </encounter>
  <effectiveDateTime value="2024-05-27T12:00:00Z"/>
  <valueCodeableConcept>
    <coding>
      <system value="http://idg-rlp.de/fhir/tumorkonferenzen/CodeSystem/perineurale-invasion-cs"/>
      <code value="PN0"/>
      <display value="Keine perineurale Invasion"/>
    </coding>
  </valueCodeableConcept>
</Observation>