<?xml version="1.0" encoding="UTF-8"?>

<Observation xmlns="http://hl7.org/fhir">
  <id value="GradingExample"/>
  <meta>
    <profile value="https://www.medizininformatik-initiative.de/fhir/ext/modul-onko/StructureDefinition/mii-pr-onko-grading"/>
  </meta>
  <text>
    <status value="generated"/><div xmlns="http://www.w3.org/1999/xhtml"><p class="res-header-id"><b>Generated Narrative: Observation GradingExample</b></p><a name="GradingExample"> </a><a name="hcGradingExample"> </a><a name="GradingExample-en-US"> </a><p><b>status</b>: Final</p><p><b>category</b>: <span title="Codes:{http://terminology.hl7.org/CodeSystem/observation-category laboratory}">Laboratory</span></p><p><b>code</b>: <span title="Codes:{http://loinc.org 33732-9}">Histology grade [Identifier] in Cancer specimen</span></p><p><b>subject</b>: <a href="Bundle-AnmeldeBundleMinimalFreitextLunge-Example.html#Patient_TumorPatientExample">Bundle: type = collection</a></p><p><b>effective</b>: 2022-04-21</p><p><b>value</b>: <span title="Codes:{https://www.medizininformatik-initiative.de/fhir/ext/modul-onko/CodeSystem/mii-cs-onko-grading 3}">schlecht differenziert</span></p></div>
  </text>
  <status value="final"/>
  <category>
    <coding>
      <system value="http://terminology.hl7.org/CodeSystem/observation-category"/>
      <code value="laboratory"/>
    </coding>
  </category>
  <code>
    <coding>
      <system value="http://loinc.org"/>
      <code value="33732-9"/>
      <display value="Histology grade [Identifier] in Cancer specimen"/>
    </coding>
  </code>
  <subject>
    <reference value="Patient/TumorPatientExample"/>
  </subject>
  <effectiveDateTime value="2022-04-21"/>
  <valueCodeableConcept>
    <coding>
      <system value="https://www.medizininformatik-initiative.de/fhir/ext/modul-onko/CodeSystem/mii-cs-onko-grading"/>
      <code value="3"/>
    </coding>
  </valueCodeableConcept>
</Observation>