<?xml version="1.0" encoding="UTF-8"?>

<Observation xmlns="http://hl7.org/fhir">
  <id value="TNMStageGroupClinicalExample"/>
  <meta>
    <profile value="http://idg-rlp.de/fhir/tumorkonferenzen/StructureDefinition/tnm-stage-group"/>
  </meta>
  <text>
    <status value="generated"/><div xmlns="http://www.w3.org/1999/xhtml"><p class="res-header-id"><b>Generated Narrative: Observation TNMStageGroupClinicalExample</b></p><a name="TNMStageGroupClinicalExample"> </a><a name="hcTNMStageGroupClinicalExample"> </a><a name="TNMStageGroupClinicalExample-en-US"> </a><p><b>status</b>: Final</p><p><b>code</b>: <span title="Codes:{http://loinc.org 21908-9}">Stage group.clinical Cancer</span></p><p><b>subject</b>: <a href="Patient-TumorPatient-example-1.html">Martina Mustermann (official) Female, DoB: 1965-04-03 ( Gesetzliche Krankenversicherung)</a></p><p><b>focus</b>: <a href="https://simplifier.net/resolve?scope=de.basisprofil.r4@1.5.0&amp;canonical=http://fhir.org/packages/de.basisprofil.r4/Condition/example">??</a></p><p><b>effective</b>: 2024-05-27 12:00:00+0000</p><p><b>value</b>: <span title="Codes:{https://www.uicc.org/resources/tnm II}">Stadium II</span></p><p><b>method</b>: <span title="Codes:{http://snomed.info/sct 443830009}">Example TNM Staging Method</span></p><p><b>hasMember</b>: </p><ul><li><a href="https://simplifier.net/resolve?scope=de.basisprofil.r4@1.5.0&amp;canonical=http://fhir.org/packages/de.basisprofil.r4/Observation/tnm-primary-tumor-category">TNM Primary Tumor Category</a></li><li><a href="https://simplifier.net/resolve?scope=de.basisprofil.r4@1.5.0&amp;canonical=http://fhir.org/packages/de.basisprofil.r4/Observation/tnm-regional-nodes-category">TNM Regional Nodes Category</a></li><li><a href="https://simplifier.net/resolve?scope=de.basisprofil.r4@1.5.0&amp;canonical=http://fhir.org/packages/de.basisprofil.r4/Observation/tnm-distant-metastases-category">TNM Distant Metastases Category</a></li><li><a href="https://simplifier.net/resolve?scope=de.basisprofil.r4@1.5.0&amp;canonical=http://fhir.org/packages/de.basisprofil.r4/Observation/tnm-y-symbol">TNM Y Symbol</a></li><li><a href="https://simplifier.net/resolve?scope=de.basisprofil.r4@1.5.0&amp;canonical=http://fhir.org/packages/de.basisprofil.r4/Observation/tnm-r-symbol">TNM R Symbol</a></li><li><a href="https://simplifier.net/resolve?scope=de.basisprofil.r4@1.5.0&amp;canonical=http://fhir.org/packages/de.basisprofil.r4/Observation/tnm-a-symbol">TNM A Symbol</a></li><li><a href="https://simplifier.net/resolve?scope=de.basisprofil.r4@1.5.0&amp;canonical=http://fhir.org/packages/de.basisprofil.r4/Observation/tnm-m-symbol">TNM M Symbol</a></li><li><a href="https://simplifier.net/resolve?scope=de.basisprofil.r4@1.5.0&amp;canonical=http://fhir.org/packages/de.basisprofil.r4/Observation/tnm-l-kategorie">TNM L Kategorie</a></li><li><a href="https://simplifier.net/resolve?scope=de.basisprofil.r4@1.5.0&amp;canonical=http://fhir.org/packages/de.basisprofil.r4/Observation/tnm-v-kategorie">TNM V Kategorie</a></li><li><a href="https://simplifier.net/resolve?scope=de.basisprofil.r4@1.5.0&amp;canonical=http://fhir.org/packages/de.basisprofil.r4/Observation/tnm-pn-kategorie">TNM Pn Kategorie</a></li><li><a href="https://simplifier.net/resolve?scope=de.basisprofil.r4@1.5.0&amp;canonical=http://fhir.org/packages/de.basisprofil.r4/Observation/tnm-s-kategorie">TNM S Kategorie</a></li></ul></div>
  </text>
  <status value="final"/>
  <code>
    <coding>
      <system value="http://loinc.org"/>
      <code value="21908-9"/>
      <display value="Stage group.clinical Cancer"/>
    </coding>
  </code>
  <subject>
    <reference value="Patient/TumorPatient-example-1"/>
  </subject>
  <focus>
    <reference value="Condition/example"/>
  </focus>
  <effectiveDateTime value="2024-05-27T12:00:00Z"/>
  <valueCodeableConcept>
    <coding>
      <system value="https://www.uicc.org/resources/tnm"/>
      <code value="II"/>
      <display value="Stadium II"/>
    </coding>
  </valueCodeableConcept>
  <method>
    <coding>
      <system value="http://snomed.info/sct"/>
      <code value="443830009"/>
      <display value="American Joint Commission on Cancer, Cancer Staging Manual, 7th edition neoplasm staging system (tumor staging)"/>
    </coding>
    <text value="Example TNM Staging Method"/>
  </method>
  <hasMember>
    <reference value="Observation/tnm-primary-tumor-category"/>
    <display value="TNM Primary Tumor Category"/>
  </hasMember>
  <hasMember>
    <reference value="Observation/tnm-regional-nodes-category"/>
    <display value="TNM Regional Nodes Category"/>
  </hasMember>
  <hasMember>
    <reference value="Observation/tnm-distant-metastases-category"/>
    <display value="TNM Distant Metastases Category"/>
  </hasMember>
  <hasMember>
    <reference value="Observation/tnm-y-symbol"/>
    <display value="TNM Y Symbol"/>
  </hasMember>
  <hasMember>
    <reference value="Observation/tnm-r-symbol"/>
    <display value="TNM R Symbol"/>
  </hasMember>
  <hasMember>
    <reference value="Observation/tnm-a-symbol"/>
    <display value="TNM A Symbol"/>
  </hasMember>
  <hasMember>
    <reference value="Observation/tnm-m-symbol"/>
    <display value="TNM M Symbol"/>
  </hasMember>
  <hasMember>
    <reference value="Observation/tnm-l-kategorie"/>
    <display value="TNM L Kategorie"/>
  </hasMember>
  <hasMember>
    <reference value="Observation/tnm-v-kategorie"/>
    <display value="TNM V Kategorie"/>
  </hasMember>
  <hasMember>
    <reference value="Observation/tnm-pn-kategorie"/>
    <display value="TNM Pn Kategorie"/>
  </hasMember>
  <hasMember>
    <reference value="Observation/tnm-s-kategorie"/>
    <display value="TNM S Kategorie"/>
  </hasMember>
</Observation>