<?xml version="1.0" encoding="UTF-8"?>

<Observation xmlns="http://hl7.org/fhir">
  <id value="UntersuchteLymphknotenExample"/>
  <meta>
    <profile value="https://www.medizininformatik-initiative.de/fhir/ext/modul-onko/StructureDefinition/mii-pr-onko-anzahl-untersuchte-lymphknoten"/>
  </meta>
  <text>
    <status value="generated"/><div xmlns="http://www.w3.org/1999/xhtml"><p class="res-header-id"><b>Generated Narrative: Observation UntersuchteLymphknotenExample</b></p><a name="UntersuchteLymphknotenExample"> </a><a name="hcUntersuchteLymphknotenExample"> </a><a name="UntersuchteLymphknotenExample-en-US"> </a><p><b>status</b>: Final</p><p><b>category</b>: <span title="Codes:{http://terminology.hl7.org/CodeSystem/observation-category laboratory}">Laboratory</span></p><p><b>code</b>: <span title="Codes:{http://loinc.org 21894-1}">Regional lymph nodes examined [#] Specimen</span></p><p><b>subject</b>: <a href="Bundle-AnmeldeBundleMinimalFreitextLunge-Example.html#Patient_TumorPatientExample">Bundle: type = collection</a></p><p><b>effective</b>: 2024-01-11</p><p><b>value</b>: 23 #<span style="background: LightGoldenRodYellow"> (Details: UCUM  code1 = '1')</span></p></div>
  </text>
  <status value="final"/>
  <category>
    <coding>
      <system value="http://terminology.hl7.org/CodeSystem/observation-category"/>
      <code value="laboratory"/>
    </coding>
  </category>
  <code>
    <coding>
      <system value="http://loinc.org"/>
      <code value="21894-1"/>
      <display value="Regional lymph nodes examined [#] Specimen"/>
    </coding>
  </code>
  <subject>
    <reference value="Patient/TumorPatientExample"/>
  </subject>
  <effectiveDateTime value="2024-01-11"/>
  <valueQuantity>
    <value value="23"/>
    <unit value="#"/>
    <system value="http://unitsofmeasure.org"/>
    <code value="1"/>
  </valueQuantity>
</Observation>