<?xml version="1.0" encoding="UTF-8"?>

<Observation xmlns="http://hl7.org/fhir">
  <id value="GradingExample"/>
  <meta>
    <profile value="http://idg-rlp.de/fhir/tumorkonferenzen/StructureDefinition/grading"/>
  </meta>
  <text>
    <status value="generated"/><div xmlns="http://www.w3.org/1999/xhtml"><p class="res-header-id"><b>Generated Narrative: Observation GradingExample</b></p><a name="GradingExample"> </a><a name="hcGradingExample"> </a><a name="GradingExample-en-US"> </a><p><b>status</b>: Final</p><p><b>code</b>: <span title="Codes:{http://loinc.org 33732-9}">Histology grade [Identifier] in Cancer specimen</span></p><p><b>subject</b>: <a href="Patient-TumorPatient-example-1.html">Martina Mustermann (official) Female, DoB: 1965-04-03 ( Gesetzliche Krankenversicherung)</a></p><p><b>encounter</b>: <a href="Encounter-VerlaufExample.html">Encounter: status = final; class = virtual (ActCode#VR); type = Cancer follow-up visit; period = 2023-04-05 08:00:00+0000 --&gt; (ongoing)</a></p><p><b>effective</b>: 2023-04-05 14:30:00+0000</p><p><b>value</b>: <span title="Codes:{http://idg-rlp.de/fhir/tumorkonferenzen/CodeSystem/HistoGradeCS 2}">Mäßig differenziert</span></p></div>
  </text>
  <status value="final"/>
  <code>
    <coding>
      <system value="http://loinc.org"/>
      <code value="33732-9"/>
      <display value="Histology grade [Identifier] in Cancer specimen"/>
    </coding>
  </code>
  <subject>
    <reference value="Patient/TumorPatient-example-1"/>
  </subject>
  <encounter>
    <reference value="Encounter/VerlaufExample"/>
  </encounter>
  <effectiveDateTime value="2023-04-05T14:30:00Z"/>
  <valueCodeableConcept>
    <coding>
      <system value="http://idg-rlp.de/fhir/tumorkonferenzen/CodeSystem/HistoGradeCS"/>
      <code value="2"/>
      <display value="Mäßig differenziert"/>
    </coding>
  </valueCodeableConcept>
</Observation>