<?xml version="1.0" encoding="UTF-8"?>

<Observation xmlns="http://hl7.org/fhir">
  <id value="HistologieLymphknotenExample"/>
  <meta>
    <profile value="http://idg-rlp.de/fhir/tumorkonferenzen/StructureDefinition/HistologieLymphknoten"/>
  </meta>
  <text>
    <status value="generated"/><div xmlns="http://www.w3.org/1999/xhtml"><p class="res-header-id"><b>Generated Narrative: Observation HistologieLymphknotenExample</b></p><a name="HistologieLymphknotenExample"> </a><a name="hcHistologieLymphknotenExample"> </a><a name="HistologieLymphknotenExample-en-US"> </a><p><b>status</b>: Final</p><p><b>code</b>: <span title="Codes:{http://snomed.info/sct 364108009}">Lymph node observable</span></p><p><b>subject</b>: <a href="https://simplifier.net/resolve?scope=de.basisprofil.r4@1.5.0&amp;canonical=http://fhir.org/packages/de.basisprofil.r4/TumorPatientExample">??</a></p><p><b>encounter</b>: <a href="Encounter-VerlaufExample.html">Encounter: status = final; class = virtual (ActCode#VR); type = Cancer follow-up visit; period = 2023-04-05 08:00:00+0000 --&gt; (ongoing)</a></p><p><b>effective</b>: 2023-04-05 14:30:00+0000</p><blockquote><p><b>component</b></p><p><b>code</b>: <span title="Codes:{http://loinc.org 21894-1}">Regional lymph nodes examined [#] Specimen</span></p><p><b>value</b>: 15</p></blockquote><blockquote><p><b>component</b></p><p><b>code</b>: <span title="Codes:{http://loinc.org 21893-3}">Regional lymph nodes positive [#] Specimen</span></p><p><b>value</b>: 3</p></blockquote><blockquote><p><b>component</b></p><p><b>code</b>: <span title="Codes:{http://snomed.info/sct 444411008}">Number of sentinel lymph nodes examined</span></p><p><b>value</b>: 5</p></blockquote><blockquote><p><b>component</b></p><p><b>code</b>: <span title="Codes:{http://snomed.info/sct 1264491009}">Number of sentinel lymph nodes containing metastatic neoplasm in excised specimen</span></p><p><b>value</b>: 1</p></blockquote><blockquote><p><b>component</b></p><p><b>code</b>: <span title="Codes:{http://snomed.info/sct 371524004}">Clinical report</span></p><p><b>value</b>: Befundtext</p></blockquote></div>
  </text>
  <status value="final"/>
  <code>
    <coding>
      <system value="http://snomed.info/sct"/>
      <code value="364108009"/>
      <display value="Lymph node observable"/>
    </coding>
  </code>
  <subject>
    <reference value="TumorPatientExample"/>
  </subject>
  <encounter>
    <reference value="Encounter/VerlaufExample"/>
  </encounter>
  <effectiveDateTime value="2023-04-05T14:30:00Z"/>
  <component>
    <code>
      <coding>
        <system value="http://loinc.org"/>
        <code value="21894-1"/>
      </coding>
    </code>
    <valueInteger value="15"/>
  </component>
  <component>
    <code>
      <coding>
        <system value="http://loinc.org"/>
        <code value="21893-3"/>
      </coding>
    </code>
    <valueInteger value="3"/>
  </component>
  <component>
    <code>
      <coding>
        <system value="http://snomed.info/sct"/>
        <code value="444411008"/>
      </coding>
    </code>
    <valueInteger value="5"/>
  </component>
  <component>
    <code>
      <coding>
        <system value="http://snomed.info/sct"/>
        <code value="1264491009"/>
      </coding>
    </code>
    <valueInteger value="1"/>
  </component>
  <component>
    <code>
      <coding>
        <system value="http://snomed.info/sct"/>
        <code value="371524004"/>
      </coding>
    </code>
    <valueString value="Befundtext"/>
  </component>
</Observation>