<?xml version="1.0" encoding="UTF-8"?>

<Observation xmlns="http://hl7.org/fhir">
  <id value="Histologie-Example"/>
  <meta>
    <profile value="http://idg-rlp.de/fhir/tumorkonferenzen/StructureDefinition/histologie"/>
  </meta>
  <text>
    <status value="generated"/><div xmlns="http://www.w3.org/1999/xhtml"><p class="res-header-id"><b>Generated Narrative: Observation Histologie-Example</b></p><a name="Histologie-Example"> </a><a name="hcHistologie-Example"> </a><a name="Histologie-Example-en-US"> </a><p><b>status</b>: Final</p><p><b>code</b>: <span title="Codes:{http://loinc.org 59847-4}">Freitext</span></p><p><b>subject</b>: <a href="Patient-TumorPatient-example-1.html">Martina Mustermann (official) Female, DoB: 1965-04-03 ( Gesetzliche Krankenversicherung)</a></p><p><b>focus</b>: <a href="Specimen-Tumor-Example.html">Specimen: identifier = http://example.org/identifier#1234567890</a></p></div>
  </text>
  <status value="final"/>
  <code>
    <coding>
      <system value="http://terminology.hl7.org/CodeSystem/icd-o-3"/>
    </coding>
    <coding>
      <system value="http://loinc.org"/>
      <code value="59847-4"/>
    </coding>
    <text value="Freitext"/>
  </code>
  <subject>
    <reference value="Patient/TumorPatient-example-1"/>
  </subject>
  <focus>
    <reference value="Specimen/Tumor-Example"/>
  </focus>
</Observation>