<?xml version="1.0" encoding="UTF-8"?>

<Observation xmlns="http://hl7.org/fhir">
  <id value="TNMVKategorieExample"/>
  <meta>
    <profile value="http://idg-rlp.de/fhir/tumorkonferenzen/StructureDefinition/TNMVKategorie"/>
  </meta>
  <text>
    <status value="generated"/><div xmlns="http://www.w3.org/1999/xhtml"><p><b>Generated Narrative: Observation</b><a name="TNMVKategorieExample"> </a><a name="hcTNMVKategorieExample"> </a></p><div style="display: inline-block; background-color: #d9e0e7; padding: 6px; margin: 4px; border: 1px solid #8da1b4; border-radius: 5px; line-height: 60%"><p style="margin-bottom: 0px">Resource Observation &quot;TNMVKategorieExample&quot; </p><p style="margin-bottom: 0px">Profile: <a href="StructureDefinition-TNMVKategorie.html">TNMVKategorie</a></p></div><p><b>status</b>: final</p><p><b>code</b>: Venous.large vessel.invasion [Identifier] in Specimen by CAP cancer protocols <span style="background: LightGoldenRodYellow; margin: 4px; border: 1px solid khaki"> (<a href="https://loinc.org/">LOINC</a>#33740-2)</span></p><p><b>subject</b>: <a href="Patient-TumorPatient-example-1.html">Patient/TumorPatient-example-1</a> &quot; MUSTERMANN&quot;</p><p><b>encounter</b>: <a href="Encounter-VerlaufExample.html">Encounter/VerlaufExample</a></p><p><b>effective</b>: 2024-05-27 12:00:00+0000</p><p><b>value</b>: Keine Veneninvasion <span style="background: LightGoldenRodYellow; margin: 4px; border: 1px solid khaki"> (<a href="CodeSystem-veneninvasion-cs.html">Veneninvasion CodeSystem</a>#V0)</span></p></div>
  </text>
  <status value="final"/>
  <code>
    <coding>
      <system value="http://loinc.org"/>
      <code value="33740-2"/>
      <display value="Venous.large vessel.invasion [Identifier] in Specimen by CAP cancer protocols"/>
    </coding>
  </code>
  <subject>
    <reference value="Patient/TumorPatient-example-1"/>
  </subject>
  <encounter>
    <reference value="Encounter/VerlaufExample"/>
  </encounter>
  <effectiveDateTime value="2024-05-27T12:00:00Z"/>
  <valueCodeableConcept>
    <coding>
      <system value="http://idg-rlp.de/fhir/tumorkonferenzen/CodeSystem/veneninvasion-cs"/>
      <code value="V0"/>
      <display value="Keine Veneninvasion"/>
    </coding>
  </valueCodeableConcept>
</Observation>