<?xml version="1.0" encoding="UTF-8"?>

<Observation xmlns="http://hl7.org/fhir">
  <id value="tnm-clinical-regional-nodes-category-cN3"/>
  <meta>
    <profile value="http://idg-rlp.de/fhir/tumorkonferenzen/StructureDefinition/tnm-regional-nodes-category"/>
  </meta>
  <text>
    <status value="generated"/><div xmlns="http://www.w3.org/1999/xhtml"><p class="res-header-id"><b>Generated Narrative: Observation tnm-clinical-regional-nodes-category-cN3</b></p><a name="tnm-clinical-regional-nodes-category-cN3"> </a><a name="hctnm-clinical-regional-nodes-category-cN3"> </a><a name="tnm-clinical-regional-nodes-category-cN3-en-US"> </a><p><b>status</b>: Final</p><p><b>code</b>: <span title="Codes:{http://snomed.info/sct 399534004}">cN category</span></p><p><b>subject</b>: <a href="https://simplifier.net/resolve?scope=de.basisprofil.r4@1.5.0&amp;canonical=http://fhir.org/packages/de.basisprofil.r4/Patient/cancer-patient-john-anyperson">??</a></p><p><b>effective</b>: 2019-04-01</p><p><b>performer</b>: <a href="https://simplifier.net/resolve?scope=de.basisprofil.r4@1.5.0&amp;canonical=http://fhir.org/packages/de.basisprofil.r4/Practitioner/us-core-practitioner-kyle-anydoc">??</a></p><p><b>value</b>: <span title="Codes:{http://snomed.info/sct 1229984001}">American Joint Committee on Cancer cN3 (qualifier value)</span></p><p><b>method</b>: <span title="Codes:{http://snomed.info/sct 897275008}">American Joint Commission on Cancer, Cancer Staging Manual, 8th edition neoplasm staging system (tumor staging)</span></p></div>
  </text>
  <status value="final"/>
  <code>
    <coding>
      <system value="http://snomed.info/sct"/>
      <code value="399534004"/>
      <display value="cN category"/>
    </coding>
  </code>
  <subject>
    <reference value="Patient/cancer-patient-john-anyperson"/>
  </subject>
  <effectiveDateTime value="2019-04-01"/>
  <performer>
    <reference value="Practitioner/us-core-practitioner-kyle-anydoc"/>
  </performer>
  <valueCodeableConcept>
    <coding>
      <system value="http://snomed.info/sct"/>
      <code value="1229984001"/>
      <display value="American Joint Committee on Cancer cN3 (qualifier value)"/>
    </coding>
  </valueCodeableConcept>
  <method>
    <coding>
      <system value="http://snomed.info/sct"/>
      <code value="897275008"/>
      <display value="American Joint Commission on Cancer, Cancer Staging Manual, 8th edition neoplasm staging system (tumor staging)"/>
    </coding>
  </method>
</Observation>