<?xml version="1.0" encoding="UTF-8"?>

<Observation xmlns="http://hl7.org/fhir">
  <id value="TNMLKategorieExample"/>
  <meta>
    <profile value="http://idg-rlp.de/fhir/tumorkonferenzen/StructureDefinition/TNMLKategorie"/>
  </meta>
  <text>
    <status value="generated"/><div xmlns="http://www.w3.org/1999/xhtml"><p><b>Generated Narrative: Observation</b><a name="TNMLKategorieExample"> </a><a name="hcTNMLKategorieExample"> </a></p><div style="display: inline-block; background-color: #d9e0e7; padding: 6px; margin: 4px; border: 1px solid #8da1b4; border-radius: 5px; line-height: 60%"><p style="margin-bottom: 0px">Resource Observation &quot;TNMLKategorieExample&quot; </p><p style="margin-bottom: 0px">Profile: <a href="StructureDefinition-TNMLKategorie.html">TNMLKategorie</a></p></div><p><b>status</b>: final</p><p><b>code</b>: Lymphatic.small vessel.invasion [Identifier] in Specimen by CAP cancer protocols <span style="background: LightGoldenRodYellow; margin: 4px; border: 1px solid khaki"> (<a href="https://loinc.org/">LOINC</a>#33739-4)</span></p><p><b>subject</b>: <a href="https://simplifier.net/resolve?scope=de.basisprofil.r4@1.5.0-ballot2&amp;canonical=http://fhir.org/packages/de.basisprofil.r4/Patient/example-tumor-patient">Patient/example-tumor-patient</a></p><p><b>encounter</b>: <a href="https://simplifier.net/resolve?scope=de.basisprofil.r4@1.5.0-ballot2&amp;canonical=http://fhir.org/packages/de.basisprofil.r4/Encounter/example-verlauf">Encounter/example-verlauf</a></p><p><b>effective</b>: 2024-05-27 12:00:00+0000</p><p><b>value</b>: Keine Lymphgefäßinvasion <span style="background: LightGoldenRodYellow; margin: 4px; border: 1px solid khaki"> (<a href="CodeSystem-Lymphgefaessinvasion-cs.html">Lymphgefäßinvasion CodeSystem</a>#L0)</span></p></div>
  </text>
  <status value="final"/>
  <code>
    <coding>
      <system value="http://loinc.org"/>
      <code value="33739-4"/>
      <display value="Lymphatic.small vessel.invasion [Identifier] in Specimen by CAP cancer protocols"/>
    </coding>
  </code>
  <subject>
    <reference value="Patient/example-tumor-patient"/>
  </subject>
  <encounter>
    <reference value="Encounter/example-verlauf"/>
  </encounter>
  <effectiveDateTime value="2024-05-27T12:00:00Z"/>
  <valueCodeableConcept>
    <coding>
      <system value="http://idg-rlp.de/fhir/tumorkonferenzen/CodeSystem/Lymphgefaessinvasion-cs"/>
      <code value="L0"/>
      <display value="Keine Lymphgefäßinvasion"/>
    </coding>
  </valueCodeableConcept>
</Observation>