<?xml version="1.0" encoding="UTF-8"?>

<PractitionerRole xmlns="http://hl7.org/fhir">
  <id value="MelderInOrganisation-example-1"/>
  <meta>
    <profile value="http://idg-rlp.de/fhir/tumorkonferenzen/StructureDefinition/MelderInOrganisation"/>
  </meta>
  <text>
    <status value="generated"/><div xmlns="http://www.w3.org/1999/xhtml"><p class="res-header-id"><b>Generated Narrative: PractitionerRole MelderInOrganisation-example-1</b></p><a name="MelderInOrganisation-example-1"> </a><a name="hcMelderInOrganisation-example-1"> </a><a name="MelderInOrganisation-example-1-en-US"> </a><p><b>practitioner</b>: <a href="Practitioner-Melder-example-1.html">Practitioner Dr. Herbert Hundertschön</a></p><p><b>organization</b>: <a href="Organization-Organisation-example-1.html">Organization Klinikum Musterhausen</a></p></div>
  </text>
  <practitioner>
    <reference value="Practitioner/Melder-example-1"/>
  </practitioner>
  <organization>
    <reference value="Organization/Organisation-example-1"/>
  </organization>
</PractitionerRole>