<?xml version="1.0" encoding="UTF-8"?>

<Practitioner xmlns="http://hl7.org/fhir">
  <id value="Melder-example-1"/>
  <meta>
    <profile value="http://idg-rlp.de/fhir/tumorkonferenzen/StructureDefinition/Melder"/>
  </meta>
  <text>
    <status value="generated"/><div xmlns="http://www.w3.org/1999/xhtml"><p class="res-header-id"><b>Generated Narrative: Practitioner Melder-example-1</b></p><a name="Melder-example-1"> </a><a name="hcMelder-example-1"> </a><a name="Melder-example-1-en-US"> </a><p><b>name</b>: Dr. Herbert Hundertschön</p><p><b>telecom</b>: ph: 012233-555-667, <a href="mailto:hh@klinikum-musterhausen.de">hh@klinikum-musterhausen.de</a></p></div>
  </text>
  <name>
    <text value="Dr. Herbert Hundertschön"/>
  </name>
  <telecom>
    <system value="phone"/>
    <value value="012233-555-667"/>
  </telecom>
  <telecom>
    <system value="email"/>
    <value value="hh@klinikum-musterhausen.de"/>
  </telecom>
</Practitioner>