<?xml version="1.0" encoding="UTF-8"?>

<ValueSet xmlns="http://hl7.org/fhir">
  <id value="externe-bilder-vs"/>
  <text>
    <status value="generated"/><div xmlns="http://www.w3.org/1999/xhtml"><p class="res-header-id"><b>Generated Narrative: ValueSet externe-bilder-vs</b></p><a name="externe-bilder-vs"> </a><a name="hcexterne-bilder-vs"> </a><a name="externe-bilder-vs-en-US"> </a><ul><li>Include these codes as defined in <code>http://idg-rlp.de/fhir/tumorkonferenzen/CodeSystem/CustomCodes</code><table class="none"><tr><td style="white-space:nowrap"><b>Code</b></td><td><b>Display</b></td></tr><tr><td>eingelesen</td><td>sind eingelesen</td></tr><tr><td>elektronischUebermittelt</td><td>werden elektronisch übermittelt</td></tr><tr><td>perPostGesendet</td><td>werden per Post gesendet</td></tr></table></li></ul></div>
  </text>
  <url value="http://idg-rlp.de/fhir/tumorkonferenzen/ValueSet/externe-bilder-vs"/>
  <version value="0.1.0"/>
  <name value="ExterneBilderVS"/>
  <title value="Externe Bilder ValueSet"/>
  <status value="draft"/>
  <date value="2024-09-17T19:55:11+00:00"/>
  <publisher value="IDG Institut für digitale Gesundheitsdaten RLP gGmbH"/>
  <contact>
    <name value="IDG Institut für digitale Gesundheitsdaten RLP gGmbH"/>
    <telecom>
      <system value="url"/>
      <value value="https://www.idg-rlp.de/"/>
    </telecom>
    <telecom>
      <system value="email"/>
      <value value="info@idg-rlp.de"/>
    </telecom>
  </contact>
  <description value="ValueSet für externe Bilder mit den Antwortoptionen: sind eingelesen, werden elektronisch übermittelt, werden per Post gesendet."/>
  <compose>
    <include>
      <system value="http://idg-rlp.de/fhir/tumorkonferenzen/CodeSystem/CustomCodes"/>
      <concept>
        <code value="eingelesen"/>
        <display value="sind eingelesen"/>
      </concept>
      <concept>
        <code value="elektronischUebermittelt"/>
        <display value="werden elektronisch übermittelt"/>
      </concept>
      <concept>
        <code value="perPostGesendet"/>
        <display value="werden per Post gesendet"/>
      </concept>
    </include>
  </compose>
</ValueSet>