<?xml version="1.0" encoding="UTF-8"?>

<ValueSet xmlns="http://hl7.org/fhir">
  <id value="icd-o-3-morphologie"/>
  <text>
    <status value="generated"/><div xmlns="http://www.w3.org/1999/xhtml"><ul><li>Include codes from <a href="http://terminology.hl7.org/5.0.0/CodeSystem-icd-o-3.html"><code>http://terminology.hl7.org/CodeSystem/icd-o-3</code></a> where concept  matches (by regex)  ^\d\S*$</li></ul></div>
  </text>
  <url value="http://idg-rlp.de/fhir/tumorkonferenzen/ValueSet/icd-o-3-morphologie"/>
  <version value="0.1.0"/>
  <name value="ICDO3Morphologie"/>
  <title value="Morphologie Codes des ICD-O-3 CodeSystems."/>
  <status value="draft"/>
  <date value="2024-05-28T11:23:31+00:00"/>
  <publisher value="IDG Institut für digitale Gesundheitsdaten RLP gGmbH"/>
  <contact>
    <name value="IDG Institut für digitale Gesundheitsdaten RLP gGmbH"/>
    <telecom>
      <system value="url"/>
      <value value="https://www.idg-rlp.de/"/>
    </telecom>
    <telecom>
      <system value="email"/>
      <value value="info@idg-rlp.de"/>
    </telecom>
  </contact>
  <compose>
    <include>
      <system value="http://terminology.hl7.org/CodeSystem/icd-o-3"/>
      <filter>
        <property value="concept"/>
        <op value="regex"/>
        <value value="^\d\S*$"/>
      </filter>
    </include>
  </compose>
</ValueSet>