<?xml version="1.0" encoding="UTF-8"?>

<ValueSet xmlns="http://hl7.org/fhir">
  <id value="histologische-typisierung-vs"/>
  <text>
    <status value="generated"/><div xmlns="http://www.w3.org/1999/xhtml"><p class="res-header-id"><b>Generated Narrative: ValueSet histologische-typisierung-vs</b></p><a name="histologische-typisierung-vs"> </a><a name="hchistologische-typisierung-vs"> </a><a name="histologische-typisierung-vs-en-US"> </a><ul><li>Include these codes as defined in <a href="http://www.snomed.org/"><code>http://snomed.info/sct</code></a><table class="none"><tr><td style="white-space:nowrap"><b>Code</b></td><td><b>Display</b></td></tr><tr><td><a href="http://snomed.info/id/261665006">261665006</a></td><td>Unbekannt</td></tr><tr><td><a href="http://snomed.info/id/254632001">254632001</a></td><td>SCLC</td></tr><tr><td><a href="http://snomed.info/id/254637007">254637007</a></td><td>NSCLC</td></tr><tr><td><a href="http://snomed.info/id/74964007">74964007</a></td><td>Sonstige</td></tr></table></li></ul></div>
  </text>
  <url value="http://idg-rlp.de/fhir/tumorkonferenzen/ValueSet/histologische-typisierung-vs"/>
  <version value="0.1.0"/>
  <name value="HistologischeTypisierungVS"/>
  <title value="Histologische Typisierung ValueSet"/>
  <status value="draft"/>
  <date value="2024-12-02T15:35:52+00:00"/>
  <publisher value="IDG Institut für digitale Gesundheitsdaten RLP gGmbH"/>
  <contact>
    <name value="IDG Institut für digitale Gesundheitsdaten RLP gGmbH"/>
    <telecom>
      <system value="url"/>
      <value value="https://www.idg-rlp.de/"/>
    </telecom>
    <telecom>
      <system value="email"/>
      <value value="info@idg-rlp.de"/>
    </telecom>
  </contact>
  <description value="ValueSet für die histologische Typisierung mit den Antwortoptionen: Unbekannt, SCLC, NSCLC, Sonstige."/>
  <compose>
    <include>
      <system value="http://snomed.info/sct"/>
      <concept>
        <code value="261665006"/>
        <display value="Unbekannt"/>
      </concept>
      <concept>
        <code value="254632001"/>
        <display value="SCLC"/>
      </concept>
      <concept>
        <code value="254637007"/>
        <display value="NSCLC"/>
      </concept>
      <concept>
        <code value="74964007"/>
        <display value="Sonstige"/>
      </concept>
    </include>
  </compose>
</ValueSet>