<?xml version="1.0" encoding="UTF-8"?>

<ValueSet xmlns="http://hl7.org/fhir">
  <id value="perineurale-invasion-vs"/>
  <text>
    <status value="generated"/><div xmlns="http://www.w3.org/1999/xhtml"><p class="res-header-id"><b>Generated Narrative: ValueSet perineurale-invasion-vs</b></p><a name="perineurale-invasion-vs"> </a><a name="hcperineurale-invasion-vs"> </a><a name="perineurale-invasion-vs-en-US"> </a><ul><li>Include all codes defined in <a href="CodeSystem-perineurale-invasion-cs.html"><code>http://idg-rlp.de/fhir/tumorkonferenzen/CodeSystem/perineurale-invasion-cs</code></a></li></ul></div>
  </text>
  <url value="http://idg-rlp.de/fhir/tumorkonferenzen/ValueSet/perineurale-invasion-vs"/>
  <version value="0.1.0"/>
  <name value="PerineuraleInvasionVS"/>
  <title value="Perineurale Invasion ValueSet"/>
  <status value="draft"/>
  <date value="2024-12-02T15:35:52+00:00"/>
  <publisher value="IDG Institut für digitale Gesundheitsdaten RLP gGmbH"/>
  <contact>
    <name value="IDG Institut für digitale Gesundheitsdaten RLP gGmbH"/>
    <telecom>
      <system value="url"/>
      <value value="https://www.idg-rlp.de/"/>
    </telecom>
    <telecom>
      <system value="email"/>
      <value value="info@idg-rlp.de"/>
    </telecom>
  </contact>
  <description value="PerineuraleInvasionVS"/>
  <compose>
    <include>
      <system value="http://idg-rlp.de/fhir/tumorkonferenzen/CodeSystem/perineurale-invasion-cs"/>
    </include>
  </compose>
</ValueSet>