<?xml version="1.0" encoding="UTF-8"?>

<ValueSet xmlns="http://hl7.org/fhir">
  <id value="gewuenschte-teilnehmer-vs"/>
  <text>
    <status value="generated"/><div xmlns="http://www.w3.org/1999/xhtml"><p class="res-header-id"><b>Generated Narrative: ValueSet gewuenschte-teilnehmer-vs</b></p><a name="gewuenschte-teilnehmer-vs"> </a><a name="hcgewuenschte-teilnehmer-vs"> </a><a name="gewuenschte-teilnehmer-vs-en-US"> </a><ul><li>Include these codes as defined in <code>http://idg-rlp.de/fhir/tumorkonferenzen/CodeSystem/CustomCodes</code><table class="none"><tr><td style="white-space:nowrap"><b>Code</b></td><td><b>Display</b></td></tr><tr><td>allgemeinchirurgie</td><td>Allgemeinchirurgie</td></tr><tr><td>dermatologie</td><td>Dermatologie</td></tr><tr><td>endokrinologie</td><td>Endokrinologie</td></tr><tr><td>gastroenterologie</td><td>Gastroenterologie</td></tr><tr><td>giOnkologie</td><td>GI-Onkologie</td></tr><tr><td>gynaekologie</td><td>Gynäkologie</td></tr><tr><td>haematologie</td><td>Hämatologie</td></tr><tr><td>hno</td><td>HNO</td></tr><tr><td>humangenetik</td><td>Humangenetik</td></tr><tr><td>internistischeOnkologie</td><td>Internistische Onkologie</td></tr><tr><td>kinderchirurgie</td><td>Kinderchirurgie</td></tr><tr><td>mkgChirurgie</td><td>MKG-Chirurgie</td></tr><tr><td>neurochirurgie</td><td>Neurochirurgie</td></tr><tr><td>neurologie</td><td>Neurologie</td></tr><tr><td>neuropathologie</td><td>Neuropathologie</td></tr><tr><td>neuroradiologie</td><td>Neuroradiologie</td></tr><tr><td>nuklearmedizin</td><td>Nuklearmedizin</td></tr><tr><td>orthopaedie</td><td>Orthopädie</td></tr><tr><td>paediatrie</td><td>Pädiatrie</td></tr><tr><td>palliativmedizin</td><td>Palliativmedizin</td></tr><tr><td>pneumologie</td><td>Pneumologie</td></tr><tr><td>psychoonkologie</td><td>Psychoonkologie/Psychosomatik</td></tr><tr><td>thoraxChirurgie</td><td>Thorax-Chirurgie</td></tr></table></li></ul></div>
  </text>
  <url value="http://idg-rlp.de/fhir/tumorkonferenzen/ValueSet/gewuenschte-teilnehmer-vs"/>
  <version value="0.1.0"/>
  <name value="GewuenschteTeilnehmerVS"/>
  <title value="Gewünschte Teilnehmer ValueSet"/>
  <status value="draft"/>
  <date value="2024-10-31T11:09:58+00:00"/>
  <publisher value="IDG Institut für digitale Gesundheitsdaten RLP gGmbH"/>
  <contact>
    <name value="IDG Institut für digitale Gesundheitsdaten RLP gGmbH"/>
    <telecom>
      <system value="url"/>
      <value value="https://www.idg-rlp.de/"/>
    </telecom>
    <telecom>
      <system value="email"/>
      <value value="info@idg-rlp.de"/>
    </telecom>
  </contact>
  <description value="ValueSet mit den Antwortoptionen für gewünschte Teilnehmer in einem medizinischen Kontext."/>
  <compose>
    <include>
      <system value="http://idg-rlp.de/fhir/tumorkonferenzen/CodeSystem/CustomCodes"/>
      <concept>
        <code value="allgemeinchirurgie"/>
        <display value="Allgemeinchirurgie"/>
      </concept>
      <concept>
        <code value="dermatologie"/>
        <display value="Dermatologie"/>
      </concept>
      <concept>
        <code value="endokrinologie"/>
        <display value="Endokrinologie"/>
      </concept>
      <concept>
        <code value="gastroenterologie"/>
        <display value="Gastroenterologie"/>
      </concept>
      <concept>
        <code value="giOnkologie"/>
        <display value="GI-Onkologie"/>
      </concept>
      <concept>
        <code value="gynaekologie"/>
        <display value="Gynäkologie"/>
      </concept>
      <concept>
        <code value="haematologie"/>
        <display value="Hämatologie"/>
      </concept>
      <concept>
        <code value="hno"/>
        <display value="HNO"/>
      </concept>
      <concept>
        <code value="humangenetik"/>
        <display value="Humangenetik"/>
      </concept>
      <concept>
        <code value="internistischeOnkologie"/>
        <display value="Internistische Onkologie"/>
      </concept>
      <concept>
        <code value="kinderchirurgie"/>
        <display value="Kinderchirurgie"/>
      </concept>
      <concept>
        <code value="mkgChirurgie"/>
        <display value="MKG-Chirurgie"/>
      </concept>
      <concept>
        <code value="neurochirurgie"/>
        <display value="Neurochirurgie"/>
      </concept>
      <concept>
        <code value="neurologie"/>
        <display value="Neurologie"/>
      </concept>
      <concept>
        <code value="neuropathologie"/>
        <display value="Neuropathologie"/>
      </concept>
      <concept>
        <code value="neuroradiologie"/>
        <display value="Neuroradiologie"/>
      </concept>
      <concept>
        <code value="nuklearmedizin"/>
        <display value="Nuklearmedizin"/>
      </concept>
      <concept>
        <code value="orthopaedie"/>
        <display value="Orthopädie"/>
      </concept>
      <concept>
        <code value="paediatrie"/>
        <display value="Pädiatrie"/>
      </concept>
      <concept>
        <code value="palliativmedizin"/>
        <display value="Palliativmedizin"/>
      </concept>
      <concept>
        <code value="pneumologie"/>
        <display value="Pneumologie"/>
      </concept>
      <concept>
        <code value="psychoonkologie"/>
        <display value="Psychoonkologie/Psychosomatik"/>
      </concept>
      <concept>
        <code value="thoraxChirurgie"/>
        <display value="Thorax-Chirurgie"/>
      </concept>
    </include>
  </compose>
</ValueSet>