{"resourceType":"ValueSet","id":"tnm-primary-tumor-category-max-vs","text":{"status":"generated","div":"<div xmlns=\"http://www.w3.org/1999/xhtml\"><p>This value set includes codes based on the following rules:</p><ul><li>Import all the codes that are contained in <a href=\"ValueSet-tnm-primary-tumor-category-vs.html\">TNM Primary Tumor Category Value Set</a></li><li>Include all codes defined in <code>https://www.uicc.org/resources/tnm</code></li></ul></div>"},"url":"http://krebsregister-rlp.de/fhir/tumorboard/ValueSet/tnm-primary-tumor-category-max-vs","version":"0.1.0","name":"TNMPrimaryTumorCategoryMaxVS","title":"TNM Primary Tumor Maximum Value Set","status":"draft","experimental":false,"date":"2024-02-29T10:35:30+00:00","publisher":"IDG Institut für digitale Gesundheitsdaten RLP gGmbH","contact":[{"name":"IDG Institut für digitale Gesundheitsdaten RLP gGmbH","telecom":[{"system":"url","value":"https://www.krebsregister-rlp.de/"},{"system":"email","value":"info@krebsregister-rlp.de"}]}],"description":"Values for TNM primary tumor category must be selected from this value set, which includes all codes from UICC and all codes from TNMPrimaryTumorCategoryVS.","compose":{"include":[{"valueSet":["http://krebsregister-rlp.de/fhir/tumorboard/ValueSet/tnm-primary-tumor-category-vs"]},{"system":"https://www.uicc.org/resources/tnm"}]}}