{"resourceType":"ValueSet","id":"tnm-primary-tumor-staging-type-vs","text":{"status":"generated","div":"<div xmlns=\"http://www.w3.org/1999/xhtml\"><ul><li>Include these codes as defined in <a href=\"http://loinc.org\"><code>http://loinc.org</code></a><table class=\"none\"><tr><td style=\"white-space:nowrap\"><b>Code</b></td><td><b>Display</b></td></tr><tr><td><a href=\"https://loinc.org/21905-5/\">21905-5</a></td><td>Primary tumor.clinical [Class] Cancer</td></tr><tr><td><a href=\"https://loinc.org/21899-0/\">21899-0</a></td><td>Primary tumor.pathology Cancer</td></tr><tr><td><a href=\"https://loinc.org/21911-3/\">21911-3</a></td><td>Primary tumor.other [Class] Cancer</td></tr></table></li></ul></div>"},"url":"http://idg-rlp.de/fhir/tumorkonferenzen/ValueSet/tnm-primary-tumor-staging-type-vs","version":"0.1.0","name":"TNMPrimaryTumorStagingTypeVS","title":"TNM Primary Tumor Staging Type Value Set","status":"draft","experimental":false,"date":"2024-04-07T13:52:57+00:00","publisher":"IDG Institut für digitale Gesundheitsdaten RLP gGmbH","contact":[{"name":"IDG Institut für digitale Gesundheitsdaten RLP gGmbH","telecom":[{"system":"url","value":"https://www.idg-rlp.de/"},{"system":"email","value":"info@idg-rlp.de"}]}],"description":"Identifying codes for the type of cancer staging performed, i.e., clinical, pathological, or other, for primary tumor (T) staging observation.","copyright":"This material contains content from LOINC (http://loinc.org). LOINC is copyright © 1995-2020, Regenstrief Institute, Inc. and the Logical Observation Identifiers Names and Codes (LOINC) Committee and is available at no cost under the license at http://loinc.org/license. LOINC® is a registered United States trademark of Regenstrief Institute, Inc","compose":{"include":[{"system":"http://loinc.org","concept":[{"code":"21905-5","display":"Primary tumor.clinical [Class] Cancer"},{"code":"21899-0","display":"Primary tumor.pathology Cancer"},{"code":"21911-3","display":"Primary tumor.other [Class] Cancer"}]}]}}