{"resourceType":"ValueSet","id":"obds-strahlentherapie-intention-vs","text":{"status":"generated","div":"<div xmlns=\"http://www.w3.org/1999/xhtml\"><ul><li>Include all codes defined in <a href=\"CodeSystem-obds-strahlentherapie-intention-cs.html\"><code>http://idg-rlp.de/fhir/tumorkonferenzen/CodeSystem/obds-strahlentherapie-intention-cs</code></a></li></ul></div>"},"url":"http://idg-rlp.de/fhir/tumorkonferenzen/ValueSet/obds-strahlentherapie-intention-vs","version":"0.1.0","name":"ObdsStrahlentherapieIntentionVS","title":"Intention der Strahlentherapie","status":"draft","date":"2024-04-07T13:52:57+00:00","publisher":"IDG Institut für digitale Gesundheitsdaten RLP gGmbH","contact":[{"name":"IDG Institut für digitale Gesundheitsdaten RLP gGmbH","telecom":[{"system":"url","value":"https://www.idg-rlp.de/"},{"system":"email","value":"info@idg-rlp.de"}]}],"description":"Die Intention der Strahlentherapie","compose":{"include":[{"system":"http://idg-rlp.de/fhir/tumorkonferenzen/CodeSystem/obds-strahlentherapie-intention-cs"}]}}