<?xml version="1.0" encoding="UTF-8"?>

<CodeSystem xmlns="http://hl7.org/fhir">
  <id value="obds-strahlentherapie-intention-cs"/>
  <text>
    <status value="generated"/><div xmlns="http://www.w3.org/1999/xhtml"><p>This  code system <code>http://idg-rlp.de/fhir/tumorkonferenzen/CodeSystem/obds-strahlentherapie-intention-cs</code> defines the following codes:</p><table class="codes"><tr><td style="white-space:nowrap"><b>Code</b></td><td><b>Display</b></td></tr><tr><td style="white-space:nowrap">K<a name="obds-strahlentherapie-intention-cs-K"> </a></td><td>kurativ</td></tr><tr><td style="white-space:nowrap">P<a name="obds-strahlentherapie-intention-cs-P"> </a></td><td>palliativ</td></tr><tr><td style="white-space:nowrap">O<a name="obds-strahlentherapie-intention-cs-O"> </a></td><td>lokal kurativ bei Oligometastasierung</td></tr><tr><td style="white-space:nowrap">S<a name="obds-strahlentherapie-intention-cs-S"> </a></td><td>sonstiges</td></tr><tr><td style="white-space:nowrap">X<a name="obds-strahlentherapie-intention-cs-X"> </a></td><td>keine Angabe</td></tr></table></div>
  </text>
  <url value="http://idg-rlp.de/fhir/tumorkonferenzen/CodeSystem/obds-strahlentherapie-intention-cs"/>
  <version value="0.1.0"/>
  <name value="ObdsStrahlentherapieIntentionCS"/>
  <title value="Intention der Strahlentherapie"/>
  <status value="draft"/>
  <date value="2024-04-07T13:52:57+00:00"/>
  <publisher value="IDG Institut für digitale Gesundheitsdaten RLP gGmbH"/>
  <contact>
    <name value="IDG Institut für digitale Gesundheitsdaten RLP gGmbH"/>
    <telecom>
      <system value="url"/>
      <value value="https://www.idg-rlp.de/"/>
    </telecom>
    <telecom>
      <system value="email"/>
      <value value="info@idg-rlp.de"/>
    </telecom>
  </contact>
  <description value="Die histopathologische Einstufung des invasiven Karzinoms "/>
  <content value="complete"/>
  <count value="5"/>
  <concept>
    <code value="K"/>
    <display value="kurativ"/>
  </concept>
  <concept>
    <code value="P"/>
    <display value="palliativ"/>
  </concept>
  <concept>
    <code value="O"/>
    <display value="lokal kurativ bei Oligometastasierung"/>
  </concept>
  <concept>
    <code value="S"/>
    <display value="sonstiges"/>
  </concept>
  <concept>
    <code value="X"/>
    <display value="keine Angabe"/>
  </concept>
</CodeSystem>