<?xml version="1.0" encoding="UTF-8"?>

<PractitionerRole xmlns="http://hl7.org/fhir">
  <id value="MelderInOrganisation-example-1"/>
  <meta>
    <profile value="http://krebsregister-rlp.de/fhir/tumorboard/StructureDefinition/MelderInOrganisation"/>
  </meta>
  <text>
    <status value="generated"/><div xmlns="http://www.w3.org/1999/xhtml"><p><b>Generated Narrative: PractitionerRole</b><a name="MelderInOrganisation-example-1"> </a></p><div style="display: inline-block; background-color: #d9e0e7; padding: 6px; margin: 4px; border: 1px solid #8da1b4; border-radius: 5px; line-height: 60%"><p style="margin-bottom: 0px">Resource PractitionerRole &quot;MelderInOrganisation-example-1&quot; </p><p style="margin-bottom: 0px">Profile: <a href="StructureDefinition-MelderInOrganisation.html">Melder in Organisation</a></p></div><p><b>practitioner</b>: <a href="Practitioner-Melder-example-1.html">Practitioner/Melder-example-1</a> &quot;&quot;</p><p><b>organization</b>: <a href="Organization-Organisation-example-1.html">Organization/Organisation-example-1</a> &quot;Klinikum Musterhausen&quot;</p></div>
  </text>
  <practitioner>
    <reference value="Practitioner/Melder-example-1"/>
  </practitioner>
  <organization>
    <reference value="Organization/Organisation-example-1"/>
  </organization>
</PractitionerRole>