<?xml version="1.0" encoding="UTF-8"?>

<ValueSet xmlns="http://hl7.org/fhir">
  <id value="tnm-regional-nodes-category-vs"/>
  <text>
    <status value="generated"/><div xmlns="http://www.w3.org/1999/xhtml"><p>This value set includes codes based on the following rules:</p><ul><li>Include codes from <a href="http://www.snomed.org/"><code>http://snomed.info/sct</code></a> where concept  descends from  1222588006 (American Joint Committee on Cancer clinical N category allowable value (qualifier value))</li><li>Include codes from <a href="http://www.snomed.org/"><code>http://snomed.info/sct</code></a> where concept  descends from  1222590007 (American Joint Committee on Cancer pathological N category allowable value (qualifier value))</li><li>Include codes from <a href="http://www.snomed.org/"><code>http://snomed.info/sct</code></a> where concept  descends from  1222596001 (American Joint Committee on Cancer ypN category allowable value (qualifier value))</li></ul></div>
  </text>
  <url value="http://krebsregister-rlp.de/fhir/tumorboard/ValueSet/tnm-regional-nodes-category-vs"/>
  <version value="0.1.0"/>
  <name value="TNMRegionalNodesCategoryVS"/>
  <title value="TNM Regional Nodes Category Value Set"/>
  <status value="draft"/>
  <experimental value="false"/>
  <date value="2024-02-29T10:35:30+00:00"/>
  <publisher value="IDG Institut für digitale Gesundheitsdaten RLP gGmbH"/>
  <contact>
    <name value="IDG Institut für digitale Gesundheitsdaten RLP gGmbH"/>
    <telecom>
      <system value="url"/>
      <value value="https://www.krebsregister-rlp.de/"/>
    </telecom>
    <telecom>
      <system value="email"/>
      <value value="info@krebsregister-rlp.de"/>
    </telecom>
  </contact>
  <description value="Result values for N category. This value set contains SNOMED-CT equivalents of UICC codes for the N category, according to TNM staging rules."/>
  <copyright value="This value set includes content from SNOMED CT, which is copyright © 2002+ International Health Terminology Standards Development Organisation (IHTSDO), and distributed by agreement between IHTSDO and HL7. Implementer use of SNOMED CT is not covered by this agreement"/>
  <compose>
    <include>
      <system value="http://snomed.info/sct"/>
      <filter>
        <property value="concept"/>
        <op value="descendent-of"/>
        <value value="1222588006"/>
      </filter>
    </include>
    <include>
      <system value="http://snomed.info/sct"/>
      <filter>
        <property value="concept"/>
        <op value="descendent-of"/>
        <value value="1222590007"/>
      </filter>
    </include>
    <include>
      <system value="http://snomed.info/sct"/>
      <filter>
        <property value="concept"/>
        <op value="descendent-of"/>
        <value value="1222596001"/>
      </filter>
    </include>
  </compose>
</ValueSet>