<?xml version="1.0" encoding="UTF-8"?>

<ValueSet xmlns="http://hl7.org/fhir">
  <id value="tnm-staging-method-vs"/>
  <text>
    <status value="generated"/><div xmlns="http://www.w3.org/1999/xhtml"><ul><li>Include these codes as defined in <a href="http://www.snomed.org/"><code>http://snomed.info/sct</code></a><table class="none"><tr><td style="white-space:nowrap"><b>Code</b></td><td><b>Display</b></td></tr><tr><td><a href="http://snomed.info/id/444256004">444256004</a></td><td>American Joint Commission on Cancer, Cancer Staging Manual, 6th edition neoplasm staging system (tumor staging)</td></tr><tr><td><a href="http://snomed.info/id/443830009">443830009</a></td><td>American Joint Commission on Cancer, Cancer Staging Manual, 7th edition neoplasm staging system (tumor staging)</td></tr><tr><td><a href="http://snomed.info/id/897275008">897275008</a></td><td>American Joint Commission on Cancer, Cancer Staging Manual, 8th edition neoplasm staging system (tumor staging)</td></tr></table></li></ul></div>
  </text>
  <url value="http://krebsregister-rlp.de/fhir/tumorboard/ValueSet/tnm-staging-method-vs"/>
  <version value="0.1.0"/>
  <name value="TNMStagingMethodVS"/>
  <title value="TNM Staging Method Value Set"/>
  <status value="draft"/>
  <experimental value="false"/>
  <date value="2024-02-29T10:08:17+00:00"/>
  <publisher value="IDG Institut für digitale Gesundheitsdaten RLP gGmbH"/>
  <contact>
    <name value="IDG Institut für digitale Gesundheitsdaten RLP gGmbH"/>
    <telecom>
      <system value="url"/>
      <value value="https://www.krebsregister-rlp.de/"/>
    </telecom>
    <telecom>
      <system value="email"/>
      <value value="info@krebsregister-rlp.de"/>
    </telecom>
  </contact>
  <description value="Method used for TNM staging, e.g., UICC 6th, 7th, or 8th edition."/>
  <copyright value="This value set includes content from SNOMED CT, which is copyright © 2002+ International Health Terminology Standards Development Organisation (IHTSDO), and distributed by agreement between IHTSDO and HL7. Implementer use of SNOMED CT is not covered by this agreement"/>
  <compose>
    <include>
      <system value="http://snomed.info/sct"/>
      <concept>
        <code value="444256004"/>
        <display value="American Joint Commission on Cancer, Cancer Staging Manual, 6th edition neoplasm staging system (tumor staging)"/>
      </concept>
      <concept>
        <code value="443830009"/>
        <display value="American Joint Commission on Cancer, Cancer Staging Manual, 7th edition neoplasm staging system (tumor staging)"/>
      </concept>
      <concept>
        <code value="897275008"/>
        <display value="American Joint Commission on Cancer, Cancer Staging Manual, 8th edition neoplasm staging system (tumor staging)"/>
      </concept>
    </include>
  </compose>
</ValueSet>