{
  "resourceType" : "EpisodeOfCare",
  "id" : "TumorErkrankungExample",
  "meta" : {
    "profile" : ["http://krebsregister-rlp.de/fhir/tumorboard/StructureDefinition/tumorErkrankung"]
  },
  "text" : {
    "status" : "generated",
    "div" : "<div xmlns=\"http://www.w3.org/1999/xhtml\"><p><b>Generated Narrative: EpisodeOfCare</b><a name=\"TumorErkrankungExample\"> </a></p><div style=\"display: inline-block; background-color: #d9e0e7; padding: 6px; margin: 4px; border: 1px solid #8da1b4; border-radius: 5px; line-height: 60%\"><p style=\"margin-bottom: 0px\">Resource EpisodeOfCare &quot;TumorErkrankungExample&quot; </p><p style=\"margin-bottom: 0px\">Profile: <a href=\"StructureDefinition-tumorErkrankung.html\">Tumorerkrankung</a></p></div><p><b>status</b>: active</p><p><b>type</b>: Cancer Diagnosis <span style=\"background: LightGoldenRodYellow; margin: 4px; border: 1px solid khaki\"> (<a href=\"http://terminology.hl7.org/5.0.0/CodeSystem-v3-nciThesaurus.html\">NCI Thesaurus</a>#C16213)</span></p><h3>Diagnoses</h3><table class=\"grid\"><tr><td style=\"display: none\">-</td><td><b>Condition</b></td><td><b>Rank</b></td></tr><tr><td style=\"display: none\">*</td><td><a href=\"https://simplifier.net/resolve?scope=de.basisprofil.r4@1.4.0&amp;canonical=http://fhir.org/packages/de.basisprofil.r4/&quot;TODO-INSTANZs&quot;\">&quot;TODO-INSTANZs&quot;</a></td><td>1</td></tr></table><p><b>patient</b>: <a href=\"Patient-TumorPatient-example-1.html\">Patient/TumorPatient-example-1</a> &quot; MUSTERMANN&quot;</p></div>"
  },
  "status" : "active",
  "type" : [{
    "coding" : [{
      "system" : "http://ncicb.nci.nih.gov/xml/owl/EVS/Thesaurus.owl",
      "code" : "C16213",
      "display" : "Cancer Diagnosis"
    }]
  }],
  "diagnosis" : [{
    "condition" : {
      "reference" : "\"TODO-INSTANZs\""
    },
    "rank" : 1
  }],
  "patient" : {
    "reference" : "Patient/TumorPatient-example-1"
  }
}