{
  "resourceType" : "Specimen",
  "id" : "Tumor-Example",
  "meta" : {
    "profile" : ["http://krebsregister-rlp.de/fhir/tumorboard/StructureDefinition/tumor"]
  },
  "text" : {
    "status" : "generated",
    "div" : "<div xmlns=\"http://www.w3.org/1999/xhtml\"><p><b>Generated Narrative: Specimen</b><a name=\"Tumor-Example\"> </a></p><div style=\"display: inline-block; background-color: #d9e0e7; padding: 6px; margin: 4px; border: 1px solid #8da1b4; border-radius: 5px; line-height: 60%\"><p style=\"margin-bottom: 0px\">Resource Specimen &quot;Tumor-Example&quot; </p><p style=\"margin-bottom: 0px\">Profile: <a href=\"StructureDefinition-tumor.html\">Tumor</a></p></div><p><b>identifier</b>: id:\u00a01234567890</p><h3>Collections</h3><table class=\"grid\"><tr><td style=\"display: none\">-</td><td><b>Collected[x]</b></td></tr><tr><td style=\"display: none\">*</td><td>2023-08-16 04:49:38+0000</td></tr></table></div>"
  },
  "identifier" : [{
    "system" : "http://example.org/identifier",
    "value" : "1234567890"
  }],
  "collection" : {
    "collectedDateTime" : "2023-08-16T04:49:38Z"
  }
}