{
  "resourceType" : "ValueSet",
  "id" : "obds-op-komplikation-vs",
  "text" : {
    "status" : "generated",
    "div" : "<div xmlns=\"http://www.w3.org/1999/xhtml\"><p>This value set includes codes based on the following rules:</p><ul><li>Include all codes defined in <a href=\"CodeSystem-obds-op-komplikation-cs.html\"><code>http://krebsregister-rlp.de/fhir/tumorboard/CodeSystem/obds-op-komplikation-cs</code></a></li><li>Include all codes defined in <a href=\"https://simplifier.net/resolve?scope=de.basisprofil.r4@1.4.0&amp;canonical=http://fhir.de/CodeSystem/bfarm/icd-10-gm\"><code>http://fhir.de/CodeSystem/bfarm/icd-10-gm</code></a></li></ul></div>"
  },
  "url" : "http://krebsregister-rlp.de/fhir/tumorboard/ValueSet/obds-op-komplikation-vs",
  "version" : "0.1.0",
  "name" : "ObdsOpKomplikationVS",
  "title" : "oBDS Operation Komplikation Value Set",
  "status" : "draft",
  "date" : "2024-02-29T10:35:30+00:00",
  "publisher" : "IDG Institut für digitale Gesundheitsdaten RLP gGmbH",
  "contact" : [{
    "name" : "IDG Institut für digitale Gesundheitsdaten RLP gGmbH",
    "telecom" : [{
      "system" : "url",
      "value" : "https://www.krebsregister-rlp.de/"
    },
    {
      "system" : "email",
      "value" : "info@krebsregister-rlp.de"
    }]
  }],
  "description" : "Komplikation gemäß Vorgabe oBDS.",
  "compose" : {
    "include" : [{
      "system" : "http://krebsregister-rlp.de/fhir/tumorboard/CodeSystem/obds-op-komplikation-cs"
    },
    {
      "system" : "http://fhir.de/CodeSystem/bfarm/icd-10-gm"
    }]
  }
}