{
  "resourceType" : "ValueSet",
  "id" : "tnm-regional-nodes-category-vs",
  "text" : {
    "status" : "generated",
    "div" : "<div xmlns=\"http://www.w3.org/1999/xhtml\"><p>This value set includes codes based on the following rules:</p><ul><li>Include codes from <a href=\"http://www.snomed.org/\"><code>http://snomed.info/sct</code></a> where concept  descends from  1222588006 (American Joint Committee on Cancer clinical N category allowable value (qualifier value))</li><li>Include codes from <a href=\"http://www.snomed.org/\"><code>http://snomed.info/sct</code></a> where concept  descends from  1222590007 (American Joint Committee on Cancer pathological N category allowable value (qualifier value))</li><li>Include codes from <a href=\"http://www.snomed.org/\"><code>http://snomed.info/sct</code></a> where concept  descends from  1222596001 (American Joint Committee on Cancer ypN category allowable value (qualifier value))</li></ul></div>"
  },
  "url" : "http://krebsregister-rlp.de/fhir/tumorboard/ValueSet/tnm-regional-nodes-category-vs",
  "version" : "0.1.0",
  "name" : "TNMRegionalNodesCategoryVS",
  "title" : "TNM Regional Nodes Category Value Set",
  "status" : "draft",
  "experimental" : false,
  "date" : "2024-02-29T10:08:17+00:00",
  "publisher" : "IDG Institut für digitale Gesundheitsdaten RLP gGmbH",
  "contact" : [{
    "name" : "IDG Institut für digitale Gesundheitsdaten RLP gGmbH",
    "telecom" : [{
      "system" : "url",
      "value" : "https://www.krebsregister-rlp.de/"
    },
    {
      "system" : "email",
      "value" : "info@krebsregister-rlp.de"
    }]
  }],
  "description" : "Result values for N category. This value set contains SNOMED-CT equivalents of UICC codes for the N category, according to TNM staging rules.",
  "copyright" : "This value set includes content from SNOMED CT, which is copyright © 2002+ International Health Terminology Standards Development Organisation (IHTSDO), and distributed by agreement between IHTSDO and HL7. Implementer use of SNOMED CT is not covered by this agreement",
  "compose" : {
    "include" : [{
      "system" : "http://snomed.info/sct",
      "filter" : [{
        "property" : "concept",
        "op" : "descendent-of",
        "value" : "1222588006"
      }]
    },
    {
      "system" : "http://snomed.info/sct",
      "filter" : [{
        "property" : "concept",
        "op" : "descendent-of",
        "value" : "1222590007"
      }]
    },
    {
      "system" : "http://snomed.info/sct",
      "filter" : [{
        "property" : "concept",
        "op" : "descendent-of",
        "value" : "1222596001"
      }]
    }]
  }
}