<?xml version="1.0" encoding="UTF-8"?><CodeSystem xmlns="http://hl7.org/fhir"><id value="krebsstadium-cs"/><text><status value="generated"/><div xmlns="http://www.w3.org/1999/xhtml"><p>This  code system <code>https://www.uicc.org/resources/tnm</code> defines the following codes:</p><table class="codes"><tr><td style="white-space:nowrap"><b>Code</b></td><td><b>Display</b></td></tr><tr><td style="white-space:nowrap">okk<a name="krebsstadium-cs-okk"> </a></td><td>Stadium X</td></tr><tr><td style="white-space:nowrap">0<a name="krebsstadium-cs-0"> </a></td><td>Stadium 0</td></tr><tr><td style="white-space:nowrap">0a<a name="krebsstadium-cs-0a"> </a></td><td>Stadium 0a</td></tr><tr><td style="white-space:nowrap">0is<a name="krebsstadium-cs-0is"> </a></td><td>Stadium 0is</td></tr><tr><td style="white-space:nowrap">I<a name="krebsstadium-cs-I"> </a></td><td>Stadium I</td></tr><tr><td style="white-space:nowrap">IA1<a name="krebsstadium-cs-IA1"> </a></td><td>Stadium IA1</td></tr><tr><td style="white-space:nowrap">IA2<a name="krebsstadium-cs-IA2"> </a></td><td>Stadium IA2</td></tr><tr><td style="white-space:nowrap">IA3<a name="krebsstadium-cs-IA3"> </a></td><td>Stadium IA3</td></tr><tr><td style="white-space:nowrap">IB<a name="krebsstadium-cs-IB"> </a></td><td>Stadium IB</td></tr><tr><td style="white-space:nowrap">IB1<a name="krebsstadium-cs-IB1"> </a></td><td>Stadium IB1</td></tr><tr><td style="white-space:nowrap">IB2<a name="krebsstadium-cs-IB2"> </a></td><td>Stadium IB2</td></tr><tr><td style="white-space:nowrap">IC<a name="krebsstadium-cs-IC"> </a></td><td>Stadium IC</td></tr><tr><td style="white-space:nowrap">IS<a name="krebsstadium-cs-IS"> </a></td><td>Stadium IS</td></tr><tr><td style="white-space:nowrap">II<a name="krebsstadium-cs-II"> </a></td><td>Stadium II</td></tr><tr><td style="white-space:nowrap">IIA<a name="krebsstadium-cs-IIA"> </a></td><td>Stadium IIA</td></tr><tr><td style="white-space:nowrap">IIA1<a name="krebsstadium-cs-IIA1"> </a></td><td>Stadium IIA1</td></tr><tr><td style="white-space:nowrap">IIA2<a name="krebsstadium-cs-IIA2"> </a></td><td>Stadium IIA2</td></tr><tr><td style="white-space:nowrap">IIB<a name="krebsstadium-cs-IIB"> </a></td><td>Stadium IIB</td></tr><tr><td style="white-space:nowrap">IIC<a name="krebsstadium-cs-IIC"> </a></td><td>Stadium IIC</td></tr><tr><td style="white-space:nowrap">III<a name="krebsstadium-cs-III"> </a></td><td>Stadium III</td></tr><tr><td style="white-space:nowrap">IIIA<a name="krebsstadium-cs-IIIA"> </a></td><td>Stadium IIIA</td></tr><tr><td style="white-space:nowrap">IIIA1<a name="krebsstadium-cs-IIIA1"> </a></td><td>Stadium IIIA1</td></tr><tr><td style="white-space:nowrap">IIIA2<a name="krebsstadium-cs-IIIA2"> </a></td><td>Stadium IIIA2</td></tr><tr><td style="white-space:nowrap">IIIB<a name="krebsstadium-cs-IIIB"> </a></td><td>Stadium IIIB</td></tr><tr><td style="white-space:nowrap">IIIC<a name="krebsstadium-cs-IIIC"> </a></td><td>Stadium IIIC</td></tr><tr><td style="white-space:nowrap">IIIC1<a name="krebsstadium-cs-IIIC1"> </a></td><td>Stadium IIIC1</td></tr><tr><td style="white-space:nowrap">IIIC2<a name="krebsstadium-cs-IIIC2"> </a></td><td>Stadium IIIC2</td></tr><tr><td style="white-space:nowrap">IV<a name="krebsstadium-cs-IV"> </a></td><td>Stadium IV</td></tr><tr><td style="white-space:nowrap">IVA<a name="krebsstadium-cs-IVA"> </a></td><td>Stadium IVA</td></tr><tr><td style="white-space:nowrap">IVB<a name="krebsstadium-cs-IVB"> </a></td><td>Stadium IVB</td></tr><tr><td style="white-space:nowrap">IVC<a name="krebsstadium-cs-IVC"> </a></td><td>Stadium IVC</td></tr></table></div></text><url value="https://www.uicc.org/resources/tnm"/><version value="0.1.0"/><name value="KrebsstadiumCS"/><title value="Krebsstadium CodeSystem"/><status value="draft"/><date value="2024-05-28T11:48:18+00:00"/><publisher value="IDG Institut für digitale Gesundheitsdaten RLP gGmbH"/><contact><name value="IDG Institut für digitale Gesundheitsdaten RLP gGmbH"/><telecom><system value="url"/><value value="https://www.idg-rlp.de/"/></telecom><telecom><system value="email"/><value value="info@idg-rlp.de"/></telecom></contact><description value="KrebsstadiumCS"/><content value="complete"/><count value="31"/><concept><code value="okk"/><display value="Stadium X"/></concept><concept><code value="0"/><display value="Stadium 0"/></concept><concept><code value="0a"/><display value="Stadium 0a"/></concept><concept><code value="0is"/><display value="Stadium 0is"/></concept><concept><code value="I"/><display value="Stadium I"/></concept><concept><code value="IA1"/><display value="Stadium IA1"/></concept><concept><code value="IA2"/><display value="Stadium IA2"/></concept><concept><code value="IA3"/><display value="Stadium IA3"/></concept><concept><code value="IB"/><display value="Stadium IB"/></concept><concept><code value="IB1"/><display value="Stadium IB1"/></concept><concept><code value="IB2"/><display value="Stadium IB2"/></concept><concept><code value="IC"/><display value="Stadium IC"/></concept><concept><code value="IS"/><display value="Stadium IS"/></concept><concept><code value="II"/><display value="Stadium II"/></concept><concept><code value="IIA"/><display value="Stadium IIA"/></concept><concept><code value="IIA1"/><display value="Stadium IIA1"/></concept><concept><code value="IIA2"/><display value="Stadium IIA2"/></concept><concept><code value="IIB"/><display value="Stadium IIB"/></concept><concept><code value="IIC"/><display value="Stadium IIC"/></concept><concept><code value="III"/><display value="Stadium III"/></concept><concept><code value="IIIA"/><display value="Stadium IIIA"/></concept><concept><code value="IIIA1"/><display value="Stadium IIIA1"/></concept><concept><code value="IIIA2"/><display value="Stadium IIIA2"/></concept><concept><code value="IIIB"/><display value="Stadium IIIB"/></concept><concept><code value="IIIC"/><display value="Stadium IIIC"/></concept><concept><code value="IIIC1"/><display value="Stadium IIIC1"/></concept><concept><code value="IIIC2"/><display value="Stadium IIIC2"/></concept><concept><code value="IV"/><display value="Stadium IV"/></concept><concept><code value="IVA"/><display value="Stadium IVA"/></concept><concept><code value="IVB"/><display value="Stadium IVB"/></concept><concept><code value="IVC"/><display value="Stadium IVC"/></concept></CodeSystem>