<?xml version="1.0" encoding="UTF-8"?><CodeSystem xmlns="http://hl7.org/fhir"><id value="perineurale-invasion-cs"/><text><status value="generated"/><div xmlns="http://www.w3.org/1999/xhtml"><p class="res-header-id"><b>Generated Narrative: CodeSystem perineurale-invasion-cs</b></p><a name="perineurale-invasion-cs"> </a><a name="hcperineurale-invasion-cs"> </a><a name="perineurale-invasion-cs-en-US"> </a><p>This  code system <code>http://idg-rlp.de/fhir/tumorkonferenzen/CodeSystem/perineurale-invasion-cs</code> defines the following codes:</p><table class="codes"><tr><td style="white-space:nowrap"><b>Code</b></td><td><b>Display</b></td></tr><tr><td style="white-space:nowrap">PNX<a name="perineurale-invasion-cs-PNX"> </a></td><td>Perineurale Invasion kann nicht beurteilt werden</td></tr><tr><td style="white-space:nowrap">PN0<a name="perineurale-invasion-cs-PN0"> </a></td><td>Keine perineurale Invasion</td></tr><tr><td style="white-space:nowrap">PN1<a name="perineurale-invasion-cs-PN1"> </a></td><td>Perineurale Invasion</td></tr></table></div></text><url value="http://idg-rlp.de/fhir/tumorkonferenzen/CodeSystem/perineurale-invasion-cs"/><version value="0.1.0"/><name value="PerineuraleInvasionCS"/><title value="Perineurale Invasion CodeSystem"/><status value="draft"/><date value="2024-10-31T11:09:37+00:00"/><publisher value="IDG Institut für digitale Gesundheitsdaten RLP gGmbH"/><contact><name value="IDG Institut für digitale Gesundheitsdaten RLP gGmbH"/><telecom><system value="url"/><value value="https://www.idg-rlp.de/"/></telecom><telecom><system value="email"/><value value="info@idg-rlp.de"/></telecom></contact><description value="PerineuraleInvasionCS"/><content value="complete"/><count value="3"/><concept><code value="PNX"/><display value="Perineurale Invasion kann nicht beurteilt werden"/></concept><concept><code value="PN0"/><display value="Keine perineurale Invasion"/></concept><concept><code value="PN1"/><display value="Perineurale Invasion"/></concept></CodeSystem>