<?xml version="1.0" encoding="UTF-8"?><CodeSystem xmlns="http://hl7.org/fhir"><id value="obds-op-komplikation-cs"/><text><status value="generated"/><div xmlns="http://www.w3.org/1999/xhtml"><p>This  code system <code>http://idg-rlp.de/fhir/tumorkonferenzen/CodeSystem/obds-op-komplikation-cs</code> defines the following codes:</p><table class="codes"><tr><td style="white-space:nowrap"><b>Code</b></td><td><b>Display</b></td></tr><tr><td style="white-space:nowrap">N<a name="obds-op-komplikation-cs-N"> </a></td><td>nein</td></tr><tr><td style="white-space:nowrap">U<a name="obds-op-komplikation-cs-U"> </a></td><td>unbekannt</td></tr><tr><td style="white-space:nowrap">ABD<a name="obds-op-komplikation-cs-ABD"> </a></td><td>Abszess in einem Drainagekanal</td></tr><tr><td style="white-space:nowrap">ABS<a name="obds-op-komplikation-cs-ABS"> </a></td><td>Abszess, intraabdominaler oder intrathorakaler</td></tr><tr><td style="white-space:nowrap">ASF<a name="obds-op-komplikation-cs-ASF"> </a></td><td>Abszess, subfaszialer</td></tr><tr><td style="white-space:nowrap">ANI<a name="obds-op-komplikation-cs-ANI"> </a></td><td>Akute Niereninsuffizienz</td></tr><tr><td style="white-space:nowrap">AEP<a name="obds-op-komplikation-cs-AEP"> </a></td><td>Alkoholentzugspsychose</td></tr><tr><td style="white-space:nowrap">ALR<a name="obds-op-komplikation-cs-ALR"> </a></td><td>Allergische Reaktion ohne Schocksymptomatik</td></tr><tr><td style="white-space:nowrap">ANS<a name="obds-op-komplikation-cs-ANS"> </a></td><td>Anaphylaktischer Schock</td></tr><tr><td style="white-space:nowrap">AEE<a name="obds-op-komplikation-cs-AEE"> </a></td><td>Anastomoseninsuffizienz einer Enterostomie</td></tr><tr><td style="white-space:nowrap">API<a name="obds-op-komplikation-cs-API"> </a></td><td>Apoplektischer Insult</td></tr><tr><td style="white-space:nowrap">BIF<a name="obds-op-komplikation-cs-BIF"> </a></td><td>Biliäre Fistel</td></tr><tr><td style="white-space:nowrap">BOG<a name="obds-op-komplikation-cs-BOG"> </a></td><td>Blutung, obere gastrointestinale (z. B „Stressulkus“)</td></tr><tr><td style="white-space:nowrap">BOE<a name="obds-op-komplikation-cs-BOE"> </a></td><td>Bolusverlegung eines Endotubus</td></tr><tr><td style="white-space:nowrap">BSI<a name="obds-op-komplikation-cs-BSI"> </a></td><td>Bronchusstumpfinsuffizienz</td></tr><tr><td style="white-space:nowrap">CHI<a name="obds-op-komplikation-cs-CHI"> </a></td><td>Cholangitis</td></tr><tr><td style="white-space:nowrap">DAI<a name="obds-op-komplikation-cs-DAI"> </a></td><td>Darmanastomoseninsuffizienz</td></tr><tr><td style="white-space:nowrap">DPS<a name="obds-op-komplikation-cs-DPS"> </a></td><td>Darmpassagestörungen (z. B. protrahierte Atonie, Subileus, Ileus)</td></tr><tr><td style="white-space:nowrap">DIC<a name="obds-op-komplikation-cs-DIC"> </a></td><td>Disseminierte intravasale Koagulopathie</td></tr><tr><td style="white-space:nowrap">DEP<a name="obds-op-komplikation-cs-DEP"> </a></td><td>Drogenentzugspsychose</td></tr><tr><td style="white-space:nowrap">DLU<a name="obds-op-komplikation-cs-DLU"> </a></td><td>Druck- und Lagerungsschäden, z. B. Dekubitalulzera</td></tr><tr><td style="white-space:nowrap">DSI<a name="obds-op-komplikation-cs-DSI"> </a></td><td>Duodenalstumpfinsuffizienz</td></tr><tr><td style="white-space:nowrap">ENF<a name="obds-op-komplikation-cs-ENF"> </a></td><td>Enterale Fistel</td></tr><tr><td style="white-space:nowrap">GER<a name="obds-op-komplikation-cs-GER"> </a></td><td>Gerinnungsstörung</td></tr><tr><td style="white-space:nowrap">HEM<a name="obds-op-komplikation-cs-HEM"> </a></td><td>Hämatemesis</td></tr><tr><td style="white-space:nowrap">HUR<a name="obds-op-komplikation-cs-HUR"> </a></td><td>Hämaturie</td></tr><tr><td style="white-space:nowrap">HAE<a name="obds-op-komplikation-cs-HAE"> </a></td><td>Hämorrhagischer Schock</td></tr><tr><td style="white-space:nowrap">HFI<a name="obds-op-komplikation-cs-HFI"> </a></td><td>Harnfistel</td></tr><tr><td style="white-space:nowrap">HNK<a name="obds-op-komplikation-cs-HNK"> </a></td><td>Hautnekrose im Operationsbereich</td></tr><tr><td style="white-space:nowrap">HZI<a name="obds-op-komplikation-cs-HZI"> </a></td><td>Herzinsuffizienz</td></tr><tr><td style="white-space:nowrap">HRS<a name="obds-op-komplikation-cs-HRS"> </a></td><td>Herzrhythmusstörungen</td></tr><tr><td style="white-space:nowrap">HNA<a name="obds-op-komplikation-cs-HNA"> </a></td><td>Hirnnervenausfälle</td></tr><tr><td style="white-space:nowrap">HOP<a name="obds-op-komplikation-cs-HOP"> </a></td><td>Hirnorganisches Psychosyndrom (z. B. „Durchgangssyndrom“)</td></tr><tr><td style="white-space:nowrap">HYB<a name="obds-op-komplikation-cs-HYB"> </a></td><td>Hyperbilirubinämie</td></tr><tr><td style="white-space:nowrap">HYF<a name="obds-op-komplikation-cs-HYF"> </a></td><td>Hypopharynxfistel</td></tr><tr><td style="white-space:nowrap">IFV<a name="obds-op-komplikation-cs-IFV"> </a></td><td>Ileofemorale Venenthrombose</td></tr><tr><td style="white-space:nowrap">KAS<a name="obds-op-komplikation-cs-KAS"> </a></td><td>Kardiogener Schock</td></tr><tr><td style="white-space:nowrap">KES<a name="obds-op-komplikation-cs-KES"> </a></td><td>Komplikationen einer Stomaanlage</td></tr><tr><td style="white-space:nowrap">KIM<a name="obds-op-komplikation-cs-KIM"> </a></td><td>Komplikation eines Implantates (Gefäßprothese, Totalendoprothese, Katheter), z. B. Dislokation</td></tr><tr><td style="white-space:nowrap">KRA<a name="obds-op-komplikation-cs-KRA"> </a></td><td>Krampfanfall</td></tr><tr><td style="white-space:nowrap">KDS<a name="obds-op-komplikation-cs-KDS"> </a></td><td>Kurzdarmsyndrom</td></tr><tr><td style="white-space:nowrap">LEV<a name="obds-op-komplikation-cs-LEV"> </a></td><td>Leberversagen</td></tr><tr><td style="white-space:nowrap">LOE<a name="obds-op-komplikation-cs-LOE"> </a></td><td>Lungenödem</td></tr><tr><td style="white-space:nowrap">LYF<a name="obds-op-komplikation-cs-LYF"> </a></td><td>Lymphfistel</td></tr><tr><td style="white-space:nowrap">LYE<a name="obds-op-komplikation-cs-LYE"> </a></td><td>Lymphozele</td></tr><tr><td style="white-space:nowrap">MES<a name="obds-op-komplikation-cs-MES"> </a></td><td>Magenentleerungsstörung</td></tr><tr><td style="white-space:nowrap">MIL<a name="obds-op-komplikation-cs-MIL"> </a></td><td>Mechanischer Ileus</td></tr><tr><td style="white-space:nowrap">MED<a name="obds-op-komplikation-cs-MED"> </a></td><td>Mediastinitis</td></tr><tr><td style="white-space:nowrap">MAT<a name="obds-op-komplikation-cs-MAT"> </a></td><td>Mesenterialarterien- oder -venenthrombose</td></tr><tr><td style="white-space:nowrap">MYI<a name="obds-op-komplikation-cs-MYI"> </a></td><td>Myokardinfarkt</td></tr><tr><td style="white-space:nowrap">RNB<a name="obds-op-komplikation-cs-RNB"> </a></td><td>Nachblutung, revisionsbedürftig, anderweitig nicht erwähnt</td></tr><tr><td style="white-space:nowrap">NAB<a name="obds-op-komplikation-cs-NAB"> </a></td><td>Nachblutung, nicht revisionsbedürftig, anderweitig nicht erwähnt</td></tr><tr><td style="white-space:nowrap">NIN<a name="obds-op-komplikation-cs-NIN"> </a></td><td>Nahtinsuffizienz, anderweitig nicht erwähnt</td></tr><tr><td style="white-space:nowrap">OES<a name="obds-op-komplikation-cs-OES"> </a></td><td>Ösophagitis</td></tr><tr><td style="white-space:nowrap">OSM<a name="obds-op-komplikation-cs-OSM"> </a></td><td>Osteitis, Osteomyelitis</td></tr><tr><td style="white-space:nowrap">PAF<a name="obds-op-komplikation-cs-PAF"> </a></td><td>Pankreasfistel</td></tr><tr><td style="white-space:nowrap">PIT<a name="obds-op-komplikation-cs-PIT"> </a></td><td>Pankreatitis</td></tr><tr><td style="white-space:nowrap">PAB<a name="obds-op-komplikation-cs-PAB"> </a></td><td>Peranale Blutung</td></tr><tr><td style="white-space:nowrap">PPA<a name="obds-op-komplikation-cs-PPA"> </a></td><td>Periphere Parese</td></tr><tr><td style="white-space:nowrap">PAV<a name="obds-op-komplikation-cs-PAV"> </a></td><td>Peripherer arterieller Verschluss (Embolie, Thrombose)</td></tr><tr><td style="white-space:nowrap">PER<a name="obds-op-komplikation-cs-PER"> </a></td><td>Peritonitis</td></tr><tr><td style="white-space:nowrap">PLB<a name="obds-op-komplikation-cs-PLB"> </a></td><td>Platzbauch</td></tr><tr><td style="white-space:nowrap">PEY<a name="obds-op-komplikation-cs-PEY"> </a></td><td>Pleuraempyem</td></tr><tr><td style="white-space:nowrap">PLE<a name="obds-op-komplikation-cs-PLE"> </a></td><td>Pleuraerguss</td></tr><tr><td style="white-space:nowrap">PMN<a name="obds-op-komplikation-cs-PMN"> </a></td><td>Pneumonie</td></tr><tr><td style="white-space:nowrap">PNT<a name="obds-op-komplikation-cs-PNT"> </a></td><td>Pneumothorax</td></tr><tr><td style="white-space:nowrap">PDA<a name="obds-op-komplikation-cs-PDA"> </a></td><td>Protrahierte Darmatonie (paralytischer Ileus)</td></tr><tr><td style="white-space:nowrap">PAE<a name="obds-op-komplikation-cs-PAE"> </a></td><td>Pulmonalarterienembolie</td></tr><tr><td style="white-space:nowrap">RPA<a name="obds-op-komplikation-cs-RPA"> </a></td><td>Rekurrensparese</td></tr><tr><td style="white-space:nowrap">RIN<a name="obds-op-komplikation-cs-RIN"> </a></td><td>Respiratorische Insuffizienz</td></tr><tr><td style="white-space:nowrap">SKI<a name="obds-op-komplikation-cs-SKI"> </a></td><td>Septische Komplikation eines Implantates</td></tr><tr><td style="white-space:nowrap">SES<a name="obds-op-komplikation-cs-SES"> </a></td><td>Septischer Schock</td></tr><tr><td style="white-space:nowrap">SFH<a name="obds-op-komplikation-cs-SFH"> </a></td><td>Störungen des Flüssigkeits-, Elektrolyt- und Säurebasenhaushaltes</td></tr><tr><td style="white-space:nowrap">STK<a name="obds-op-komplikation-cs-STK"> </a></td><td>Stomakomplikation (z. B. Blutung, Nekrose, Stenose)</td></tr><tr><td style="white-space:nowrap">TZP<a name="obds-op-komplikation-cs-TZP"> </a></td><td>Thrombozytopenie</td></tr><tr><td style="white-space:nowrap">TIA<a name="obds-op-komplikation-cs-TIA"> </a></td><td>(transitorische ischämische Attacke) oder Rind (reversibles ischämisches neurologisches Defizit)</td></tr><tr><td style="white-space:nowrap">TRZ<a name="obds-op-komplikation-cs-TRZ"> </a></td><td>Transfusionszwischenfall</td></tr><tr><td style="white-space:nowrap">WUH<a name="obds-op-komplikation-cs-WUH"> </a></td><td>Wundhämatom (konservativ therapiert)</td></tr><tr><td style="white-space:nowrap">WSS<a name="obds-op-komplikation-cs-WSS"> </a></td><td>Wundheilungsstörung, subkutane</td></tr></table></div></text><url value="http://idg-rlp.de/fhir/tumorkonferenzen/CodeSystem/obds-op-komplikation-cs"/><version value="0.1.0"/><name value="ObdsOpKomplikationCS"/><title value="oBDS Operation Komplikation Codesystem"/><status value="draft"/><date value="2024-04-08T16:58:24+00:00"/><publisher value="IDG Institut für digitale Gesundheitsdaten RLP gGmbH"/><contact><name value="IDG Institut für digitale Gesundheitsdaten RLP gGmbH"/><telecom><system value="url"/><value value="https://www.idg-rlp.de/"/></telecom><telecom><system value="email"/><value value="info@idg-rlp.de"/></telecom></contact><description value="Komplikation gemäß Vorgabe oBDS."/><content value="complete"/><count value="79"/><concept><code value="N"/><display value="nein"/></concept><concept><code value="U"/><display value="unbekannt"/></concept><concept><code value="ABD"/><display value="Abszess in einem Drainagekanal"/></concept><concept><code value="ABS"/><display value="Abszess, intraabdominaler oder intrathorakaler"/></concept><concept><code value="ASF"/><display value="Abszess, subfaszialer"/></concept><concept><code value="ANI"/><display value="Akute Niereninsuffizienz"/></concept><concept><code value="AEP"/><display value="Alkoholentzugspsychose"/></concept><concept><code value="ALR"/><display value="Allergische Reaktion ohne Schocksymptomatik"/></concept><concept><code value="ANS"/><display value="Anaphylaktischer Schock"/></concept><concept><code value="AEE"/><display value="Anastomoseninsuffizienz einer Enterostomie"/></concept><concept><code value="API"/><display value="Apoplektischer Insult"/></concept><concept><code value="BIF"/><display value="Biliäre Fistel"/></concept><concept><code value="BOG"/><display value="Blutung, obere gastrointestinale (z. B „Stressulkus“)"/></concept><concept><code value="BOE"/><display value="Bolusverlegung eines Endotubus"/></concept><concept><code value="BSI"/><display value="Bronchusstumpfinsuffizienz"/></concept><concept><code value="CHI"/><display value="Cholangitis"/></concept><concept><code value="DAI"/><display value="Darmanastomoseninsuffizienz"/></concept><concept><code value="DPS"/><display value="Darmpassagestörungen (z. B. protrahierte Atonie, Subileus, Ileus)"/></concept><concept><code value="DIC"/><display value="Disseminierte intravasale Koagulopathie"/></concept><concept><code value="DEP"/><display value="Drogenentzugspsychose"/></concept><concept><code value="DLU"/><display value="Druck- und Lagerungsschäden, z. B. Dekubitalulzera"/></concept><concept><code value="DSI"/><display value="Duodenalstumpfinsuffizienz"/></concept><concept><code value="ENF"/><display value="Enterale Fistel"/></concept><concept><code value="GER"/><display value="Gerinnungsstörung"/></concept><concept><code value="HEM"/><display value="Hämatemesis"/></concept><concept><code value="HUR"/><display value="Hämaturie"/></concept><concept><code value="HAE"/><display value="Hämorrhagischer Schock"/></concept><concept><code value="HFI"/><display value="Harnfistel"/></concept><concept><code value="HNK"/><display value="Hautnekrose im Operationsbereich"/></concept><concept><code value="HZI"/><display value="Herzinsuffizienz"/></concept><concept><code value="HRS"/><display value="Herzrhythmusstörungen"/></concept><concept><code value="HNA"/><display value="Hirnnervenausfälle"/></concept><concept><code value="HOP"/><display value="Hirnorganisches Psychosyndrom (z. B. „Durchgangssyndrom“)"/></concept><concept><code value="HYB"/><display value="Hyperbilirubinämie"/></concept><concept><code value="HYF"/><display value="Hypopharynxfistel"/></concept><concept><code value="IFV"/><display value="Ileofemorale Venenthrombose"/></concept><concept><code value="KAS"/><display value="Kardiogener Schock"/></concept><concept><code value="KES"/><display value="Komplikationen einer Stomaanlage"/></concept><concept><code value="KIM"/><display value="Komplikation eines Implantates (Gefäßprothese, Totalendoprothese, Katheter), z. B. Dislokation"/></concept><concept><code value="KRA"/><display value="Krampfanfall"/></concept><concept><code value="KDS"/><display value="Kurzdarmsyndrom"/></concept><concept><code value="LEV"/><display value="Leberversagen"/></concept><concept><code value="LOE"/><display value="Lungenödem"/></concept><concept><code value="LYF"/><display value="Lymphfistel"/></concept><concept><code value="LYE"/><display value="Lymphozele"/></concept><concept><code value="MES"/><display value="Magenentleerungsstörung"/></concept><concept><code value="MIL"/><display value="Mechanischer Ileus"/></concept><concept><code value="MED"/><display value="Mediastinitis"/></concept><concept><code value="MAT"/><display value="Mesenterialarterien- oder -venenthrombose"/></concept><concept><code value="MYI"/><display value="Myokardinfarkt"/></concept><concept><code value="RNB"/><display value="Nachblutung, revisionsbedürftig, anderweitig nicht erwähnt"/></concept><concept><code value="NAB"/><display value="Nachblutung, nicht revisionsbedürftig, anderweitig nicht erwähnt"/></concept><concept><code value="NIN"/><display value="Nahtinsuffizienz, anderweitig nicht erwähnt"/></concept><concept><code value="OES"/><display value="Ösophagitis"/></concept><concept><code value="OSM"/><display value="Osteitis, Osteomyelitis"/></concept><concept><code value="PAF"/><display value="Pankreasfistel"/></concept><concept><code value="PIT"/><display value="Pankreatitis"/></concept><concept><code value="PAB"/><display value="Peranale Blutung"/></concept><concept><code value="PPA"/><display value="Periphere Parese"/></concept><concept><code value="PAV"/><display value="Peripherer arterieller Verschluss (Embolie, Thrombose)"/></concept><concept><code value="PER"/><display value="Peritonitis"/></concept><concept><code value="PLB"/><display value="Platzbauch"/></concept><concept><code value="PEY"/><display value="Pleuraempyem"/></concept><concept><code value="PLE"/><display value="Pleuraerguss"/></concept><concept><code value="PMN"/><display value="Pneumonie"/></concept><concept><code value="PNT"/><display value="Pneumothorax"/></concept><concept><code value="PDA"/><display value="Protrahierte Darmatonie (paralytischer Ileus)"/></concept><concept><code value="PAE"/><display value="Pulmonalarterienembolie"/></concept><concept><code value="RPA"/><display value="Rekurrensparese"/></concept><concept><code value="RIN"/><display value="Respiratorische Insuffizienz"/></concept><concept><code value="SKI"/><display value="Septische Komplikation eines Implantates"/></concept><concept><code value="SES"/><display value="Septischer Schock"/></concept><concept><code value="SFH"/><display value="Störungen des Flüssigkeits-, Elektrolyt- und Säurebasenhaushaltes"/></concept><concept><code value="STK"/><display value="Stomakomplikation (z. B. Blutung, Nekrose, Stenose)"/></concept><concept><code value="TZP"/><display value="Thrombozytopenie"/></concept><concept><code value="TIA"/><display value="(transitorische ischämische Attacke) oder Rind (reversibles ischämisches neurologisches Defizit)"/></concept><concept><code value="TRZ"/><display value="Transfusionszwischenfall"/></concept><concept><code value="WUH"/><display value="Wundhämatom (konservativ therapiert)"/></concept><concept><code value="WSS"/><display value="Wundheilungsstörung, subkutane"/></concept></CodeSystem>