<?xml version="1.0" encoding="UTF-8"?><CodeSystem xmlns="http://hl7.org/fhir"><id value="HistoGradeCS"/><text><status value="generated"/><div xmlns="http://www.w3.org/1999/xhtml"><p>This  code system <code>http://idg-rlp.de/fhir/tumorkonferenzen/CodeSystem/HistoGradeCS</code> defines the following codes:</p><table class="codes"><tr><td style="white-space:nowrap"><b>Code</b></td><td><b>Display</b></td></tr><tr><td style="white-space:nowrap">0<a name="HistoGradeCS-0"> </a></td><td>Primär erworbene Melanose ohne zelluläre Atypien</td></tr><tr><td style="white-space:nowrap">1<a name="HistoGradeCS-1"> </a></td><td>Gut differenziert</td></tr><tr><td style="white-space:nowrap">2<a name="HistoGradeCS-2"> </a></td><td>Mäßig differenziert</td></tr><tr><td style="white-space:nowrap">3<a name="HistoGradeCS-3"> </a></td><td>Schlecht differenziert</td></tr><tr><td style="white-space:nowrap">4<a name="HistoGradeCS-4"> </a></td><td>Undifferenziert</td></tr><tr><td style="white-space:nowrap">5<a name="HistoGradeCS-5"> </a></td><td>Nur für C61, TNM8</td></tr><tr><td style="white-space:nowrap">X<a name="HistoGradeCS-X"> </a></td><td>Nicht bestimmbar</td></tr><tr><td style="white-space:nowrap">L<a name="HistoGradeCS-L"> </a></td><td>Low grade (G1 oder G2)</td></tr><tr><td style="white-space:nowrap">M<a name="HistoGradeCS-M"> </a></td><td>Intermediate grade (G2 oder G3)</td></tr><tr><td style="white-space:nowrap">H<a name="HistoGradeCS-H"> </a></td><td>High grade (G3 oder G4)</td></tr><tr><td style="white-space:nowrap">B<a name="HistoGradeCS-B"> </a></td><td>Borderline</td></tr><tr><td style="white-space:nowrap">U<a name="HistoGradeCS-U"> </a></td><td>Unbekannt</td></tr><tr><td style="white-space:nowrap">T<a name="HistoGradeCS-T"> </a></td><td>Trifft nicht zu</td></tr></table></div></text><url value="http://idg-rlp.de/fhir/tumorkonferenzen/CodeSystem/HistoGradeCS"/><version value="0.1.0"/><name value="HistoGradeCS"/><title value="Histopathologische Grading Codes oBDS"/><status value="draft"/><date value="2024-05-28T11:23:31+00:00"/><publisher value="IDG Institut für digitale Gesundheitsdaten RLP gGmbH"/><contact><name value="IDG Institut für digitale Gesundheitsdaten RLP gGmbH"/><telecom><system value="url"/><value value="https://www.idg-rlp.de/"/></telecom><telecom><system value="email"/><value value="info@idg-rlp.de"/></telecom></contact><description value="oBDS Grading Codes"/><content value="complete"/><count value="13"/><concept><code value="0"/><display value="Primär erworbene Melanose ohne zelluläre Atypien"/></concept><concept><code value="1"/><display value="Gut differenziert"/></concept><concept><code value="2"/><display value="Mäßig differenziert"/></concept><concept><code value="3"/><display value="Schlecht differenziert"/></concept><concept><code value="4"/><display value="Undifferenziert"/></concept><concept><code value="5"/><display value="Nur für C61, TNM8"/></concept><concept><code value="X"/><display value="Nicht bestimmbar"/></concept><concept><code value="L"/><display value="Low grade (G1 oder G2)"/></concept><concept><code value="M"/><display value="Intermediate grade (G2 oder G3)"/></concept><concept><code value="H"/><display value="High grade (G3 oder G4)"/></concept><concept><code value="B"/><display value="Borderline"/></concept><concept><code value="U"/><display value="Unbekannt"/></concept><concept><code value="T"/><display value="Trifft nicht zu"/></concept></CodeSystem>