<?xml version="1.0" encoding="UTF-8"?><ValueSet xmlns="http://hl7.org/fhir"><id value="tnm-stage-group-staging-type-vs"/><text><status value="generated"/><div xmlns="http://www.w3.org/1999/xhtml"><ul><li>Include these codes as defined in <a href="http://loinc.org"><code>http://loinc.org</code></a><table class="none"><tr><td style="white-space:nowrap"><b>Code</b></td><td><b>Display</b></td></tr><tr><td><a href="https://loinc.org/21908-9/">21908-9</a></td><td>Stage group.clinical Cancer</td></tr><tr><td><a href="https://loinc.org/21902-2/">21902-2</a></td><td>Stage group.pathology Cancer</td></tr><tr><td><a href="https://loinc.org/21914-7/">21914-7</a></td><td>Stage group.other Cancer</td></tr></table></li></ul></div></text><url value="http://idg-rlp.de/fhir/tumorkonferenzen/ValueSet/tnm-stage-group-staging-type-vs"/><version value="0.1.0"/><name value="TNMStageGroupStagingTypeVS"/><title value="TNM Stage Group Staging Type Value Set"/><status value="draft"/><experimental value="false"/><date value="2024-04-08T16:58:24+00:00"/><publisher value="IDG Institut für digitale Gesundheitsdaten RLP gGmbH"/><contact><name value="IDG Institut für digitale Gesundheitsdaten RLP gGmbH"/><telecom><system value="url"/><value value="https://www.idg-rlp.de/"/></telecom><telecom><system value="email"/><value value="info@idg-rlp.de"/></telecom></contact><description value="Identifying codes for the type of cancer staging performed, i.e., clinical, pathological, or other, for the stage group observation."/><copyright value="This material contains content from LOINC (http://loinc.org). LOINC is copyright © 1995-2020, Regenstrief Institute, Inc. and the Logical Observation Identifiers Names and Codes (LOINC) Committee and is available at no cost under the license at http://loinc.org/license. LOINC® is a registered United States trademark of Regenstrief Institute, Inc"/><compose><include><system value="http://loinc.org"/><concept><code value="21908-9"/><display value="Stage group.clinical Cancer"/></concept><concept><code value="21902-2"/><display value="Stage group.pathology Cancer"/></concept><concept><code value="21914-7"/><display value="Stage group.other Cancer"/></concept></include></compose></ValueSet>