<?xml version="1.0" encoding="UTF-8"?><ValueSet xmlns="http://hl7.org/fhir"><id value="ja-nein-beratung-vs"/><text><status value="generated"/><div xmlns="http://www.w3.org/1999/xhtml"><p class="res-header-id"><b>Generated Narrative: ValueSet ja-nein-beratung-vs</b></p><a name="ja-nein-beratung-vs"> </a><a name="hcja-nein-beratung-vs"> </a><a name="ja-nein-beratung-vs-en-US"> </a><p>This value set includes codes based on the following rules:</p><ul><li>Include these codes as defined in <a href="http://www.snomed.org/"><code>http://snomed.info/sct</code></a><table class="none"><tr><td style="white-space:nowrap"><b>Code</b></td><td><b>Display</b></td></tr><tr><td><a href="http://snomed.info/id/373066001">373066001</a></td><td>Ja</td></tr><tr><td><a href="http://snomed.info/id/373067005">373067005</a></td><td>Nein</td></tr></table></li><li>Include these codes as defined in <code>http://idg-rlp.de/fhir/tumorkonferenzen/CodeSystem/CustomCodes</code><table class="none"><tr><td style="white-space:nowrap"><b>Code</b></td><td><b>Display</b></td></tr><tr><td>beratungSchonErfolgt</td><td>Beratung schon erfolgt</td></tr></table></li></ul></div></text><url value="http://idg-rlp.de/fhir/tumorkonferenzen/ValueSet/ja-nein-beratung-vs"/><version value="0.1.0"/><name value="JaNeinBeratungVS"/><title value="Ja, Nein, Beratung schon erfolgt ValueSet"/><status value="draft"/><date value="2024-12-02T15:35:52+00:00"/><publisher value="IDG Institut für digitale Gesundheitsdaten RLP gGmbH"/><contact><name value="IDG Institut für digitale Gesundheitsdaten RLP gGmbH"/><telecom><system value="url"/><value value="https://www.idg-rlp.de/"/></telecom><telecom><system value="email"/><value value="info@idg-rlp.de"/></telecom></contact><description value="Ein ValueSet mit den Codes für Ja, Nein und Beratung schon erfolgt."/><compose><include><system value="http://snomed.info/sct"/><concept><code value="373066001"/><display value="Ja"/></concept><concept><code value="373067005"/><display value="Nein"/></concept></include><include><system value="http://idg-rlp.de/fhir/tumorkonferenzen/CodeSystem/CustomCodes"/><concept><code value="beratungSchonErfolgt"/><display value="Beratung schon erfolgt"/></concept></include></compose></ValueSet>