<?xml version="1.0" encoding="UTF-8"?><ValueSet xmlns="http://hl7.org/fhir"><id value="HistoGradeVS"/><text><status value="generated"/><div xmlns="http://www.w3.org/1999/xhtml"><ul><li>Include all codes defined in <a href="CodeSystem-HistoGradeCS.html"><code>http://idg-rlp.de/fhir/tumorkonferenzen/CodeSystem/HistoGradeCS</code></a></li></ul></div></text><url value="http://idg-rlp.de/fhir/tumorkonferenzen/ValueSet/HistoGradeVS"/><version value="0.1.0"/><name value="HistoGradeVS"/><title value="HistoGradeVS"/><status value="draft"/><date value="2024-04-08T16:49:27+00:00"/><publisher value="IDG Institut für digitale Gesundheitsdaten RLP gGmbH"/><contact><name value="IDG Institut für digitale Gesundheitsdaten RLP gGmbH"/><telecom><system value="url"/><value value="https://www.idg-rlp.de/"/></telecom><telecom><system value="email"/><value value="info@idg-rlp.de"/></telecom></contact><description value="HistoGradeVS"/><compose><include><system value="http://idg-rlp.de/fhir/tumorkonferenzen/CodeSystem/HistoGradeCS"/></include></compose></ValueSet>