<?xml version="1.0" encoding="UTF-8"?><ValueSet xmlns="http://hl7.org/fhir"><id value="ecog-performance-status"/><text><status value="generated"/><div xmlns="http://www.w3.org/1999/xhtml"><p class="res-header-id"><b>Generated Narrative: ValueSet ecog-performance-status</b></p><a name="ecog-performance-status"> </a><a name="hcecog-performance-status"> </a><a name="ecog-performance-status-en-US"> </a><ul><li>Include these codes as defined in <a href="http://loinc.org"><code>http://loinc.org</code></a><table class="none"><tr><td style="white-space:nowrap"><b>Code</b></td><td><b>Display</b></td></tr><tr><td><a href="https://loinc.org/LA9622-7/">LA9622-7</a></td><td>ECOG 0 (Normale, uneingeschränkte Aktivität wie vor der Erkrankung)</td></tr><tr><td><a href="https://loinc.org/LA9623-5/">LA9623-5</a></td><td>ECOG 1: (Einschränkung bei körperlicher Anstrengung, aber gehfähig; leichte körperliche Arbeit bzw. Arbeit im Sitzen)</td></tr><tr><td><a href="https://loinc.org/LA9624-3/">LA9624-3</a></td><td>ECOG 2: (Gehfähig, Selbstversorgung möglich, aber nicht arbeitsfähig; kann mehr als 50% der Wachzeit aufstehen)</td></tr><tr><td><a href="https://loinc.org/LA9625-0/">LA9625-0</a></td><td>ECOG 3: (Nur begrenzte Selbstversorgung möglich; ist 50% oder mehr der Wachzeit an Bett oder Stuhl gebunden)</td></tr><tr><td><a href="https://loinc.org/LA9626-8/">LA9626-8</a></td><td>ECOG 4: (Völlig pflegebedürftig, keinerlei Selbstversorgung möglich; völlig an Bett oder Stuhl gebunden)</td></tr><tr><td><a href="https://loinc.org/LA9627-6/">LA9627-6</a></td><td>ECOG 5: (Tod)</td></tr><tr><td><a href="https://loinc.org/LA4489-6/">LA4489-6</a></td><td>ECOG Status unbekannt</td></tr></table></li></ul></div></text><url value="http://idg-rlp.de/fhir/tumorkonferenzen/ValueSet/ecog-performance-status"/><version value="0.1.0"/><name value="ECOGPerformanceStatusVS"/><title value="ECOG"/><status value="draft"/><date value="2024-10-31T11:09:58+00:00"/><publisher value="IDG Institut für digitale Gesundheitsdaten RLP gGmbH"/><contact><name value="IDG Institut für digitale Gesundheitsdaten RLP gGmbH"/><telecom><system value="url"/><value value="https://www.idg-rlp.de/"/></telecom><telecom><system value="email"/><value value="info@idg-rlp.de"/></telecom></contact><description value="ECOG Performance Status (Level 0-5)."/><compose><include><system value="http://loinc.org"/><concept><code value="LA9622-7"/><display value="ECOG 0 (Normale, uneingeschränkte Aktivität wie vor der Erkrankung)"/></concept><concept><code value="LA9623-5"/><display value="ECOG 1: (Einschränkung bei körperlicher Anstrengung, aber gehfähig; leichte körperliche Arbeit bzw. Arbeit im Sitzen)"/></concept><concept><code value="LA9624-3"/><display value="ECOG 2: (Gehfähig, Selbstversorgung möglich, aber nicht arbeitsfähig; kann mehr als 50% der Wachzeit aufstehen)"/></concept><concept><code value="LA9625-0"/><display value="ECOG 3: (Nur begrenzte Selbstversorgung möglich; ist 50% oder mehr der Wachzeit an Bett oder Stuhl gebunden)"/></concept><concept><code value="LA9626-8"/><display value="ECOG 4: (Völlig pflegebedürftig, keinerlei Selbstversorgung möglich; völlig an Bett oder Stuhl gebunden)"/></concept><concept><code value="LA9627-6"/><display value="ECOG 5: (Tod)"/></concept><concept><code value="LA4489-6"/><display value="ECOG Status unbekannt"/></concept></include></compose></ValueSet>