<?xml version="1.0" encoding="UTF-8"?><ValueSet xmlns="http://hl7.org/fhir"><id value="Lymphgefaessinvasion-vs"/><text><status value="generated"/><div xmlns="http://www.w3.org/1999/xhtml"><p class="res-header-id"><b>Generated Narrative: ValueSet Lymphgefaessinvasion-vs</b></p><a name="Lymphgefaessinvasion-vs"> </a><a name="hcLymphgefaessinvasion-vs"> </a><a name="Lymphgefaessinvasion-vs-en-US"> </a><ul><li>Include all codes defined in <a href="CodeSystem-Lymphgefaessinvasion-cs.html"><code>http://idg-rlp.de/fhir/tumorkonferenzen/CodeSystem/Lymphgefaessinvasion-cs</code></a></li></ul></div></text><url value="http://idg-rlp.de/fhir/tumorkonferenzen/ValueSet/Lymphgefaessinvasion-vs"/><version value="0.1.0"/><name value="LymphgefaessinvasionVS"/><title value="Lymphgefäßinvasion ValueSet"/><status value="draft"/><date value="2024-09-17T19:55:11+00:00"/><publisher value="IDG Institut für digitale Gesundheitsdaten RLP gGmbH"/><contact><name value="IDG Institut für digitale Gesundheitsdaten RLP gGmbH"/><telecom><system value="url"/><value value="https://www.idg-rlp.de/"/></telecom><telecom><system value="email"/><value value="info@idg-rlp.de"/></telecom></contact><description value="LymphgefäßinvasionVS"/><compose><include><system value="http://idg-rlp.de/fhir/tumorkonferenzen/CodeSystem/Lymphgefaessinvasion-cs"/></include></compose></ValueSet>