<?xml version="1.0" encoding="UTF-8"?><ValueSet xmlns="http://hl7.org/fhir"><id value="obds-op-komplikation-vs"/><text><status value="generated"/><div xmlns="http://www.w3.org/1999/xhtml"><p class="res-header-id"><b>Generated Narrative: ValueSet obds-op-komplikation-vs</b></p><a name="obds-op-komplikation-vs"> </a><a name="hcobds-op-komplikation-vs"> </a><a name="obds-op-komplikation-vs-en-US"> </a><p>This value set includes codes based on the following rules:</p><ul><li>Include all codes defined in <a href="CodeSystem-obds-op-komplikation-cs.html"><code>http://idg-rlp.de/fhir/tumorkonferenzen/CodeSystem/obds-op-komplikation-cs</code></a></li><li>Include all codes defined in <a href="https://simplifier.net/resolve?scope=de.basisprofil.r4@1.5.0&amp;canonical=http://fhir.de/CodeSystem/bfarm/icd-10-gm"><code>http://fhir.de/CodeSystem/bfarm/icd-10-gm</code></a></li></ul></div></text><url value="http://idg-rlp.de/fhir/tumorkonferenzen/ValueSet/obds-op-komplikation-vs"/><version value="0.1.0"/><name value="ObdsOpKomplikationVS"/><title value="oBDS Operation Komplikation Value Set"/><status value="draft"/><date value="2024-09-18T11:11:15+00:00"/><publisher value="IDG Institut für digitale Gesundheitsdaten RLP gGmbH"/><contact><name value="IDG Institut für digitale Gesundheitsdaten RLP gGmbH"/><telecom><system value="url"/><value value="https://www.idg-rlp.de/"/></telecom><telecom><system value="email"/><value value="info@idg-rlp.de"/></telecom></contact><description value="Komplikation gemäß Vorgabe oBDS."/><compose><include><system value="http://idg-rlp.de/fhir/tumorkonferenzen/CodeSystem/obds-op-komplikation-cs"/></include><include><system value="http://fhir.de/CodeSystem/bfarm/icd-10-gm"/></include></compose></ValueSet>