<?xml version="1.0" encoding="UTF-8"?><ValueSet xmlns="http://hl7.org/fhir"><id value="veneninvasion-vs"/><text><status value="generated"/><div xmlns="http://www.w3.org/1999/xhtml"><p class="res-header-id"><b>Generated Narrative: ValueSet veneninvasion-vs</b></p><a name="veneninvasion-vs"> </a><a name="hcveneninvasion-vs"> </a><a name="veneninvasion-vs-en-US"> </a><ul><li>Include all codes defined in <a href="CodeSystem-veneninvasion-cs.html"><code>http://idg-rlp.de/fhir/tumorkonferenzen/CodeSystem/veneninvasion-cs</code></a></li></ul></div></text><url value="http://idg-rlp.de/fhir/tumorkonferenzen/ValueSet/veneninvasion-vs"/><version value="0.1.0"/><name value="VeneninvasionVS"/><title value="Veneninvasion ValueSet"/><status value="draft"/><date value="2024-10-31T11:09:37+00:00"/><publisher value="IDG Institut für digitale Gesundheitsdaten RLP gGmbH"/><contact><name value="IDG Institut für digitale Gesundheitsdaten RLP gGmbH"/><telecom><system value="url"/><value value="https://www.idg-rlp.de/"/></telecom><telecom><system value="email"/><value value="info@idg-rlp.de"/></telecom></contact><description value="VeneninvasionVS"/><compose><include><system value="http://idg-rlp.de/fhir/tumorkonferenzen/CodeSystem/veneninvasion-cs"/></include></compose></ValueSet>