<?xml version="1.0" encoding="UTF-8"?><ValueSet xmlns="http://hl7.org/fhir"><id value="tnm-distant-metastases-category-max-vs"/><text><status value="generated"/><div xmlns="http://www.w3.org/1999/xhtml"><p class="res-header-id"><b>Generated Narrative: ValueSet tnm-distant-metastases-category-max-vs</b></p><a name="tnm-distant-metastases-category-max-vs"> </a><a name="hctnm-distant-metastases-category-max-vs"> </a><a name="tnm-distant-metastases-category-max-vs-en-US"> </a><p>This value set includes codes based on the following rules:</p><ul><li>Import all the codes that are contained in <a href="ValueSet-tnm-distant-metastases-category-vs.html">TNM Distant Metastases Category Value Set</a></li><li>Include all codes defined in <a href="CodeSystem-krebsstadium-cs.html"><code>https://www.uicc.org/resources/tnm</code></a></li></ul></div></text><url value="http://idg-rlp.de/fhir/tumorkonferenzen/ValueSet/tnm-distant-metastases-category-max-vs"/><version value="0.1.0"/><name value="TNMDistantMetastasesCategoryMaxVS"/><title value="TNM Distant Metastases Maximum Value Set"/><status value="draft"/><experimental value="false"/><date value="2024-10-31T11:09:37+00:00"/><publisher value="IDG Institut für digitale Gesundheitsdaten RLP gGmbH"/><contact><name value="IDG Institut für digitale Gesundheitsdaten RLP gGmbH"/><telecom><system value="url"/><value value="https://www.idg-rlp.de/"/></telecom><telecom><system value="email"/><value value="info@idg-rlp.de"/></telecom></contact><description value="Values for TNM distant metastases category must be selected from this value set, which includes all codes from UICC and all codes from TNMDistantMetastasesCategoryVS."/><compose><include><valueSet value="http://idg-rlp.de/fhir/tumorkonferenzen/ValueSet/tnm-distant-metastases-category-vs"/></include><include><system value="https://www.uicc.org/resources/tnm"/></include></compose></ValueSet>