<?xml version="1.0" encoding="UTF-8"?><ValueSet xmlns="http://hl7.org/fhir"><id value="tnm-stage-group-max-vs"/><text><status value="generated"/><div xmlns="http://www.w3.org/1999/xhtml"><p>This value set includes codes based on the following rules:</p><ul><li>Import all the codes that are contained in <a href="ValueSet-tnm-stage-group-vs.html">TNM Stage Group Value Set</a></li><li>Include all codes defined in <code>https://www.uicc.org/resources/tnm</code></li></ul></div></text><url value="http://idg-rlp.de/fhir/tumorkonferenzen/ValueSet/tnm-stage-group-max-vs"/><version value="0.1.0"/><name value="TNMStageGroupMaxVS"/><title value="TNM Stage Group Maximum Value Set"/><status value="draft"/><experimental value="false"/><date value="2024-04-08T16:58:24+00:00"/><publisher value="IDG Institut für digitale Gesundheitsdaten RLP gGmbH"/><contact><name value="IDG Institut für digitale Gesundheitsdaten RLP gGmbH"/><telecom><system value="url"/><value value="https://www.idg-rlp.de/"/></telecom><telecom><system value="email"/><value value="info@idg-rlp.de"/></telecom></contact><description value="Values for TNM stage group must be selected from this value set, which includes all codes from UICC and all codes from TNMStageGroupVS."/><compose><include><valueSet value="http://idg-rlp.de/fhir/tumorkonferenzen/ValueSet/tnm-stage-group-vs"/></include><include><system value="https://www.uicc.org/resources/tnm"/></include></compose></ValueSet>