<?xml version="1.0" encoding="UTF-8"?><ValueSet xmlns="http://hl7.org/fhir"><id value="multiple-primaer-tumoren-vs"/><text><status value="generated"/><div xmlns="http://www.w3.org/1999/xhtml"><p class="res-header-id"><b>Generated Narrative: ValueSet multiple-primaer-tumoren-vs</b></p><a name="multiple-primaer-tumoren-vs"> </a><a name="hcmultiple-primaer-tumoren-vs"> </a><a name="multiple-primaer-tumoren-vs-en-US"> </a><ul><li>Include all codes defined in <a href="CodeSystem-multiple-primaer-tumoren-cs.html"><code>http://idg-rlp.de/fhir/tumorkonferenzen/CodeSystem/multiple-primaer-tumoren-cs</code></a></li></ul></div></text><url value="http://idg-rlp.de/fhir/tumorkonferenzen/ValueSet/multiple-primaer-tumoren-vs"/><version value="0.1.0"/><name value="MultiplePrimaerTumorenVS"/><title value="Multiple PrimärTumoren ValueSet"/><status value="draft"/><date value="2024-09-18T11:11:15+00:00"/><publisher value="IDG Institut für digitale Gesundheitsdaten RLP gGmbH"/><contact><name value="IDG Institut für digitale Gesundheitsdaten RLP gGmbH"/><telecom><system value="url"/><value value="https://www.idg-rlp.de/"/></telecom><telecom><system value="email"/><value value="info@idg-rlp.de"/></telecom></contact><description value="MultiplePrimärTumorenVS"/><compose><include><system value="http://idg-rlp.de/fhir/tumorkonferenzen/CodeSystem/multiple-primaer-tumoren-cs"/></include></compose></ValueSet>