<?xml version="1.0" encoding="UTF-8"?><ValueSet xmlns="http://hl7.org/fhir"><id value="krebsstadium-vs"/><text><status value="generated"/><div xmlns="http://www.w3.org/1999/xhtml"><p class="res-header-id"><b>Generated Narrative: ValueSet krebsstadium-vs</b></p><a name="krebsstadium-vs"> </a><a name="hckrebsstadium-vs"> </a><a name="krebsstadium-vs-en-US"> </a><ul><li>Include all codes defined in <a href="CodeSystem-krebsstadium-cs.html"><code>https://www.uicc.org/resources/tnm</code></a></li></ul></div></text><url value="http://idg-rlp.de/fhir/tumorkonferenzen/ValueSet/krebsstadium-vs"/><version value="0.1.0"/><name value="KrebsstadiumVS"/><title value="Krebsstadium ValueSet"/><status value="draft"/><date value="2024-10-31T11:09:58+00:00"/><publisher value="IDG Institut für digitale Gesundheitsdaten RLP gGmbH"/><contact><name value="IDG Institut für digitale Gesundheitsdaten RLP gGmbH"/><telecom><system value="url"/><value value="https://www.idg-rlp.de/"/></telecom><telecom><system value="email"/><value value="info@idg-rlp.de"/></telecom></contact><description value="KrebsstadiumVS"/><compose><include><system value="https://www.uicc.org/resources/tnm"/></include></compose></ValueSet>