<?xml version="1.0" encoding="UTF-8"?><ValueSet xmlns="http://hl7.org/fhir"><id value="befundstatust-vs"/><text><status value="generated"/><div xmlns="http://www.w3.org/1999/xhtml"><p class="res-header-id"><b>Generated Narrative: ValueSet befundstatust-vs</b></p><a name="befundstatust-vs"> </a><a name="hcbefundstatust-vs"> </a><a name="befundstatust-vs-en-US"> </a><ul><li>Include these codes as defined in <code>http://idg-rlp.de/fhir/tumorkonferenzen/CodeSystem/CustomCodes</code><table class="none"><tr><td style="white-space:nowrap"><b>Code</b></td><td><b>Display</b></td></tr><tr><td>auffaellig</td><td>auffällig</td></tr><tr><td>unauffaellig</td><td>unauffällig</td></tr><tr><td>liegtNichtVor</td><td>liegt nicht vor</td></tr><tr><td>unbekannt</td><td>unbekannt</td></tr></table></li></ul></div></text><url value="http://idg-rlp.de/fhir/tumorkonferenzen/ValueSet/befundstatust-vs"/><version value="0.1.0"/><name value="BefundstatusVS"/><title value="Befundstatus ValueSet"/><status value="draft"/><date value="2025-02-09T15:43:55+00:00"/><publisher value="IDG Institut für digitale Gesundheitsdaten RLP gGmbH"/><contact><name value="IDG Institut für digitale Gesundheitsdaten RLP gGmbH"/><telecom><system value="url"/><value value="https://www.idg-rlp.de/"/></telecom><telecom><system value="email"/><value value="info@idg-rlp.de"/></telecom></contact><description value="ValueSet für die CT/MRT Befund mit den Antwortoptionen: auffällig, unauffällig, liegt nicht vor, unbekannt."/><compose><include><system value="http://idg-rlp.de/fhir/tumorkonferenzen/CodeSystem/CustomCodes"/><concept><code value="auffaellig"/><display value="auffällig"/></concept><concept><code value="unauffaellig"/><display value="unauffällig"/></concept><concept><code value="liegtNichtVor"/><display value="liegt nicht vor"/></concept><concept><code value="unbekannt"/><display value="unbekannt"/></concept></include></compose></ValueSet>