<?xml version="1.0" encoding="UTF-8"?><ValueSet xmlns="http://hl7.org/fhir"><id value="SerumTumorMarkerUICCVS"/><text><status value="generated"/><div xmlns="http://www.w3.org/1999/xhtml"><p class="res-header-id"><b>Generated Narrative: ValueSet SerumTumorMarkerUICCVS</b></p><a name="SerumTumorMarkerUICCVS"> </a><a name="hcSerumTumorMarkerUICCVS"> </a><a name="SerumTumorMarkerUICCVS-en-US"> </a><ul><li>Include all codes defined in <a href="CodeSystem-SerumTumorMarkerUICCCS.html"><code>http://idg-rlp.de/fhir/tumorkonferenzen/CodeSystem/SerumTumorMarkerUICCCS</code></a></li></ul></div></text><url value="http://idg-rlp.de/fhir/tumorkonferenzen/ValueSet/SerumTumorMarkerUICCVS"/><version value="0.1.0"/><name value="SerumTumorMarkerUICCVS"/><title value="SerumTumorMarkerUICCVS"/><status value="draft"/><date value="2024-09-17T19:55:11+00:00"/><publisher value="IDG Institut für digitale Gesundheitsdaten RLP gGmbH"/><contact><name value="IDG Institut für digitale Gesundheitsdaten RLP gGmbH"/><telecom><system value="url"/><value value="https://www.idg-rlp.de/"/></telecom><telecom><system value="email"/><value value="info@idg-rlp.de"/></telecom></contact><description value="SerumTumorMarkerUICCVS"/><compose><include><system value="http://idg-rlp.de/fhir/tumorkonferenzen/CodeSystem/SerumTumorMarkerUICCCS"/></include></compose></ValueSet>