<?xml version="1.0" encoding="UTF-8"?><ValueSet xmlns="http://hl7.org/fhir"><id value="obds-strahlentherapie-intention-vs"/><text><status value="generated"/><div xmlns="http://www.w3.org/1999/xhtml"><p class="res-header-id"><b>Generated Narrative: ValueSet obds-strahlentherapie-intention-vs</b></p><a name="obds-strahlentherapie-intention-vs"> </a><a name="hcobds-strahlentherapie-intention-vs"> </a><a name="obds-strahlentherapie-intention-vs-en-US"> </a><ul><li>Include all codes defined in <a href="CodeSystem-obds-strahlentherapie-intention-cs.html"><code>http://idg-rlp.de/fhir/tumorkonferenzen/CodeSystem/obds-strahlentherapie-intention-cs</code></a></li></ul></div></text><url value="http://idg-rlp.de/fhir/tumorkonferenzen/ValueSet/obds-strahlentherapie-intention-vs"/><version value="0.1.0"/><name value="ObdsStrahlentherapieIntentionVS"/><title value="Intention der Strahlentherapie"/><status value="draft"/><date value="2024-09-18T11:11:15+00:00"/><publisher value="IDG Institut für digitale Gesundheitsdaten RLP gGmbH"/><contact><name value="IDG Institut für digitale Gesundheitsdaten RLP gGmbH"/><telecom><system value="url"/><value value="https://www.idg-rlp.de/"/></telecom><telecom><system value="email"/><value value="info@idg-rlp.de"/></telecom></contact><description value="Die Intention der Strahlentherapie"/><compose><include><system value="http://idg-rlp.de/fhir/tumorkonferenzen/CodeSystem/obds-strahlentherapie-intention-cs"/></include></compose></ValueSet>