[
  {
    "id" : "HistoGradeCS",
    "type" : "CodeSystem",
    "url" : "http://idg-rlp.de/fhir/tumorkonferenzen/CodeSystem/HistoGradeCS",
    "version" : "0.1.0",
    "name" : "HistoGradeCS"
  },
  {
    "id" : "Lymphgefaessinvasion-cs",
    "type" : "CodeSystem",
    "url" : "http://idg-rlp.de/fhir/tumorkonferenzen/CodeSystem/Lymphgefaessinvasion-cs",
    "version" : "0.1.0",
    "name" : "LymphgefaessinvasionCS"
  },
  {
    "id" : "SerumTumorMarkerUICCCS",
    "type" : "CodeSystem",
    "url" : "http://idg-rlp.de/fhir/tumorkonferenzen/CodeSystem/SerumTumorMarkerUICCCS",
    "version" : "0.1.0",
    "name" : "SerumTumorMarkerUICCCS"
  },
  {
    "id" : "krebsstadium-cs",
    "type" : "CodeSystem",
    "url" : "http://idg-rlp.de/fhir/tumorkonferenzen/CodeSystem/krebsstadium-cs",
    "version" : "0.1.0",
    "name" : "KrebsstadiumCS"
  },
  {
    "id" : "multiple-primaer-tumoren-cs",
    "type" : "CodeSystem",
    "url" : "http://idg-rlp.de/fhir/tumorkonferenzen/CodeSystem/multiple-primaer-tumoren-cs",
    "version" : "0.1.0",
    "name" : "MultiplePrimaerTumorenCS"
  },
  {
    "id" : "obds-op-komplikation-cs",
    "type" : "CodeSystem",
    "url" : "http://idg-rlp.de/fhir/tumorkonferenzen/CodeSystem/obds-op-komplikation-cs",
    "version" : "0.1.0",
    "name" : "ObdsOpKomplikationCS"
  },
  {
    "id" : "obds-strahlentherapie-intention-cs",
    "type" : "CodeSystem",
    "url" : "http://idg-rlp.de/fhir/tumorkonferenzen/CodeSystem/obds-strahlentherapie-intention-cs",
    "version" : "0.1.0",
    "name" : "ObdsStrahlentherapieIntentionCS"
  },
  {
    "id" : "perineurale-invasion-cs",
    "type" : "CodeSystem",
    "url" : "http://idg-rlp.de/fhir/tumorkonferenzen/CodeSystem/perineurale-invasion-cs",
    "version" : "0.1.0",
    "name" : "PerineuraleInvasionCS"
  },
  {
    "id" : "veneninvasion-cs",
    "type" : "CodeSystem",
    "url" : "http://idg-rlp.de/fhir/tumorkonferenzen/CodeSystem/veneninvasion-cs",
    "version" : "0.1.0",
    "name" : "VeneninvasionCS"
  },
  {
    "id" : "de.idg-rlp.tumorkonferenzen",
    "type" : "ImplementationGuide",
    "url" : "http://idg-rlp.de/fhir/tumorkonferenzen/ImplementationGuide/de.idg-rlp.tumorkonferenzen",
    "version" : "0.1.0",
    "name" : "TumorkonferenzenIDG"
  },
  {
    "id" : "Diagnose",
    "type" : "StructureDefinition",
    "url" : "http://idg-rlp.de/fhir/tumorkonferenzen/StructureDefinition/Diagnose",
    "version" : "0.1.0",
    "name" : "TumorDiagnose"
  },
  {
    "id" : "HistologieLymphknoten",
    "type" : "StructureDefinition",
    "url" : "http://idg-rlp.de/fhir/tumorkonferenzen/StructureDefinition/HistologieLymphknoten",
    "version" : "0.1.0",
    "name" : "HistologieLymphknoten"
  },
  {
    "id" : "Melder",
    "type" : "StructureDefinition",
    "url" : "http://idg-rlp.de/fhir/tumorkonferenzen/StructureDefinition/Melder",
    "version" : "0.1.0",
    "name" : "Melder"
  },
  {
    "id" : "MelderInOrganisation",
    "type" : "StructureDefinition",
    "url" : "http://idg-rlp.de/fhir/tumorkonferenzen/StructureDefinition/MelderInOrganisation",
    "version" : "0.1.0",
    "name" : "MelderInOrganisation"
  },
  {
    "id" : "Organisation",
    "type" : "StructureDefinition",
    "url" : "http://idg-rlp.de/fhir/tumorkonferenzen/StructureDefinition/Organisation",
    "version" : "0.1.0",
    "name" : "Organisation"
  },
  {
    "id" : "TNMASymbol",
    "type" : "StructureDefinition",
    "url" : "http://idg-rlp.de/fhir/tumorkonferenzen/StructureDefinition/TNMASymbol",
    "version" : "0.1.0",
    "name" : "TNMASymbol"
  },
  {
    "id" : "TNMLKategorie",
    "type" : "StructureDefinition",
    "url" : "http://idg-rlp.de/fhir/tumorkonferenzen/StructureDefinition/TNMLKategorie",
    "version" : "0.1.0",
    "name" : "TNMLKategorie"
  },
  {
    "id" : "TNMPnKategorie",
    "type" : "StructureDefinition",
    "url" : "http://idg-rlp.de/fhir/tumorkonferenzen/StructureDefinition/TNMPnKategorie",
    "version" : "0.1.0",
    "name" : "TNMPnKategorie"
  },
  {
    "id" : "TNMRSymbol",
    "type" : "StructureDefinition",
    "url" : "http://idg-rlp.de/fhir/tumorkonferenzen/StructureDefinition/TNMRSymbol",
    "version" : "0.1.0",
    "name" : "TNMRSymbol"
  },
  {
    "id" : "TNMSKategorie",
    "type" : "StructureDefinition",
    "url" : "http://idg-rlp.de/fhir/tumorkonferenzen/StructureDefinition/TNMSKategorie",
    "version" : "0.1.0",
    "name" : "TNMSKategorie"
  },
  {
    "id" : "TNMVKategorie",
    "type" : "StructureDefinition",
    "url" : "http://idg-rlp.de/fhir/tumorkonferenzen/StructureDefinition/TNMVKategorie",
    "version" : "0.1.0",
    "name" : "TNMVKategorie"
  },
  {
    "id" : "TNMYSmbol",
    "type" : "StructureDefinition",
    "url" : "http://idg-rlp.de/fhir/tumorkonferenzen/StructureDefinition/TNMYSmbol",
    "version" : "0.1.0",
    "name" : "TNMYSmbol"
  },
  {
    "id" : "TNMYSymbol",
    "type" : "StructureDefinition",
    "url" : "http://idg-rlp.de/fhir/tumorkonferenzen/StructureDefinition/TNMYSymbol",
    "version" : "0.1.0",
    "name" : "TNMYSymbol"
  },
  {
    "id" : "TNMmSymbol",
    "type" : "StructureDefinition",
    "url" : "http://idg-rlp.de/fhir/tumorkonferenzen/StructureDefinition/TNMmSymbol",
    "version" : "0.1.0",
    "name" : "TNMmSymbol"
  },
  {
    "id" : "TumorPatient",
    "type" : "StructureDefinition",
    "url" : "http://idg-rlp.de/fhir/tumorkonferenzen/StructureDefinition/TumorPatient",
    "version" : "0.1.0",
    "name" : "TumorPatient"
  },
  {
    "id" : "befund-dokument",
    "type" : "StructureDefinition",
    "url" : "http://idg-rlp.de/fhir/tumorkonferenzen/StructureDefinition/befund-dokument",
    "version" : "0.1.0",
    "name" : "BefundDokument"
  },
  {
    "id" : "cancer-stage-group",
    "type" : "StructureDefinition",
    "url" : "http://idg-rlp.de/fhir/tumorkonferenzen/StructureDefinition/cancer-stage-group",
    "version" : "0.1.0",
    "name" : "CancerStageGroup"
  },
  {
    "id" : "ecog",
    "type" : "StructureDefinition",
    "url" : "http://idg-rlp.de/fhir/tumorkonferenzen/StructureDefinition/ecog",
    "version" : "0.1.0",
    "name" : "ECOG"
  },
  {
    "id" : "familienanamnese",
    "type" : "StructureDefinition",
    "url" : "http://idg-rlp.de/fhir/tumorkonferenzen/StructureDefinition/familienanamnese",
    "version" : "0.1.0",
    "name" : "Familienanamnese"
  },
  {
    "id" : "gesamtbeurteilung",
    "type" : "StructureDefinition",
    "url" : "http://idg-rlp.de/fhir/tumorkonferenzen/StructureDefinition/gesamtbeurteilung",
    "version" : "0.1.0",
    "name" : "Gesamtbeurteilung"
  },
  {
    "id" : "grading",
    "type" : "StructureDefinition",
    "url" : "http://idg-rlp.de/fhir/tumorkonferenzen/StructureDefinition/grading",
    "version" : "0.1.0",
    "name" : "Grading"
  },
  {
    "id" : "histologie",
    "type" : "StructureDefinition",
    "url" : "http://idg-rlp.de/fhir/tumorkonferenzen/StructureDefinition/histologie",
    "version" : "0.1.0",
    "name" : "Histologie"
  },
  {
    "id" : "nebenwirkung",
    "type" : "StructureDefinition",
    "url" : "http://idg-rlp.de/fhir/tumorkonferenzen/StructureDefinition/nebenwirkung",
    "version" : "0.1.0",
    "name" : "Nebenwirkung"
  },
  {
    "id" : "operation",
    "type" : "StructureDefinition",
    "url" : "http://idg-rlp.de/fhir/tumorkonferenzen/StructureDefinition/operation",
    "version" : "0.1.0",
    "name" : "Operation"
  },
  {
    "id" : "operation-einzelprozedur",
    "type" : "StructureDefinition",
    "url" : "http://idg-rlp.de/fhir/tumorkonferenzen/StructureDefinition/operation-einzelprozedur",
    "version" : "0.1.0",
    "name" : "OperationEinzelprozedur"
  },
  {
    "id" : "status-fernmetastasen",
    "type" : "StructureDefinition",
    "url" : "http://idg-rlp.de/fhir/tumorkonferenzen/StructureDefinition/status-fernmetastasen",
    "version" : "0.1.0",
    "name" : "StatusFernmetastasen"
  },
  {
    "id" : "status-lymphknoten",
    "type" : "StructureDefinition",
    "url" : "http://idg-rlp.de/fhir/tumorkonferenzen/StructureDefinition/status-lymphknoten",
    "version" : "0.1.0",
    "name" : "StatusLymphknoten"
  },
  {
    "id" : "status-primaertumor",
    "type" : "StructureDefinition",
    "url" : "http://idg-rlp.de/fhir/tumorkonferenzen/StructureDefinition/status-primaertumor",
    "version" : "0.1.0",
    "name" : "StatusPrimaertumor"
  },
  {
    "id" : "strahlentherapie",
    "type" : "StructureDefinition",
    "url" : "http://idg-rlp.de/fhir/tumorkonferenzen/StructureDefinition/strahlentherapie",
    "version" : "0.1.0",
    "name" : "Strahlentherapie"
  },
  {
    "id" : "strahlentherapie-details",
    "type" : "StructureDefinition",
    "url" : "http://idg-rlp.de/fhir/tumorkonferenzen/StructureDefinition/strahlentherapie-details",
    "version" : "0.1.0",
    "name" : "StrahlentherapieDetails"
  },
  {
    "id" : "systemische-therapie",
    "type" : "StructureDefinition",
    "url" : "http://idg-rlp.de/fhir/tumorkonferenzen/StructureDefinition/systemische-therapie",
    "version" : "0.1.0",
    "name" : "SystemischeTherapie"
  },
  {
    "id" : "systemische-therapie-details",
    "type" : "StructureDefinition",
    "url" : "http://idg-rlp.de/fhir/tumorkonferenzen/StructureDefinition/systemische-therapie-details",
    "version" : "0.1.0",
    "name" : "SystemischeTherapieDetails"
  },
  {
    "id" : "tnm-distant-metastases-category",
    "type" : "StructureDefinition",
    "url" : "http://idg-rlp.de/fhir/tumorkonferenzen/StructureDefinition/tnm-distant-metastases-category",
    "version" : "0.1.0",
    "name" : "TNMDistantMetastasesCategory"
  },
  {
    "id" : "tnm-primary-tumor-category",
    "type" : "StructureDefinition",
    "url" : "http://idg-rlp.de/fhir/tumorkonferenzen/StructureDefinition/tnm-primary-tumor-category",
    "version" : "0.1.0",
    "name" : "TNMPrimaryTumorCategory"
  },
  {
    "id" : "tnm-regional-nodes-category",
    "type" : "StructureDefinition",
    "url" : "http://idg-rlp.de/fhir/tumorkonferenzen/StructureDefinition/tnm-regional-nodes-category",
    "version" : "0.1.0",
    "name" : "TNMRegionalNodesCategory"
  },
  {
    "id" : "tnm-stage-group",
    "type" : "StructureDefinition",
    "url" : "http://idg-rlp.de/fhir/tumorkonferenzen/StructureDefinition/tnm-stage-group",
    "version" : "0.1.0",
    "name" : "TNMStageGroup"
  },
  {
    "id" : "tumor",
    "type" : "StructureDefinition",
    "url" : "http://idg-rlp.de/fhir/tumorkonferenzen/StructureDefinition/tumor",
    "version" : "0.1.0",
    "name" : "Tumor"
  },
  {
    "id" : "tumorErkrankung",
    "type" : "StructureDefinition",
    "url" : "http://idg-rlp.de/fhir/tumorkonferenzen/StructureDefinition/tumorErkrankung",
    "version" : "0.1.0",
    "name" : "TumorErkrankung"
  },
  {
    "id" : "tumorkonferenz",
    "type" : "StructureDefinition",
    "url" : "http://idg-rlp.de/fhir/tumorkonferenzen/StructureDefinition/tumorkonferenz",
    "version" : "0.1.0",
    "name" : "Tumorkonferenz"
  },
  {
    "id" : "tumorkonferenz-bemerkung",
    "type" : "StructureDefinition",
    "url" : "http://idg-rlp.de/fhir/tumorkonferenzen/StructureDefinition/tumorkonferenz-bemerkung",
    "version" : "0.1.0",
    "name" : "TumorkonferenzBemerkung"
  },
  {
    "id" : "tumorkonferenz-fragestellung",
    "type" : "StructureDefinition",
    "url" : "http://idg-rlp.de/fhir/tumorkonferenzen/StructureDefinition/tumorkonferenz-fragestellung",
    "version" : "0.1.0",
    "name" : "TumorkonferenzFragestellung"
  },
  {
    "id" : "tumorkonferenz-fragestellung-radiologie",
    "type" : "StructureDefinition",
    "url" : "http://idg-rlp.de/fhir/tumorkonferenzen/StructureDefinition/tumorkonferenz-fragestellung-radiologie",
    "version" : "0.1.0",
    "name" : "TumorkonferenzFragestellungRadiologie"
  },
  {
    "id" : "tumorkonferenz-situation",
    "type" : "StructureDefinition",
    "url" : "http://idg-rlp.de/fhir/tumorkonferenzen/StructureDefinition/tumorkonferenz-situation",
    "version" : "0.1.0",
    "name" : "TumorkonferenzSituation"
  },
  {
    "id" : "tumorkonferenz-termin",
    "type" : "StructureDefinition",
    "url" : "http://idg-rlp.de/fhir/tumorkonferenzen/StructureDefinition/tumorkonferenz-termin",
    "version" : "0.1.0",
    "name" : "TumorkonferenzTermin"
  },
  {
    "id" : "tumorkonferenz-therapie-verlauf",
    "type" : "StructureDefinition",
    "url" : "http://idg-rlp.de/fhir/tumorkonferenzen/StructureDefinition/tumorkonferenz-therapie-verlauf",
    "version" : "0.1.0",
    "name" : "TumorkonferenzTherapieVerlauf"
  },
  {
    "id" : "verlauf",
    "type" : "StructureDefinition",
    "url" : "http://idg-rlp.de/fhir/tumorkonferenzen/StructureDefinition/verlauf",
    "version" : "0.1.0",
    "name" : "Verlauf"
  },
  {
    "id" : "watchful-waiting",
    "type" : "StructureDefinition",
    "url" : "http://idg-rlp.de/fhir/tumorkonferenzen/StructureDefinition/watchful-waiting",
    "version" : "0.1.0",
    "name" : "WatchfulWaiting"
  },
  {
    "id" : "HistoGradeVS",
    "type" : "ValueSet",
    "url" : "http://idg-rlp.de/fhir/tumorkonferenzen/ValueSet/HistoGradeVS",
    "version" : "0.1.0",
    "name" : "HistoGradeVS"
  },
  {
    "id" : "Lymphgefaessinvasion-vs",
    "type" : "ValueSet",
    "url" : "http://idg-rlp.de/fhir/tumorkonferenzen/ValueSet/Lymphgefaessinvasion-vs",
    "version" : "0.1.0",
    "name" : "LymphgefaessinvasionVS"
  },
  {
    "id" : "SerumTumorMarkerUICCVS",
    "type" : "ValueSet",
    "url" : "http://idg-rlp.de/fhir/tumorkonferenzen/ValueSet/SerumTumorMarkerUICCVS",
    "version" : "0.1.0",
    "name" : "SerumTumorMarkerUICCVS"
  },
  {
    "id" : "cancer-stage-group-vs",
    "type" : "ValueSet",
    "url" : "http://idg-rlp.de/fhir/tumorkonferenzen/ValueSet/cancer-stage-group-vs",
    "version" : "0.1.0",
    "name" : "CancerStageVS"
  },
  {
    "id" : "cancer-staging-method-vs",
    "type" : "ValueSet",
    "url" : "http://idg-rlp.de/fhir/tumorkonferenzen/ValueSet/cancer-staging-method-vs",
    "version" : "0.1.0",
    "name" : "CancerStagingMethodVS"
  },
  {
    "id" : "cancer-staging-type-vs",
    "type" : "ValueSet",
    "url" : "http://idg-rlp.de/fhir/tumorkonferenzen/ValueSet/cancer-staging-type-vs",
    "version" : "0.1.0",
    "name" : "CancerStagingTypeVS"
  },
  {
    "id" : "icd-o-3-morphologie",
    "type" : "ValueSet",
    "url" : "http://idg-rlp.de/fhir/tumorkonferenzen/ValueSet/icd-o-3-morphologie",
    "version" : "0.1.0",
    "name" : "ICDO3Morphologie"
  },
  {
    "id" : "krebsstadium-vs",
    "type" : "ValueSet",
    "url" : "http://idg-rlp.de/fhir/tumorkonferenzen/ValueSet/krebsstadium-vs",
    "version" : "0.1.0",
    "name" : "KrebsstadiumVS"
  },
  {
    "id" : "multiple-primaer-tumoren-vs",
    "type" : "ValueSet",
    "url" : "http://idg-rlp.de/fhir/tumorkonferenzen/ValueSet/multiple-primaer-tumoren-vs",
    "version" : "0.1.0",
    "name" : "MultiplePrimaerTumorenVS"
  },
  {
    "id" : "obds-op-komplikation-vs",
    "type" : "ValueSet",
    "url" : "http://idg-rlp.de/fhir/tumorkonferenzen/ValueSet/obds-op-komplikation-vs",
    "version" : "0.1.0",
    "name" : "ObdsOpKomplikationVS"
  },
  {
    "id" : "obds-strahlentherapie-intention-vs",
    "type" : "ValueSet",
    "url" : "http://idg-rlp.de/fhir/tumorkonferenzen/ValueSet/obds-strahlentherapie-intention-vs",
    "version" : "0.1.0",
    "name" : "ObdsStrahlentherapieIntentionVS"
  },
  {
    "id" : "perineurale-invasion-vs",
    "type" : "ValueSet",
    "url" : "http://idg-rlp.de/fhir/tumorkonferenzen/ValueSet/perineurale-invasion-vs",
    "version" : "0.1.0",
    "name" : "PerineuraleInvasionVS"
  },
  {
    "id" : "tnm-distant-metastases-category-max-vs",
    "type" : "ValueSet",
    "url" : "http://idg-rlp.de/fhir/tumorkonferenzen/ValueSet/tnm-distant-metastases-category-max-vs",
    "version" : "0.1.0",
    "name" : "TNMDistantMetastasesCategoryMaxVS"
  },
  {
    "id" : "tnm-distant-metastases-category-vs",
    "type" : "ValueSet",
    "url" : "http://idg-rlp.de/fhir/tumorkonferenzen/ValueSet/tnm-distant-metastases-category-vs",
    "version" : "0.1.0",
    "name" : "TNMDistantMetastasesCategoryVS"
  },
  {
    "id" : "tnm-distant-metastases-staging-type-vs",
    "type" : "ValueSet",
    "url" : "http://idg-rlp.de/fhir/tumorkonferenzen/ValueSet/tnm-distant-metastases-staging-type-vs",
    "version" : "0.1.0",
    "name" : "TNMDistantMetastasesStagingTypeVS"
  },
  {
    "id" : "tnm-primary-tumor-category-max-vs",
    "type" : "ValueSet",
    "url" : "http://idg-rlp.de/fhir/tumorkonferenzen/ValueSet/tnm-primary-tumor-category-max-vs",
    "version" : "0.1.0",
    "name" : "TNMPrimaryTumorCategoryMaxVS"
  },
  {
    "id" : "tnm-primary-tumor-category-vs",
    "type" : "ValueSet",
    "url" : "http://idg-rlp.de/fhir/tumorkonferenzen/ValueSet/tnm-primary-tumor-category-vs",
    "version" : "0.1.0",
    "name" : "TNMPrimaryTumorCategoryVS"
  },
  {
    "id" : "tnm-primary-tumor-staging-type-vs",
    "type" : "ValueSet",
    "url" : "http://idg-rlp.de/fhir/tumorkonferenzen/ValueSet/tnm-primary-tumor-staging-type-vs",
    "version" : "0.1.0",
    "name" : "TNMPrimaryTumorStagingTypeVS"
  },
  {
    "id" : "tnm-regional-nodes-category-max-vs",
    "type" : "ValueSet",
    "url" : "http://idg-rlp.de/fhir/tumorkonferenzen/ValueSet/tnm-regional-nodes-category-max-vs",
    "version" : "0.1.0",
    "name" : "TNMRegionalNodesCategoryMaxVS"
  },
  {
    "id" : "tnm-regional-nodes-category-vs",
    "type" : "ValueSet",
    "url" : "http://idg-rlp.de/fhir/tumorkonferenzen/ValueSet/tnm-regional-nodes-category-vs",
    "version" : "0.1.0",
    "name" : "TNMRegionalNodesCategoryVS"
  },
  {
    "id" : "tnm-regional-nodes-staging-type-vs",
    "type" : "ValueSet",
    "url" : "http://idg-rlp.de/fhir/tumorkonferenzen/ValueSet/tnm-regional-nodes-staging-type-vs",
    "version" : "0.1.0",
    "name" : "TNMRegionalNodesStagingTypeVS"
  },
  {
    "id" : "tnm-stage-group-max-vs",
    "type" : "ValueSet",
    "url" : "http://idg-rlp.de/fhir/tumorkonferenzen/ValueSet/tnm-stage-group-max-vs",
    "version" : "0.1.0",
    "name" : "TNMStageGroupMaxVS"
  },
  {
    "id" : "tnm-stage-group-staging-type-vs",
    "type" : "ValueSet",
    "url" : "http://idg-rlp.de/fhir/tumorkonferenzen/ValueSet/tnm-stage-group-staging-type-vs",
    "version" : "0.1.0",
    "name" : "TNMStageGroupStagingTypeVS"
  },
  {
    "id" : "tnm-stage-group-vs",
    "type" : "ValueSet",
    "url" : "http://idg-rlp.de/fhir/tumorkonferenzen/ValueSet/tnm-stage-group-vs",
    "version" : "0.1.0",
    "name" : "TNMStageGroupVS"
  },
  {
    "id" : "tnm-staging-method-vs",
    "type" : "ValueSet",
    "url" : "http://idg-rlp.de/fhir/tumorkonferenzen/ValueSet/tnm-staging-method-vs",
    "version" : "0.1.0",
    "name" : "TNMStagingMethodVS"
  },
  {
    "id" : "veneninvasion-vs",
    "type" : "ValueSet",
    "url" : "http://idg-rlp.de/fhir/tumorkonferenzen/ValueSet/veneninvasion-vs",
    "version" : "0.1.0",
    "name" : "VeneninvasionVS"
  },
  {
    "id" : "ecog-performance-status",
    "type" : "ValueSet",
    "url" : "http://loinc.org/vs/LL529-9",
    "version" : "0.1.0",
    "name" : "ECOGPerformanceStatusVS"
  }
]
