[
  {
    "id" : "tumorsituation-cs",
    "type" : "CodeSystem",
    "url" : "http://idg-rlp.de/fhir/tumorkonferenzen/CodeSystem/tumorsituation-cs",
    "version" : "0.1.0",
    "name" : "TumorsituationCS"
  },
  {
    "id" : "de.idg-rlp.tumorkonferenzen",
    "type" : "ImplementationGuide",
    "url" : "http://idg-rlp.de/fhir/tumorkonferenzen/ImplementationGuide/de.idg-rlp.tumorkonferenzen",
    "version" : "0.1.0",
    "name" : "TumorkonferenzenIDG"
  },
  {
    "id" : "AnmeldeBundleMinimalFreitextLunge",
    "type" : "StructureDefinition",
    "url" : "http://idg-rlp.de/fhir/tumorkonferenzen/StructureDefinition/AnmeldeBundleMinimalFreitextLunge",
    "version" : "0.1.0",
    "name" : "AnmeldeBundleMinimalFreitextLunge"
  },
  {
    "id" : "AnmeldeBundleMinimalFreitextProstata",
    "type" : "StructureDefinition",
    "url" : "http://idg-rlp.de/fhir/tumorkonferenzen/StructureDefinition/AnmeldeBundleMinimalFreitextProstata",
    "version" : "0.1.0",
    "name" : "AnmeldeBundleMinimalFreitextProstata"
  },
  {
    "id" : "Anmelder",
    "type" : "StructureDefinition",
    "url" : "http://idg-rlp.de/fhir/tumorkonferenzen/StructureDefinition/Anmelder",
    "version" : "0.1.0",
    "name" : "Anmelder"
  },
  {
    "id" : "DiagnoseFreitext",
    "type" : "StructureDefinition",
    "url" : "http://idg-rlp.de/fhir/tumorkonferenzen/StructureDefinition/DiagnoseFreitext",
    "version" : "0.1.0",
    "name" : "DiagnoseFreitext"
  },
  {
    "id" : "Erstdiagnose",
    "type" : "StructureDefinition",
    "url" : "http://idg-rlp.de/fhir/tumorkonferenzen/StructureDefinition/Erstdiagnose",
    "version" : "0.1.0",
    "name" : "Erstdiagnose"
  },
  {
    "id" : "FertilitaetsBehandlungEmpfohlen",
    "type" : "StructureDefinition",
    "url" : "http://idg-rlp.de/fhir/tumorkonferenzen/StructureDefinition/FertilitaetsBehandlungEmpfohlen",
    "version" : "0.1.0",
    "name" : "FertilitaetsBehandlungEmpfohlen"
  },
  {
    "id" : "FreitextObservation",
    "type" : "StructureDefinition",
    "url" : "http://idg-rlp.de/fhir/tumorkonferenzen/StructureDefinition/FreitextObservation",
    "version" : "0.1.0",
    "name" : "FreitextObservation"
  },
  {
    "id" : "HistologieMolPatFreitext",
    "type" : "StructureDefinition",
    "url" : "http://idg-rlp.de/fhir/tumorkonferenzen/StructureDefinition/HistologieMolPatFreitext",
    "version" : "0.1.0",
    "name" : "HistologieMolPatFreitext"
  },
  {
    "id" : "MinimalObservation",
    "type" : "StructureDefinition",
    "url" : "http://idg-rlp.de/fhir/tumorkonferenzen/StructureDefinition/MinimalObservation",
    "version" : "0.1.0",
    "name" : "MinimalObservation"
  },
  {
    "id" : "OperativeTherapieFreitext",
    "type" : "StructureDefinition",
    "url" : "http://idg-rlp.de/fhir/tumorkonferenzen/StructureDefinition/OperativeTherapieFreitext",
    "version" : "0.1.0",
    "name" : "OperativeTherapieFreitext"
  },
  {
    "id" : "StrahlenTherapieFreitext",
    "type" : "StructureDefinition",
    "url" : "http://idg-rlp.de/fhir/tumorkonferenzen/StructureDefinition/StrahlenTherapieFreitext",
    "version" : "0.1.0",
    "name" : "StrahlenTherapieFreitext"
  },
  {
    "id" : "TNMFreitext",
    "type" : "StructureDefinition",
    "url" : "http://idg-rlp.de/fhir/tumorkonferenzen/StructureDefinition/TNMFreitext",
    "version" : "0.1.0",
    "name" : "TNMFreitext"
  },
  {
    "id" : "TumorPatient",
    "type" : "StructureDefinition",
    "url" : "http://idg-rlp.de/fhir/tumorkonferenzen/StructureDefinition/TumorPatient",
    "version" : "0.1.0",
    "name" : "TumorPatient"
  },
  {
    "id" : "bemerkung-freitext",
    "type" : "StructureDefinition",
    "url" : "http://idg-rlp.de/fhir/tumorkonferenzen/StructureDefinition/bemerkung-freitext",
    "version" : "0.1.0",
    "name" : "BemerkungFreitext"
  },
  {
    "id" : "ct-mrt-abdomen",
    "type" : "StructureDefinition",
    "url" : "http://idg-rlp.de/fhir/tumorkonferenzen/StructureDefinition/ct-mrt-abdomen",
    "version" : "0.1.0",
    "name" : "CTMRTAbdomen"
  },
  {
    "id" : "ct-mrt-schaedel",
    "type" : "StructureDefinition",
    "url" : "http://idg-rlp.de/fhir/tumorkonferenzen/StructureDefinition/ct-mrt-schaedel",
    "version" : "0.1.0",
    "name" : "CTMRTSchaedel"
  },
  {
    "id" : "ecog",
    "type" : "StructureDefinition",
    "url" : "http://idg-rlp.de/fhir/tumorkonferenzen/StructureDefinition/ecog",
    "version" : "0.1.0",
    "name" : "ECOG"
  },
  {
    "id" : "externe-bilder",
    "type" : "StructureDefinition",
    "url" : "http://idg-rlp.de/fhir/tumorkonferenzen/StructureDefinition/externe-bilder",
    "version" : "0.1.0",
    "name" : "ExterneBilder"
  },
  {
    "id" : "familienanamnese-drop-down",
    "type" : "StructureDefinition",
    "url" : "http://idg-rlp.de/fhir/tumorkonferenzen/StructureDefinition/familienanamnese-drop-down",
    "version" : "0.1.0",
    "name" : "FamilienanamneseDropDown"
  },
  {
    "id" : "fragestellung-pathologie-freitext",
    "type" : "StructureDefinition",
    "url" : "http://idg-rlp.de/fhir/tumorkonferenzen/StructureDefinition/fragestellung-pathologie-freitext",
    "version" : "0.1.0",
    "name" : "FragestellungPathologieFreitext"
  },
  {
    "id" : "fragestellung-radiologie-freitext",
    "type" : "StructureDefinition",
    "url" : "http://idg-rlp.de/fhir/tumorkonferenzen/StructureDefinition/fragestellung-radiologie-freitext",
    "version" : "0.1.0",
    "name" : "FragestellungRadiologieFreitext"
  },
  {
    "id" : "fragestellung-tumorkonferenz-freitext",
    "type" : "StructureDefinition",
    "url" : "http://idg-rlp.de/fhir/tumorkonferenzen/StructureDefinition/fragestellung-tumorkonferenz-freitext",
    "version" : "0.1.0",
    "name" : "FragestellungTumorkonferenzFreitext"
  },
  {
    "id" : "gewuenschte-teilnehmer",
    "type" : "StructureDefinition",
    "url" : "http://idg-rlp.de/fhir/tumorkonferenzen/StructureDefinition/gewuenschte-teilnehmer",
    "version" : "0.1.0",
    "name" : "GewuenschteTeilnehmer"
  },
  {
    "id" : "histologische-typisierung-lunge",
    "type" : "StructureDefinition",
    "url" : "http://idg-rlp.de/fhir/tumorkonferenzen/StructureDefinition/histologische-typisierung-lunge",
    "version" : "0.1.0",
    "name" : "HistologischeTypisierungLunge"
  },
  {
    "id" : "lungenfunktionstest",
    "type" : "StructureDefinition",
    "url" : "http://idg-rlp.de/fhir/tumorkonferenzen/StructureDefinition/lungenfunktionstest",
    "version" : "0.1.0",
    "name" : "Lungenfunktionstest"
  },
  {
    "id" : "medikamentoese-therapie-freitext",
    "type" : "StructureDefinition",
    "url" : "http://idg-rlp.de/fhir/tumorkonferenzen/StructureDefinition/medikamentoese-therapie-freitext",
    "version" : "0.1.0",
    "name" : "MedikamentoeseTherapieFreitext"
  },
  {
    "id" : "pet-ct",
    "type" : "StructureDefinition",
    "url" : "http://idg-rlp.de/fhir/tumorkonferenzen/StructureDefinition/pet-ct",
    "version" : "0.1.0",
    "name" : "PetCT"
  },
  {
    "id" : "praxis-pathologisches-institut-freitext",
    "type" : "StructureDefinition",
    "url" : "http://idg-rlp.de/fhir/tumorkonferenzen/StructureDefinition/praxis-pathologisches-institut-freitext",
    "version" : "0.1.0",
    "name" : "PraxisPathologischesInstitutFreitext"
  },
  {
    "id" : "psa-verlauf-freitext",
    "type" : "StructureDefinition",
    "url" : "http://idg-rlp.de/fhir/tumorkonferenzen/StructureDefinition/psa-verlauf-freitext",
    "version" : "0.1.0",
    "name" : "PsaVerlaufFreitext"
  },
  {
    "id" : "radiologie-bilder-freitext",
    "type" : "StructureDefinition",
    "url" : "http://idg-rlp.de/fhir/tumorkonferenzen/StructureDefinition/radiologie-bilder-freitext",
    "version" : "0.1.0",
    "name" : "RadiologieBilderFreitext"
  },
  {
    "id" : "relevante-nebendiagnosen-freitext",
    "type" : "StructureDefinition",
    "url" : "http://idg-rlp.de/fhir/tumorkonferenzen/StructureDefinition/relevante-nebendiagnosen-freitext",
    "version" : "0.1.0",
    "name" : "RelevanteNebendiagnosenFreitext"
  },
  {
    "id" : "skelettszintigraphie",
    "type" : "StructureDefinition",
    "url" : "http://idg-rlp.de/fhir/tumorkonferenzen/StructureDefinition/skelettszintigraphie",
    "version" : "0.1.0",
    "name" : "Skelettszintigraphie"
  },
  {
    "id" : "tumor-board-anmeldung",
    "type" : "StructureDefinition",
    "url" : "http://idg-rlp.de/fhir/tumorkonferenzen/StructureDefinition/tumor-board-anmeldung",
    "version" : "0.1.0",
    "name" : "TumorBoardAnmeldung"
  },
  {
    "id" : "tumorErkrankung",
    "type" : "StructureDefinition",
    "url" : "http://idg-rlp.de/fhir/tumorkonferenzen/StructureDefinition/tumorErkrankung",
    "version" : "0.1.0",
    "name" : "TumorErkrankung"
  },
  {
    "id" : "tumorsituation",
    "type" : "StructureDefinition",
    "url" : "http://idg-rlp.de/fhir/tumorkonferenzen/StructureDefinition/tumorsituation",
    "version" : "0.1.0",
    "name" : "Tumorsituation"
  },
  {
    "id" : "verlauf-freitext",
    "type" : "StructureDefinition",
    "url" : "http://idg-rlp.de/fhir/tumorkonferenzen/StructureDefinition/verlauf-freitext",
    "version" : "0.1.0",
    "name" : "VerlaufFreitext"
  },
  {
    "id" : "weitere-gewuenschte-teilnehmer-freitext",
    "type" : "StructureDefinition",
    "url" : "http://idg-rlp.de/fhir/tumorkonferenzen/StructureDefinition/weitere-gewuenschte-teilnehmer-freitext",
    "version" : "0.1.0",
    "name" : "WeitereGewuenschteTeilnehmerFreitext"
  },
  {
    "id" : "befundstatust-vs",
    "type" : "ValueSet",
    "url" : "http://idg-rlp.de/fhir/tumorkonferenzen/ValueSet/befundstatust-vs",
    "version" : "0.1.0",
    "name" : "BefundstatusVS"
  },
  {
    "id" : "ecog-performance-status",
    "type" : "ValueSet",
    "url" : "http://idg-rlp.de/fhir/tumorkonferenzen/ValueSet/ecog-performance-status",
    "version" : "0.1.0",
    "name" : "ECOGPerformanceStatusVS"
  },
  {
    "id" : "externe-bilder-vs",
    "type" : "ValueSet",
    "url" : "http://idg-rlp.de/fhir/tumorkonferenzen/ValueSet/externe-bilder-vs",
    "version" : "0.1.0",
    "name" : "ExterneBilderVS"
  },
  {
    "id" : "gewuenschte-teilnehmer-vs",
    "type" : "ValueSet",
    "url" : "http://idg-rlp.de/fhir/tumorkonferenzen/ValueSet/gewuenschte-teilnehmer-vs",
    "version" : "0.1.0",
    "name" : "GewuenschteTeilnehmerVS"
  },
  {
    "id" : "histologische-typisierung-vs",
    "type" : "ValueSet",
    "url" : "http://idg-rlp.de/fhir/tumorkonferenzen/ValueSet/histologische-typisierung-vs",
    "version" : "0.1.0",
    "name" : "HistologischeTypisierungVS"
  },
  {
    "id" : "ja-nein-beratung-vs",
    "type" : "ValueSet",
    "url" : "http://idg-rlp.de/fhir/tumorkonferenzen/ValueSet/ja-nein-beratung-vs",
    "version" : "0.1.0",
    "name" : "JaNeinBeratungVS"
  },
  {
    "id" : "ja-nein-unbekannt-vs",
    "type" : "ValueSet",
    "url" : "http://idg-rlp.de/fhir/tumorkonferenzen/ValueSet/ja-nein-unbekannt-vs",
    "version" : "0.1.0",
    "name" : "JaNeinUnbekanntVS"
  },
  {
    "id" : "pos-neg-nask-vs",
    "type" : "ValueSet",
    "url" : "http://idg-rlp.de/fhir/tumorkonferenzen/ValueSet/pos-neg-nask-vs",
    "version" : "0.1.0",
    "name" : "PosNegNaskVS"
  },
  {
    "id" : "tumorsituation-vs",
    "type" : "ValueSet",
    "url" : "http://idg-rlp.de/fhir/tumorkonferenzen/ValueSet/tumorsituation-vs",
    "version" : "0.1.0",
    "name" : "TumorsituationVS"
  }
]
