{
  "codeSystems" : [
    {
      "url" : "http://fhir.de/CodeSystem/bfarm/icd-10-gm",
      "version" : "1.5.0-ballot",
      "status" : "active",
      "name" : "ICD10GM",
      "title" : null,
      "description" : "ICD-10-GM Platzhalter-CodeSystem",
      "uses" : {
      },
      "ValueSet-obds-op-komplikation-vs.html" : "oBDS Operation Komplikation Value Set"
    },
    {
      "url" : "http://fhir.de/CodeSystem/identifier-type-de-basis",
      "version" : "1.5.0-ballot",
      "status" : "active",
      "name" : "IdentifierTypeDeBasis",
      "title" : null,
      "description" : "Liste der Identfikatorentypen des deutschen Basisprofils welche die Standardtypen ergänzen.",
      "uses" : {
      },
      "https://simplifier.net/resolve?scope=de.basisprofil.r4@1.5.0-ballot2&canonical=http://fhir.de/ValueSet/identifier-type-de-basis" : "IdentifierTypeDeBasis"
    },
    {
      "url" : "http://hl7.org/fhir/CodeSystem/medication-statement-status",
      "version" : "4.0.1",
      "status" : "draft",
      "name" : "Medication Status Codes",
      "title" : "Medication  status  codes",
      "description" : "Medication Status Codes",
      "oids" : ["2.16.840.1.113883.4.642.4.1379"],
      "uses" : {
      },
      "http://hl7.org/fhir/R4/valueset-medication-statement-status.html" : "Medication  status  codes"
    },
    {
      "url" : "http://hl7.org/fhir/address-type",
      "version" : "4.0.1",
      "status" : "active",
      "name" : "AddressType",
      "title" : "AddressType",
      "description" : "The type of an address (physical / postal).",
      "oids" : ["2.16.840.1.113883.4.642.4.70"],
      "uses" : {
      },
      "http://hl7.org/fhir/R4/valueset-address-type.html" : "AddressType"
    },
    {
      "url" : "http://hl7.org/fhir/address-use",
      "version" : "4.0.1",
      "status" : "active",
      "name" : "AddressUse",
      "title" : "AddressUse",
      "description" : "The use of an address.",
      "oids" : ["2.16.840.1.113883.4.642.4.68"],
      "uses" : {
      },
      "http://hl7.org/fhir/R4/valueset-address-use.html" : "AddressUse"
    },
    {
      "url" : "http://hl7.org/fhir/administrative-gender",
      "version" : "4.0.1",
      "status" : "active",
      "name" : "AdministrativeGender",
      "title" : "AdministrativeGender",
      "description" : "The gender of a person used for administrative purposes.",
      "oids" : ["2.16.840.1.113883.4.642.4.2"],
      "uses" : {
      },
      "http://hl7.org/fhir/R4/valueset-administrative-gender.html" : "AdministrativeGender"
    },
    {
      "url" : "http://hl7.org/fhir/appointmentstatus",
      "version" : "4.0.1",
      "status" : "draft",
      "name" : "AppointmentStatus",
      "title" : "AppointmentStatus",
      "description" : "The free/busy status of an appointment.",
      "oids" : ["2.16.840.1.113883.4.642.4.485"],
      "uses" : {
      },
      "http://hl7.org/fhir/R4/valueset-appointmentstatus.html" : "AppointmentStatus"
    },
    {
      "url" : "http://hl7.org/fhir/composition-status",
      "version" : "4.0.1",
      "status" : "draft",
      "name" : "CompositionStatus",
      "title" : "CompositionStatus",
      "description" : "The workflow/clinical status of the composition.",
      "oids" : ["2.16.840.1.113883.4.642.4.242"],
      "uses" : {
      },
      "http://hl7.org/fhir/R4/valueset-composition-status.html" : "CompositionStatus"
    },
    {
      "url" : "http://hl7.org/fhir/contact-point-system",
      "version" : "4.0.1",
      "status" : "active",
      "name" : "ContactPointSystem",
      "title" : "ContactPointSystem",
      "description" : "Telecommunications form for contact point.",
      "oids" : ["2.16.840.1.113883.4.642.4.72"],
      "uses" : {
      },
      "http://hl7.org/fhir/R4/valueset-contact-point-system.html" : "ContactPointSystem"
    },
    {
      "url" : "http://hl7.org/fhir/contact-point-use",
      "version" : "4.0.1",
      "status" : "active",
      "name" : "ContactPointUse",
      "title" : "ContactPointUse",
      "description" : "Use of contact point.",
      "oids" : ["2.16.840.1.113883.4.642.4.74"],
      "uses" : {
      },
      "http://hl7.org/fhir/R4/valueset-contact-point-use.html" : "ContactPointUse"
    },
    {
      "url" : "http://hl7.org/fhir/days-of-week",
      "version" : "4.0.1",
      "status" : "active",
      "name" : "DaysOfWeek",
      "title" : "DaysOfWeek",
      "description" : "The days of the week.",
      "oids" : ["2.16.840.1.113883.4.642.4.513"],
      "uses" : {
      },
      "http://hl7.org/fhir/R4/valueset-days-of-week.html" : "DaysOfWeek"
    },
    {
      "url" : "http://hl7.org/fhir/document-reference-status",
      "version" : "4.0.1",
      "status" : "draft",
      "name" : "DocumentReferenceStatus",
      "title" : "DocumentReferenceStatus",
      "description" : "The status of the document reference.",
      "oids" : ["2.16.840.1.113883.4.642.4.8"],
      "uses" : {
      },
      "http://hl7.org/fhir/R4/valueset-document-reference-status.html" : "DocumentReferenceStatus"
    },
    {
      "url" : "http://hl7.org/fhir/document-relationship-type",
      "version" : "4.0.1",
      "status" : "draft",
      "name" : "DocumentRelationshipType",
      "title" : "DocumentRelationshipType",
      "description" : "The type of relationship between documents.",
      "oids" : ["2.16.840.1.113883.4.642.4.245"],
      "uses" : {
      },
      "http://hl7.org/fhir/R4/valueset-document-relationship-type.html" : "DocumentRelationshipType"
    },
    {
      "url" : "http://hl7.org/fhir/encounter-location-status",
      "version" : "4.0.1",
      "status" : "draft",
      "name" : "EncounterLocationStatus",
      "title" : "EncounterLocationStatus",
      "description" : "The status of the location.",
      "oids" : ["2.16.840.1.113883.4.642.4.263"],
      "uses" : {
      },
      "http://hl7.org/fhir/R4/valueset-encounter-location-status.html" : "EncounterLocationStatus"
    },
    {
      "url" : "http://hl7.org/fhir/encounter-status",
      "version" : "4.0.1",
      "status" : "draft",
      "name" : "EncounterStatus",
      "title" : "EncounterStatus",
      "description" : "Current state of the encounter.",
      "oids" : ["2.16.840.1.113883.4.642.4.247"],
      "uses" : {
      },
      "http://hl7.org/fhir/R4/valueset-encounter-status.html" : "EncounterStatus"
    },
    {
      "url" : "http://hl7.org/fhir/episode-of-care-status",
      "version" : "4.0.1",
      "status" : "draft",
      "name" : "EpisodeOfCareStatus",
      "title" : "EpisodeOfCareStatus",
      "description" : "The status of the episode of care.",
      "oids" : ["2.16.840.1.113883.4.642.4.665"],
      "uses" : {
      },
      "http://hl7.org/fhir/R4/valueset-episode-of-care-status.html" : "EpisodeOfCareStatus"
    },
    {
      "url" : "http://hl7.org/fhir/event-status",
      "version" : "4.0.1",
      "status" : "draft",
      "name" : "EventStatus",
      "title" : "EventStatus",
      "description" : "Codes identifying the lifecycle stage of an event.",
      "oids" : ["2.16.840.1.113883.4.642.4.110"],
      "uses" : {
      },
      "http://hl7.org/fhir/R4/valueset-event-status.html" : "EventStatus"
    },
    {
      "url" : "http://hl7.org/fhir/history-status",
      "version" : "4.0.1",
      "status" : "draft",
      "name" : "FamilyHistoryStatus",
      "title" : "FamilyHistoryStatus",
      "description" : "A code that identifies the status of the family history record.",
      "oids" : ["2.16.840.1.113883.4.642.4.268"],
      "uses" : {
      },
      "http://hl7.org/fhir/R4/valueset-history-status.html" : "FamilyHistoryStatus"
    },
    {
      "url" : "http://hl7.org/fhir/identifier-use",
      "version" : "4.0.1",
      "status" : "active",
      "name" : "IdentifierUse",
      "title" : "IdentifierUse",
      "description" : "Identifies the purpose for this identifier, if known .",
      "oids" : ["2.16.840.1.113883.4.642.4.58"],
      "uses" : {
      },
      "http://hl7.org/fhir/R4/valueset-identifier-use.html" : "IdentifierUse"
    },
    {
      "url" : "http://hl7.org/fhir/link-type",
      "version" : "4.0.1",
      "status" : "active",
      "name" : "LinkType",
      "title" : "LinkType",
      "description" : "The type of link between this patient resource and another patient resource.",
      "oids" : ["2.16.840.1.113883.4.642.4.424"],
      "uses" : {
      },
      "http://hl7.org/fhir/R4/valueset-link-type.html" : "LinkType"
    },
    {
      "url" : "http://hl7.org/fhir/name-use",
      "version" : "4.0.1",
      "status" : "active",
      "name" : "NameUse",
      "title" : "NameUse",
      "description" : "The use of a human name.",
      "oids" : ["2.16.840.1.113883.4.642.4.66"],
      "uses" : {
      },
      "http://hl7.org/fhir/R4/valueset-name-use.html" : "NameUse"
    },
    {
      "url" : "http://hl7.org/fhir/observation-status",
      "version" : "4.0.1",
      "status" : "active",
      "name" : "ObservationStatus",
      "title" : "ObservationStatus",
      "description" : "Codes providing the status of an observation.",
      "oids" : ["2.16.840.1.113883.4.642.4.401"],
      "uses" : {
      },
      "http://hl7.org/fhir/R4/valueset-observation-status.html" : "ObservationStatus"
    },
    {
      "url" : "http://hl7.org/fhir/participantrequired",
      "version" : "4.0.1",
      "status" : "draft",
      "name" : "ParticipantRequired",
      "title" : "ParticipantRequired",
      "description" : "Is the Participant required to attend the appointment.",
      "oids" : ["2.16.840.1.113883.4.642.4.489"],
      "uses" : {
      },
      "http://hl7.org/fhir/R4/valueset-participantrequired.html" : "ParticipantRequired"
    },
    {
      "url" : "http://hl7.org/fhir/participationstatus",
      "version" : "4.0.1",
      "status" : "draft",
      "name" : "ParticipationStatus",
      "title" : "ParticipationStatus",
      "description" : "The Participation status of an appointment.",
      "oids" : ["2.16.840.1.113883.4.642.4.487"],
      "uses" : {
      },
      "http://hl7.org/fhir/R4/valueset-participationstatus.html" : "ParticipationStatus"
    },
    {
      "url" : "http://hl7.org/fhir/quantity-comparator",
      "version" : "4.0.1",
      "status" : "active",
      "name" : "QuantityComparator",
      "title" : "QuantityComparator",
      "description" : "How the Quantity should be understood and represented.",
      "oids" : ["2.16.840.1.113883.4.642.4.60"],
      "uses" : {
      },
      "http://hl7.org/fhir/R4/valueset-quantity-comparator.html" : "QuantityComparator"
    },
    {
      "url" : "http://hl7.org/fhir/specimen-status",
      "version" : "4.0.1",
      "status" : "draft",
      "name" : "SpecimenStatus",
      "title" : "SpecimenStatus",
      "description" : "Codes providing the status/availability of a specimen.",
      "oids" : ["2.16.840.1.113883.4.642.4.472"],
      "uses" : {
      },
      "http://hl7.org/fhir/R4/valueset-specimen-status.html" : "SpecimenStatus"
    },
    {
      "url" : "http://idg-rlp.de/fhir/tumorkonferenzen/CodeSystem/HistoGradeCS",
      "version" : "0.1.0",
      "status" : "draft",
      "name" : "HistoGradeCS",
      "title" : "Histopathologische Grading Codes oBDS",
      "description" : "oBDS Grading Codes",
      "uses" : {
      },
      "ValueSet-HistoGradeVS.html" : "HistoGradeVS"
    },
    {
      "url" : "http://idg-rlp.de/fhir/tumorkonferenzen/CodeSystem/Lymphgefaessinvasion-cs",
      "version" : "0.1.0",
      "status" : "draft",
      "name" : "LymphgefaessinvasionCS",
      "title" : "Lymphgefäßinvasion CodeSystem",
      "description" : "LymphgefäßinvasionCS",
      "uses" : {
      },
      "ValueSet-Lymphgefaessinvasion-vs.html" : "Lymphgefäßinvasion ValueSet"
    },
    {
      "url" : "http://idg-rlp.de/fhir/tumorkonferenzen/CodeSystem/SerumTumorMarkerUICCCS",
      "version" : "0.1.0",
      "status" : "draft",
      "name" : "SerumTumorMarkerUICCCS",
      "title" : "SerumTumorMarkerUICCCS",
      "description" : "SerumTumorMarkerUICCCS",
      "uses" : {
      },
      "ValueSet-SerumTumorMarkerUICCVS.html" : "SerumTumorMarkerUICCVS"
    },
    {
      "url" : "http://idg-rlp.de/fhir/tumorkonferenzen/CodeSystem/krebsstadium-cs",
      "version" : "0.1.0",
      "status" : "draft",
      "name" : "KrebsstadiumCS",
      "title" : "Krebsstadium CodeSystem",
      "description" : "KrebsstadiumCS",
      "uses" : {
      },
      "ValueSet-krebsstadium-vs.html" : "Krebsstadium ValueSet"
    },
    {
      "url" : "http://idg-rlp.de/fhir/tumorkonferenzen/CodeSystem/multiple-primaer-tumoren-cs",
      "version" : "0.1.0",
      "status" : "draft",
      "name" : "MultiplePrimaerTumorenCS",
      "title" : "Multiple PrimärTumoren CodeSystem",
      "description" : "MultiplePrimärTumorenCS",
      "uses" : {
      },
      "ValueSet-multiple-primaer-tumoren-vs.html" : "Multiple PrimärTumoren ValueSet"
    },
    {
      "url" : "http://idg-rlp.de/fhir/tumorkonferenzen/CodeSystem/obds-op-komplikation-cs",
      "version" : "0.1.0",
      "status" : "draft",
      "name" : "ObdsOpKomplikationCS",
      "title" : "oBDS Operation Komplikation Codesystem",
      "description" : "Komplikation gemäß Vorgabe oBDS.",
      "uses" : {
      },
      "ValueSet-obds-op-komplikation-vs.html" : "oBDS Operation Komplikation Value Set"
    },
    {
      "url" : "http://idg-rlp.de/fhir/tumorkonferenzen/CodeSystem/obds-strahlentherapie-intention-cs",
      "version" : "0.1.0",
      "status" : "draft",
      "name" : "ObdsStrahlentherapieIntentionCS",
      "title" : "Intention der Strahlentherapie",
      "description" : "Die histopathologische Einstufung des invasiven Karzinoms ",
      "uses" : {
      },
      "ValueSet-obds-strahlentherapie-intention-vs.html" : "Intention der Strahlentherapie"
    },
    {
      "url" : "http://idg-rlp.de/fhir/tumorkonferenzen/CodeSystem/perineurale-invasion-cs",
      "version" : "0.1.0",
      "status" : "draft",
      "name" : "PerineuraleInvasionCS",
      "title" : "Perineurale Invasion CodeSystem",
      "description" : "PerineuraleInvasionCS",
      "uses" : {
      },
      "ValueSet-perineurale-invasion-vs.html" : "Perineurale Invasion ValueSet"
    },
    {
      "url" : "http://idg-rlp.de/fhir/tumorkonferenzen/CodeSystem/veneninvasion-cs",
      "version" : "0.1.0",
      "status" : "draft",
      "name" : "VeneninvasionCS",
      "title" : "Veneninvasion CodeSystem",
      "description" : "VeneninvasionCS",
      "uses" : {
      },
      "ValueSet-veneninvasion-vs.html" : "Veneninvasion ValueSet"
    },
    {
      "url" : "http://loinc.org",
      "version" : "3.1.0",
      "status" : "active",
      "name" : "LOINC",
      "title" : "Logical Observation Identifiers, Names and Codes (LOINC)",
      "description" : "LOINC provides a set of universal names and ID codes for identifying laboratory and clinical test results.1,2 LOINC facilitates the exchange and pooling of results, such as blood hemoglobin, serum potassium, or vital signs, for clinical care, outcomes management, and research. LOINC's universal identifiers (names and codes) can be used in the context of order and observation exchanges between information systems that use syntax standards such as HL73, CEN TC251, ISO TC215, ASTM4, and DICOM. Specifically, the identifier can be used as the coded value for an observation in any other standard that uses the observation/observation value paradigm, whether messages, documents, application programming interface (API), etc. For example, LOINC codes are used widely in the OBX segment Observation Identifier field (OBX-3) of an ORU HL7 (HL7 version 2.x or ASTM 1238-9410) message that may be sent between a Clinical Laboratory Information Management Systems (LIMS) and Electronic Health Record Systems (EHR).5, 6 In this way, LOINC codes provide universal identifiers that allow the exchange of clinical data between heterogeneous computing environments.",
      "oids" : ["2.16.840.1.113883.6.1"],
      "uses" : {
      },
      "http://hl7.org/fhir/R4/valueset-document-classcodes.html" : "Document Class Value Set",
      "ValueSet-ecog-performance-status.html" : "ECOG",
      "ValueSet-tnm-primary-tumor-staging-type-vs.html" : "TNM Primary Tumor Staging Type Value Set",
      "http://hl7.org/fhir/R4/valueset-c80-doc-typecodes.html" : "Document Type Value Set",
      "ValueSet-tnm-distant-metastases-staging-type-vs.html" : "TNM Distant Metastases Staging Type Value Set",
      "http://hl7.org/fhir/R4/valueset-observation-codes.html" : "LOINC Codes",
      "ValueSet-tnm-stage-group-staging-type-vs.html" : "TNM Stage Group Staging Type Value Set",
      "ValueSet-tnm-regional-nodes-staging-type-vs.html" : "TNM Regional Nodes Staging Type Value Set"
    },
    {
      "url" : "http://snomed.info/sct",
      "version" : null,
      "status" : "active",
      "name" : "SNOMED_CT",
      "title" : "SNOMED CT (all versions)",
      "description" : "SNOMED CT is the most comprehensive and precise clinical health terminology product in the world, owned and distributed around the world by The International Health Terminology Standards Development Organisation (IHTSDO).",
      "oids" : ["2.16.840.1.113883.6.96"],
      "uses" : {
      },
      "http://hl7.org/fhir/R4/valueset-body-site.html" : "SNOMED CT Body Structures",
      "http://hl7.org/fhir/R4/valueset-reason-medication-status-codes.html" : "SNOMED CT Drug Therapy Status codes ",
      "http://hl7.org/fhir/R4/valueset-c80-facilitycodes.html" : "Facility Type Code Value Set",
      "http://hl7.org/fhir/R4/valueset-procedure-followup.html" : "Procedure Follow up Codes (SNOMED CT)",
      "http://hl7.org/fhir/R4/valueset-practitioner-role.html" : "Practitioner role",
      "http://hl7.org/fhir/R4/valueset-procedure-category.html" : "Procedure Category Codes (SNOMED CT)",
      "http://hl7.org/fhir/R4/valueset-specimen-collection-method.html" : "FHIR Specimen Collection Method",
      "http://hl7.org/fhir/R4/valueset-observation-methods.html" : "Observation Methods",
      "http://hl7.org/fhir/R4/valueset-condition-code.html" : "Condition/Problem/Diagnosis Codes",
      "http://hl7.org/fhir/R4/valueset-condition-outcome.html" : "Condition Outcome Codes",
      "http://hl7.org/fhir/R4/valueset-medication-codes.html" : "SNOMED CT Medication Codes",
      "http://hl7.org/fhir/R4/valueset-procedure-not-performed-reason.html" : "Procedure Not Performed Reason (SNOMED-CT)",
      "http://hl7.org/fhir/R4/valueset-c80-practice-codes.html" : "Practice Setting Code Value Set",
      "ValueSet-tnm-stage-group-vs.html" : "TNM Stage Group Value Set",
      "http://hl7.org/fhir/R4/valueset-specimen-container-type.html" : "Specimen Container Type",
      "http://hl7.org/fhir/R4/valueset-performer-role.html" : "Procedure Performer Role Codes",
      "http://hl7.org/fhir/us/mcode/STU2.1/ValueSet-mcode-procedure-intent-vs.html" : "Procedure Intent Value Set",
      "ValueSet-tnm-regional-nodes-category-vs.html" : "TNM Regional Nodes Category Value Set",
      "http://hl7.org/fhir/R4/valueset-procedure-reason.html" : "Procedure Reason Codes",
      "ValueSet-tnm-primary-tumor-category-vs.html" : "TNM Primary Tumor Category Value Set",
      "http://hl7.org/fhir/R4/valueset-procedure-outcome.html" : "Procedure Outcome Codes (SNOMED CT)",
      "ValueSet-cancer-staging-method-vs.html" : "Cancer Staging Method Value Set",
      "http://hl7.org/fhir/R4/valueset-manifestation-or-symptom.html" : "Manifestation and Symptom Codes",
      "http://hl7.org/fhir/R4/valueset-clinical-findings.html" : "SNOMED CT Clinical Findings",
      "http://hl7.org/fhir/R4/valueset-condition-stage.html" : "Condition Stage",
      "http://hl7.org/fhir/R4/valueset-referencerange-appliesto.html" : "Observation Reference Range Applies To Codes",
      "http://hl7.org/fhir/R4/valueset-procedure-code.html" : "Procedure Codes (SNOMED CT)",
      "http://hl7.org/fhir/R4/valueset-device-action.html" : "Procedure Device Action Codes",
      "ValueSet-cancer-staging-type-vs.html" : "Cancer Staging Type Value Set",
      "http://hl7.org/fhir/R4/valueset-device-kind.html" : "FHIR Device Types",
      "ValueSet-tnm-distant-metastases-category-vs.html" : "TNM Distant Metastases Category Value Set",
      "ValueSet-tnm-staging-method-vs.html" : "TNM Staging Method Value Set",
      "ValueSet-cancer-stage-group-vs.html" : "Cancer Stage Group Value Set",
      "http://hl7.org/fhir/R4/valueset-condition-severity.html" : "Condition/Diagnosis Severity",
      "http://hl7.org/fhir/R4/valueset-condition-stage-type.html" : "Condition Stage Type",
      "http://hl7.org/fhir/R4/valueset-encounter-reason.html" : "Encounter Reason Codes"
    },
    {
      "url" : "http://terminology.hl7.org/CodeSystem/admit-source",
      "version" : "0.1.0",
      "status" : "draft",
      "name" : "AdmitSource",
      "title" : "Admit source",
      "description" : "This value set defines a set of codes that can be used to indicate from where the patient came in.",
      "oids" : ["2.16.840.1.113883.4.642.1.1092"],
      "uses" : {
      },
      "http://hl7.org/fhir/R4/valueset-encounter-admit-source.html" : "Admit source"
    },
    {
      "url" : "http://terminology.hl7.org/CodeSystem/appointment-cancellation-reason",
      "version" : "1.0.0",
      "status" : "draft",
      "name" : "AppointmentCancellationReason",
      "title" : "Appointment cancellation reason",
      "description" : "This example value set defines a set of reasons for the cancellation of an appointment.",
      "oids" : ["2.16.840.1.113883.4.642.1.1382"],
      "uses" : {
      },
      "http://hl7.org/fhir/R4/valueset-appointment-cancellation-reason.html" : "Appointment cancellation reason"
    },
    {
      "url" : "http://terminology.hl7.org/CodeSystem/condition-category",
      "version" : "0.5.0",
      "status" : "draft",
      "name" : "ConditionCategoryCodes",
      "title" : "Condition Category Codes",
      "description" : "Preferred value set for Condition Categories.",
      "oids" : ["2.16.840.1.113883.4.642.1.1073"],
      "uses" : {
      },
      "http://hl7.org/fhir/R4/valueset-condition-category.html" : "Condition Category Codes"
    },
    {
      "url" : "http://terminology.hl7.org/CodeSystem/condition-clinical",
      "version" : "2.0.0",
      "status" : "active",
      "name" : "ConditionClinicalStatusCodes",
      "title" : "Condition Clinical Status Codes",
      "description" : "Preferred value set for Condition Clinical Status.",
      "oids" : ["2.16.840.1.113883.4.642.1.1074"],
      "uses" : {
      },
      "http://hl7.org/fhir/R4/valueset-condition-clinical.html" : "Condition Clinical Status Codes"
    },
    {
      "url" : "http://terminology.hl7.org/CodeSystem/condition-ver-status",
      "version" : "1.0.0",
      "status" : "draft",
      "name" : "ConditionVerificationStatus",
      "title" : "ConditionVerificationStatus",
      "description" : "The verification status to support or decline the clinical status of the condition or diagnosis.",
      "oids" : ["2.16.840.1.113883.4.642.1.1075"],
      "uses" : {
      },
      "http://hl7.org/fhir/R4/valueset-condition-ver-status.html" : "ConditionVerificationStatus"
    },
    {
      "url" : "http://terminology.hl7.org/CodeSystem/contactentity-type",
      "version" : "0.5.0",
      "status" : "draft",
      "name" : "ContactEntityType",
      "title" : "Contact entity type",
      "description" : "This example value set defines a set of codes that can be used to indicate the purpose for which you would contact a contact party.",
      "oids" : ["2.16.840.1.113883.4.642.1.1129"],
      "uses" : {
      },
      "http://hl7.org/fhir/R4/valueset-contactentity-type.html" : "Contact entity type"
    },
    {
      "url" : "http://terminology.hl7.org/CodeSystem/data-absent-reason",
      "version" : "0.1.0",
      "status" : "active",
      "name" : "DataAbsentReason",
      "title" : "DataAbsentReason",
      "description" : "Used to specify why the normally expected content of the data element is missing.",
      "oids" : ["2.16.840.1.113883.4.642.4.1048"],
      "uses" : {
      },
      "http://hl7.org/fhir/R4/valueset-data-absent-reason.html" : "DataAbsentReason"
    },
    {
      "url" : "http://terminology.hl7.org/CodeSystem/diagnosis-role",
      "version" : "0.1.1",
      "status" : "draft",
      "name" : "DiagnosisRole",
      "title" : "Diagnosis Role",
      "description" : "This value set defines a set of codes that can be used to express the role of a diagnosis on the Encounter or EpisodeOfCare record.",
      "oids" : ["2.16.840.1.113883.4.642.1.1054"],
      "uses" : {
      },
      "http://hl7.org/fhir/R4/valueset-diagnosis-role.html" : "DiagnosisRole"
    },
    {
      "url" : "http://terminology.hl7.org/CodeSystem/diet",
      "version" : "0.1.0",
      "status" : "draft",
      "name" : "Diet",
      "title" : "Diet",
      "description" : "This value set defines a set of codes that can be used to indicate dietary preferences or restrictions a patient may have.",
      "oids" : ["2.16.840.1.113883.4.642.1.1091"],
      "uses" : {
      },
      "http://hl7.org/fhir/R4/valueset-encounter-diet.html" : "Diet"
    },
    {
      "url" : "http://terminology.hl7.org/CodeSystem/discharge-disposition",
      "version" : "0.1.0",
      "status" : "draft",
      "name" : "DischargeDisposition",
      "title" : "Discharge disposition",
      "description" : "This value set defines a set of codes that can be used to where the patient left the hospital.",
      "oids" : ["2.16.840.1.113883.4.642.1.1093"],
      "uses" : {
      },
      "http://hl7.org/fhir/R4/valueset-encounter-discharge-disposition.html" : "Discharge disposition"
    },
    {
      "url" : "http://terminology.hl7.org/CodeSystem/encounter-special-arrangements",
      "version" : "0.1.0",
      "status" : "draft",
      "name" : "SpecialArrangements",
      "title" : "Special arrangements",
      "description" : "This value set defines a set of codes that can be used to indicate the kinds of special arrangements in place for a patients visit.",
      "oids" : ["2.16.840.1.113883.4.642.1.1090"],
      "uses" : {
      },
      "http://hl7.org/fhir/R4/valueset-encounter-special-arrangements.html" : "Special arrangements"
    },
    {
      "url" : "http://terminology.hl7.org/CodeSystem/encounter-type",
      "version" : "0.1.0",
      "status" : "draft",
      "name" : "EncounterType",
      "title" : "Encounter type",
      "description" : "This example value set defines a set of codes that can be used to indicate the type of encounter: a specific code indicating type of service provided.",
      "oids" : ["2.16.840.1.113883.4.642.1.1088"],
      "uses" : {
      },
      "http://hl7.org/fhir/R4/valueset-encounter-type.html" : "Encounter type"
    },
    {
      "url" : "http://terminology.hl7.org/CodeSystem/episodeofcare-type",
      "version" : "0.1.0",
      "status" : "draft",
      "name" : "EpisodeOfCareType",
      "title" : "Episode of care type",
      "description" : "This example value set defines a set of codes that can be used to express the usage type of an EpisodeOfCare record.",
      "oids" : ["2.16.840.1.113883.4.642.1.1189"],
      "uses" : {
      },
      "http://hl7.org/fhir/R4/valueset-episodeofcare-type.html" : "Episode of care type"
    },
    {
      "url" : "http://terminology.hl7.org/CodeSystem/history-absent-reason",
      "version" : "0.1.0",
      "status" : "draft",
      "name" : "FamilyHistoryAbsentReason",
      "title" : "FamilyHistoryAbsentReason",
      "description" : "Codes describing the reason why a family member's history is not available.",
      "oids" : ["2.16.840.1.113883.4.642.1.1094"],
      "uses" : {
      },
      "http://hl7.org/fhir/R4/valueset-history-absent-reason.html" : "FamilyHistoryAbsentReason"
    },
    {
      "url" : "http://terminology.hl7.org/CodeSystem/icd-o-3",
      "version" : "2.0.1",
      "status" : "active",
      "name" : "IcdO3",
      "title" : "International Classification of Diseases for Oncology, version 3.",
      "description" : "International Classification of Diseases for Oncology, version 3. For more information see http://www.who.int/classifications/icd/adaptations/oncology/en/.",
      "oids" : ["2.16.840.1.113883.6.43.1"],
      "uses" : {
      },
      "ValueSet-icd-o-3-morphologie.html" : "Morphologie Codes des ICD-O-3 CodeSystems."
    },
    {
      "url" : "http://terminology.hl7.org/CodeSystem/location-physical-type",
      "version" : "1.0.0",
      "status" : "draft",
      "name" : "LocationType",
      "title" : "Location type",
      "description" : "This example value set defines a set of codes that can be used to indicate the physical form of the Location.\r\rThis includes several 'non physical' codes which are still considered a location.",
      "oids" : ["2.16.840.1.113883.4.642.1.1108"],
      "uses" : {
      },
      "http://hl7.org/fhir/R4/valueset-location-physical-type.html" : "Location type"
    },
    {
      "url" : "http://terminology.hl7.org/CodeSystem/medication-statement-category",
      "version" : "4.0.1",
      "status" : "draft",
      "name" : "Medication usage category codes",
      "title" : "Medication usage category codes",
      "description" : "Medication Status Codes",
      "oids" : ["2.16.840.1.113883.4.642.4.1120"],
      "uses" : {
      },
      "http://hl7.org/fhir/R4/valueset-medication-statement-category.html" : "Medication usage category codes"
    },
    {
      "url" : "http://terminology.hl7.org/CodeSystem/observation-category",
      "version" : "0.1.0",
      "status" : "draft",
      "name" : "ObservationCategoryCodes",
      "title" : "Observation Category Codes",
      "description" : "Observation Category codes.",
      "oids" : ["2.16.840.1.113883.4.642.1.1125"],
      "uses" : {
      },
      "http://hl7.org/fhir/R4/valueset-observation-category.html" : "Observation Category Codes"
    },
    {
      "url" : "http://terminology.hl7.org/CodeSystem/organization-type",
      "version" : "0.1.0",
      "status" : "draft",
      "name" : "OrganizationType",
      "title" : "Organization type",
      "description" : "This example value set defines a set of codes that can be used to indicate a type of organization.",
      "oids" : ["2.16.840.1.113883.4.642.1.1128"],
      "uses" : {
      },
      "http://hl7.org/fhir/R4/valueset-organization-type.html" : "Organization type"
    },
    {
      "url" : "http://terminology.hl7.org/CodeSystem/participant-type",
      "version" : "0.5.0",
      "status" : "draft",
      "name" : "ParticipantType",
      "title" : "Participant type",
      "description" : "This value set defines a set of codes that can be used to indicate how an individual participates in an encounter.",
      "oids" : ["2.16.840.1.113883.4.642.1.1089"],
      "uses" : {
      },
      "http://hl7.org/fhir/R4/valueset-encounter-participant-type.html" : "Participant type"
    },
    {
      "url" : "http://terminology.hl7.org/CodeSystem/practitioner-role",
      "version" : "0.1.0",
      "status" : "draft",
      "name" : "PractitionerRole",
      "title" : "Practitioner role",
      "description" : "This example value set defines a set of codes that can be used to indicate the role of a Practitioner.",
      "oids" : ["2.16.840.1.113883.4.642.1.1132"],
      "uses" : {
      },
      "http://hl7.org/fhir/R4/valueset-practitioner-role.html" : "Practitioner role"
    },
    {
      "url" : "http://terminology.hl7.org/CodeSystem/referencerange-meaning",
      "version" : "0.1.0",
      "status" : "draft",
      "name" : "ObservationReferenceRangeMeaningCodes",
      "title" : "Observation Reference Range Meaning Codes",
      "description" : "This value set defines a set of codes that can be used to indicate the meaning/use of a reference range for a particular target population.",
      "oids" : ["2.16.840.1.113883.4.642.1.1124"],
      "uses" : {
      },
      "http://hl7.org/fhir/R4/valueset-referencerange-meaning.html" : "Observation Reference Range Meaning Codes"
    },
    {
      "url" : "http://terminology.hl7.org/CodeSystem/service-category",
      "version" : "0.1.0",
      "status" : "draft",
      "name" : "ServiceCategory",
      "title" : "Service category",
      "description" : "This value set defines an example set of codes that can be used to classify groupings of service-types/specialties.",
      "oids" : ["2.16.840.1.113883.4.642.1.1144"],
      "uses" : {
      },
      "http://hl7.org/fhir/R4/valueset-service-category.html" : "Service category"
    },
    {
      "url" : "http://terminology.hl7.org/CodeSystem/service-type",
      "version" : "0.1.0",
      "status" : "draft",
      "name" : "ServiceType",
      "title" : "Service type",
      "description" : "This value set defines an example set of codes of service-types.",
      "oids" : ["2.16.840.1.113883.4.642.1.1145"],
      "uses" : {
      },
      "http://hl7.org/fhir/R4/valueset-service-type.html" : "Service type"
    },
    {
      "url" : "http://terminology.hl7.org/CodeSystem/v2-0092",
      "version" : "2.1.0",
      "status" : "active",
      "name" : "ReAdmissionIndicator",
      "title" : "re-admissionIndicator",
      "description" : "Code system of concepts which are used to specify that a patient is being re admitted to a healthcare facilityin from which they were discharged, and indicates the circumstances around such re-admission.  Used in HL7 Version 2.x messagine in the PV1 segment.",
      "oids" : ["2.16.840.1.113883.18.36"],
      "uses" : {
      },
      "http://terminology.hl7.org/5.0.0/ValueSet-v2-0092.html" : "hl7VS-re-admissionIndicator"
    },
    {
      "url" : "http://terminology.hl7.org/CodeSystem/v2-0131",
      "version" : "2.1.0",
      "status" : "active",
      "name" : "ContactRole2",
      "title" : "contactRole2",
      "description" : "Code system of concepts which specify a relationship role that the next of kin/associated parties plays with regard to the patient. Also used in referrals, for example, it may be necessary to identify the contact representative at the clinic that sent a referral. Used in HL7 Version 2 messaging in the NK1 and CTD segments after 2.5, when it replace 2.16.840.1.113883.18.57.",
      "oids" : ["2.16.840.1.113883.18.58"],
      "uses" : {
      },
      "http://hl7.org/fhir/R4/valueset-patient-contactrelationship.html" : "Patient Contact Relationship "
    },
    {
      "url" : "http://terminology.hl7.org/CodeSystem/v2-0203",
      "version" : "3.0.0",
      "status" : "active",
      "name" : "IdentifierType",
      "title" : "identifierType",
      "description" : "HL7-defined code system of concepts specifying type of identifier. Used in HL7 Version 2.x messaging data types CX, PLN, PPN, XCN and XON.",
      "oids" : ["2.16.840.1.113883.18.108"],
      "uses" : {
      },
      "https://simplifier.net/resolve?scope=de.basisprofil.r4@1.5.0-ballot2&canonical=http://fhir.de/ValueSet/identifier-type-de-basis" : "IdentifierTypeDeBasis"
    },
    {
      "url" : "http://terminology.hl7.org/CodeSystem/v2-0276",
      "version" : "2.1.0",
      "status" : "active",
      "name" : "AppointmentReason",
      "title" : "appointmentReason",
      "description" : "Code system of concepts used to describe the kind of appointment or the reason why an appointment has been scheduled.  Used in HL7 Version 2.x messaging in the ARQ segment.",
      "oids" : ["2.16.840.1.113883.18.169"],
      "uses" : {
      },
      "http://terminology.hl7.org/5.0.0/ValueSet-v2-0276.html" : "hl7VS-appointmentReasonCodes"
    },
    {
      "url" : "http://terminology.hl7.org/CodeSystem/v2-0371",
      "version" : "2.1.0",
      "status" : "active",
      "name" : "AdditivePreservative",
      "title" : "additivePreservative",
      "description" : "HL7-defined code system of concepts specifying any additive introduced to the specimen before or at the time of collection.  These additives may be introduced in order to preserve, maintain or enhance the particular nature or component of the specimen.  Used in HL7 Version 2.x messaging in the SPM and SAC segments.",
      "oids" : ["2.16.840.1.113883.18.229"],
      "uses" : {
      },
      "http://terminology.hl7.org/5.0.0/ValueSet-v2-0371.html" : "hl7VS-additivePreservative"
    },
    {
      "url" : "http://terminology.hl7.org/CodeSystem/v2-0373",
      "version" : "2.1.0",
      "status" : "active",
      "name" : "Treatment",
      "title" : "treatment",
      "description" : "Code system of concepts that identify the specimen treatment performed during lab processing.  Used in the Interaction Specimen Container Detail (SAC) segment in HL7 Version 2.x messaging.",
      "oids" : ["2.16.840.1.113883.18.231"],
      "uses" : {
      },
      "http://hl7.org/fhir/R4/valueset-specimen-processing-procedure.html" : "Specimen processing procedure"
    },
    {
      "url" : "http://terminology.hl7.org/CodeSystem/v2-0487",
      "version" : "2.3.0",
      "status" : "active",
      "name" : "SpecimenType",
      "title" : "specimenType",
      "description" : "HL7-defined code system of concepts that describe the precise nature of an entity that may be used as the source material for an observation.  This is one of two code systems that are used instead of table 0070 (code system 2.16.840.1.113883.18.28) which conflated specimen types and specimen collection methods.   Used in HL7 Version 2.x messaging in the SPM segment.",
      "oids" : ["2.16.840.1.113883.18.311"],
      "uses" : {
      },
      "http://terminology.hl7.org/5.0.0/ValueSet-v2-0487.html" : "hl7VS-specimenType"
    },
    {
      "url" : "http://terminology.hl7.org/CodeSystem/v2-0493",
      "version" : "2.2.0",
      "status" : "active",
      "name" : "SpecimenCondition",
      "title" : "specimenCondition",
      "description" : "Code system of concepts specifying a mode or state of being that describes the nature of the specimen.  Used in HL7 Version 2.x messaging in the SPM segment.",
      "oids" : ["2.16.840.1.113883.18.317"],
      "uses" : {
      },
      "http://terminology.hl7.org/5.0.0/ValueSet-v2-0493.html" : "hl7VS-specimenCondition"
    },
    {
      "url" : "http://terminology.hl7.org/CodeSystem/v2-0916",
      "version" : "2.2.0",
      "status" : "active",
      "name" : "RelevantClincialInformation",
      "title" : "relevantClincialInformation",
      "description" : "Code system of concepts specifying additional clinical information about the patient or specimen to report the supporting and/or suspected diagnosis and clinical findings on requests for interpreted diagnostic studies. Used in HL7 Version 2.x messaging in the OBR segment.",
      "oids" : ["2.16.840.1.113883.18.422"],
      "uses" : {
      },
      "http://terminology.hl7.org/5.0.0/ValueSet-v2-0916.html" : "hl7VS-relevantClincialInformation"
    },
    {
      "url" : "http://terminology.hl7.org/CodeSystem/v3-ActCode",
      "version" : "8.0.1",
      "status" : "active",
      "name" : "ActCode",
      "title" : "ActCode",
      "description" : "A code specifying the particular kind of Act that the Act-instance represents within its class.\r\n\r\n*Constraints:* The kind of Act (e.g. physical examination, serum potassium, inpatient encounter, charge financial transaction, etc.) is specified with a code from one of several, typically external, coding systems. The coding system will depend on the class of Act, such as LOINC for observations, etc.\r\n\r\nConceptually, the Act.code must be a specialization of the Act.classCode. This is why the structure of ActClass domain should be reflected in the superstructure of the ActCode domain and then individual codes or externally referenced vocabularies subordinated under these domains that reflect the ActClass structure.\r\n\r\nAct.classCode and Act.code are not modifiers of each other but the Act.code concept should really imply the Act.classCode concept. For a negative example, it is not appropriate to use an Act.code \"potassium\" together with and Act.classCode for \"laboratory observation\" to somehow mean \"potassium laboratory observation\" and then use the same Act.code for \"potassium\" together with Act.classCode for \"medication\" to mean \"substitution of potassium\". This mutually modifying use of Act.code and Act.classCode is not permitted.",
      "oids" : ["2.16.840.1.113883.5.4"],
      "uses" : {
      },
      "http://terminology.hl7.org/5.0.0/ValueSet-v3-ActCode.html" : "v3 Code System ActCode",
      "http://terminology.hl7.org/5.0.0/ValueSet-v3-ActEncounterCode.html" : "ActEncounterCode"
    },
    {
      "url" : "http://terminology.hl7.org/CodeSystem/v3-ActPriority",
      "version" : "2.1.0",
      "status" : "active",
      "name" : "ActPriority",
      "title" : "ActPriority",
      "description" : "A set of codes (e.g., for routine, emergency), specifying the urgency under which the Act happened, can happen, is happening, is intended to happen, or is requested/demanded to happen.",
      "oids" : ["2.16.840.1.113883.5.7"],
      "uses" : {
      },
      "http://terminology.hl7.org/5.0.0/ValueSet-v3-ActPriority.html" : "ActPriority"
    },
    {
      "url" : "http://terminology.hl7.org/CodeSystem/v3-EncounterSpecialCourtesy",
      "version" : "2.1.0",
      "status" : "active",
      "name" : "EncounterSpecialCourtesy",
      "title" : "EncounterSpecialCourtesy",
      "description" : "**** MISSING DESCRIPTION ****",
      "oids" : ["2.16.840.1.113883.5.40"],
      "uses" : {
      },
      "http://hl7.org/fhir/R4/valueset-encounter-special-courtesy.html" : "Special courtesy"
    },
    {
      "url" : "http://terminology.hl7.org/CodeSystem/v3-MaritalStatus",
      "version" : "2.1.0",
      "status" : "active",
      "name" : "MaritalStatus",
      "title" : "MaritalStatus",
      "description" : "\\* \\* \\* No description supplied \\* \\* \\*\r\n\r\n*Open Issue:* The specific meanings of these codes can vary somewhat by jurisdiction and implementation so caution should be used when determining equivalency.\r\n\r\n*Open Issue:* fixing and completion of the hierarchy and proper good definitions of all the concepts is badly needed.",
      "oids" : ["2.16.840.1.113883.5.2"],
      "uses" : {
      },
      "http://hl7.org/fhir/R4/valueset-marital-status.html" : "MaritalStatus"
    },
    {
      "url" : "http://terminology.hl7.org/CodeSystem/v3-NullFlavor",
      "version" : "2.1.0",
      "status" : "active",
      "name" : "NullFlavor",
      "title" : "NullFlavor",
      "description" : "A collection of codes specifying why a valid value is not present.",
      "oids" : ["2.16.840.1.113883.5.1008"],
      "uses" : {
      },
      "http://hl7.org/fhir/R4/valueset-marital-status.html" : "MaritalStatus",
      "http://hl7.org/fhir/R4/valueset-encounter-special-courtesy.html" : "Special courtesy"
    },
    {
      "url" : "http://terminology.hl7.org/CodeSystem/v3-ObservationInterpretation",
      "version" : "2.1.0",
      "status" : "active",
      "name" : "ObservationInterpretation",
      "title" : "ObservationInterpretation",
      "description" : "One or more codes providing a rough qualitative interpretation of the observation, such as \"normal\" / \"abnormal\", \"low\" / \"high\", \"better\" / \"worse\", \"resistant\" / \"susceptible\", \"expected\" / \"not expected\". The value set is intended to be for ANY use where coded representation of an interpretation is needed.",
      "oids" : ["2.16.840.1.113883.5.83"],
      "uses" : {
      },
      "http://hl7.org/fhir/R4/valueset-observation-interpretation.html" : "Observation Interpretation Codes"
    },
    {
      "url" : "http://terminology.hl7.org/CodeSystem/v3-ParticipationType",
      "version" : "4.0.0",
      "status" : "active",
      "name" : "ParticipationType",
      "title" : "ParticipationType",
      "description" : "A code specifying the meaning and purpose of every Participation instance. Each of its values implies specific constraints on the Roles undertaking the participation.",
      "oids" : ["2.16.840.1.113883.5.90"],
      "uses" : {
      },
      "http://hl7.org/fhir/R4/valueset-encounter-participant-type.html" : "Participant type"
    },
    {
      "url" : "http://terminology.hl7.org/CodeSystem/v3-RoleCode",
      "version" : "2.2.0",
      "status" : "active",
      "name" : "RoleCode",
      "title" : "RoleCode",
      "description" : "A set of codes further specifying the kind of Role; specific classification codes for further qualifying RoleClass codes.",
      "oids" : ["2.16.840.1.113883.5.111"],
      "uses" : {
      },
      "http://terminology.hl7.org/5.0.0/ValueSet-v3-FamilyMember.html" : "FamilyMember"
    },
    {
      "url" : "urn:ietf:bcp:47",
      "version" : "2.0.1",
      "status" : "active",
      "name" : "Ietf3066",
      "title" : "Tags for the Identification of Languages",
      "description" : "Older value from OID registry.  Superceded; see recommendations in BCP-47.",
      "oids" : ["2.16.840.1.113883.6.121"],
      "uses" : {
      },
      "http://hl7.org/fhir/R4/valueset-languages.html" : "Common Languages"
    },
    {
      "url" : "urn:iso:std:iso:3166",
      "version" : "1.0.0",
      "status" : "active",
      "name" : "ISO3166Part1",
      "title" : "ISO 3166-1 Codes for the representation of names of countries and their subdivisions — Part 1: Country code",
      "description" : "ISO 3166-1 establishes codes that represent the current names of countries, dependencies, and other areas of particular geopolitical interest, on the basis of country names obtained from the United Nations.",
      "oids" : ["1.0.3166.1"],
      "uses" : {
      },
      "http://hl7.org/fhir/R4/valueset-iso3166-1-2.html" : "Iso 3166 Part 1: 2 Letter Codes"
    },
    {
      "url" : "urn:iso:std:iso:3166-2:de",
      "version" : "1.5.0-ballot",
      "status" : "active",
      "name" : "CodeSystemISO31662DE",
      "title" : "ISO-3166-2:de-Laendercodes",
      "description" : "Die Liste der ISO-3166-2:DE Codes für Deutschland enthält die Codes für die deutschen Länder.",
      "uses" : {
      },
      "https://simplifier.net/resolve?scope=de.basisprofil.r4@1.5.0-ballot2&canonical=http://fhir.de/ValueSet/iso/bundeslaender" : "ISO-3166-2:de-Laendercodes"
    }
  ]
}
