<?xml version="1.0" encoding="UTF-8"?>

<Encounter xmlns="http://hl7.org/fhir">
  <id value="VerlaufExample"/>
  <meta>
    <profile value="http://idg-rlp.de/fhir/tumorkonferenzen/StructureDefinition/verlauf"/>
  </meta>
  <text>
    <status value="generated"/><div xmlns="http://www.w3.org/1999/xhtml"><p class="res-header-id"><b>Generated Narrative: Encounter VerlaufExample</b></p><a name="VerlaufExample"> </a><a name="hcVerlaufExample"> </a><a name="VerlaufExample-en-US"> </a><p><b>status</b>: final</p><p><b>class</b>: <a href="http://terminology.hl7.org/6.0.2/CodeSystem-v3-ActCode.html#v3-ActCode-VR">ActCode</a> VR: virtual</p><p><b>type</b>: <span title="Codes:{http://snomed.info/sct 185389009}">Cancer follow-up visit</span></p><p><b>subject</b>: <a href="Patient-TumorPatient-example-1.html">Martina Mustermann (official) Female, DoB: 1965-04-03 ( Gesetzliche Krankenversicherung)</a></p><p><b>episodeOfCare</b>: <a href="EpisodeOfCare-TumorErkrankungExample.html">EpisodeOfCare: status = active; type = Cancer Diagnosis</a></p><p><b>period</b>: 2023-04-05 08:00:00+0000 --&gt; (ongoing)</p></div>
  </text>
  <status value="final"/>
  <class>
    <system value="http://terminology.hl7.org/CodeSystem/v3-ActCode"/>
    <code value="VR"/>
  </class>
  <type>
    <coding>
      <system value="http://snomed.info/sct"/>
      <code value="185389009"/>
      <display value="Cancer follow-up visit"/>
    </coding>
  </type>
  <subject>
    <reference value="Patient/TumorPatient-example-1"/>
  </subject>
  <episodeOfCare>
    <reference value="EpisodeOfCare/TumorErkrankungExample"/>
  </episodeOfCare>
  <period>
    <start value="2023-04-05T08:00:00Z"/>
  </period>
</Encounter>