<?xml version="1.0" encoding="UTF-8"?>

<EpisodeOfCare xmlns="http://hl7.org/fhir">
  <id value="TumorErkrankungExample"/>
  <meta>
    <profile value="http://idg-rlp.de/fhir/tumorkonferenzen/StructureDefinition/tumorErkrankung"/>
  </meta>
  <text>
    <status value="generated"/><div xmlns="http://www.w3.org/1999/xhtml"><p><b>Generated Narrative: EpisodeOfCare</b><a name="TumorErkrankungExample"> </a><a name="hcTumorErkrankungExample"> </a></p><div style="display: inline-block; background-color: #d9e0e7; padding: 6px; margin: 4px; border: 1px solid #8da1b4; border-radius: 5px; line-height: 60%"><p style="margin-bottom: 0px">Resource EpisodeOfCare &quot;TumorErkrankungExample&quot; </p><p style="margin-bottom: 0px">Profile: <a href="StructureDefinition-tumorErkrankung.html">Tumorerkrankung</a></p></div><p><b>status</b>: active</p><p><b>type</b>: Cancer Diagnosis <span style="background: LightGoldenRodYellow; margin: 4px; border: 1px solid khaki"> (<a href="http://terminology.hl7.org/5.0.0/CodeSystem-v3-nciThesaurus.html">NCI Thesaurus</a>#C16213)</span></p><h3>Diagnoses</h3><table class="grid"><tr><td style="display: none">-</td><td><b>Condition</b></td><td><b>Role</b></td></tr><tr><td style="display: none">*</td><td><a href="https://simplifier.net/resolve?scope=de.basisprofil.r4@1.5.0-ballot2&amp;canonical=http://fhir.org/packages/de.basisprofil.r4/&quot;TODO-INSTANZs&quot;">&quot;TODO-INSTANZs&quot;</a></td><td>Chief complaint <span style="background: LightGoldenRodYellow; margin: 4px; border: 1px solid khaki"> (<a href="http://terminology.hl7.org/5.0.0/CodeSystem-diagnosis-role.html">Diagnosis Role</a>#CC)</span></td></tr></table><p><b>patient</b>: <a href="Patient-TumorPatient-example-1.html">Patient/TumorPatient-example-1</a> &quot; MUSTERMANN&quot;</p></div>
  </text>
  <status value="active"/>
  <type>
    <coding>
      <system value="http://ncicb.nci.nih.gov/xml/owl/EVS/Thesaurus.owl"/>
      <code value="C16213"/>
      <display value="Cancer Diagnosis"/>
    </coding>
  </type>
  <diagnosis>
    <condition>
      <reference value="&quot;TODO-INSTANZs&quot;"/>
    </condition>
    <role>
      <coding>
        <system value="http://terminology.hl7.org/CodeSystem/diagnosis-role"/>
        <code value="CC"/>
      </coding>
    </role>
  </diagnosis>
  <patient>
    <reference value="Patient/TumorPatient-example-1"/>
  </patient>
</EpisodeOfCare>