<?xml version="1.0" encoding="UTF-8"?>

<ImplementationGuide xmlns="http://hl7.org/fhir">
  <id value="de.idg-rlp.tumorkonferenzen"/>
  <text>
    <status value="extensions"/><div xmlns="http://www.w3.org/1999/xhtml"><h2>TumorkonferenzenIDG</h2><p>The official URL for this implementation guide is: </p><pre>http://idg-rlp.de/fhir/tumorkonferenzen/ImplementationGuide/de.idg-rlp.tumorkonferenzen</pre></div>
  </text>
  <url value="http://idg-rlp.de/fhir/tumorkonferenzen/ImplementationGuide/de.idg-rlp.tumorkonferenzen"/>
  <version value="0.1.0"/>
  <name value="TumorkonferenzenIDG"/>
  <status value="draft"/>
  <date value="2024-05-28T11:23:31+00:00"/>
  <publisher value="IDG Institut für digitale Gesundheitsdaten RLP gGmbH"/>
  <contact>
    <name value="IDG Institut für digitale Gesundheitsdaten RLP gGmbH"/>
    <telecom>
      <system value="url"/>
      <value value="https://www.idg-rlp.de/"/>
    </telecom>
    <telecom>
      <system value="email"/>
      <value value="info@idg-rlp.de"/>
    </telecom>
  </contact>
  <packageId value="de.idg-rlp.tumorkonferenzen"/>
  <license value="CC0-1.0"/>
  <fhirVersion value="4.0.1"/>
  <dependsOn id="hl7tx">
    <extension url="http://hl7.org/fhir/tools/StructureDefinition/implementationguide-dependency-comment">
      <valueMarkdown value="Automatically added as a dependency - all IGs depend on HL7 Terminology"/>
    </extension>
    <uri value="http://terminology.hl7.org/ImplementationGuide/hl7.terminology"/>
    <packageId value="hl7.terminology.r4"/>
    <version value="5.5.0"/>
  </dependsOn>
  <dependsOn id="hl7ext">
    <extension url="http://hl7.org/fhir/tools/StructureDefinition/implementationguide-dependency-comment">
      <valueMarkdown value="Automatically added as a dependency - all IGs depend on the HL7 Extension Pack"/>
    </extension>
    <uri value="http://hl7.org/fhir/extensions/ImplementationGuide/hl7.fhir.uv.extensions"/>
    <packageId value="hl7.fhir.uv.extensions.r4"/>
    <version value="5.1.0"/>
  </dependsOn>
  <dependsOn id="de_basisprofil_r4">
    <uri value="http://fhir.org/packages/de.basisprofil.r4/ImplementationGuide/de.basisprofil.r4"/>
    <packageId value="de.basisprofil.r4"/>
    <version value="1.5.0-ballot2"/>
  </dependsOn>
  <dependsOn id="hl7_fhir_us_mcode">
    <uri value="http://hl7.org/fhir/us/mcode/ImplementationGuide/hl7.fhir.us.mcode"/>
    <packageId value="hl7.fhir.us.mcode"/>
    <version value="2.1.0"/>
  </dependsOn>
  <definition>
    <extension url="http://hl7.org/fhir/tools/StructureDefinition/ig-parameter">
      <extension url="code">
        <valueString value="copyrightyear"/>
      </extension>
      <extension url="value">
        <valueString value="2023+"/>
      </extension>
    </extension>
    <extension url="http://hl7.org/fhir/tools/StructureDefinition/ig-parameter">
      <extension url="code">
        <valueString value="releaselabel"/>
      </extension>
      <extension url="value">
        <valueString value="ci-build"/>
      </extension>
    </extension>
    <extension url="http://hl7.org/fhir/tools/StructureDefinition/ig-parameter">
      <extension url="code">
        <valueString value="autoload-resources"/>
      </extension>
      <extension url="value">
        <valueString value="true"/>
      </extension>
    </extension>
    <extension url="http://hl7.org/fhir/tools/StructureDefinition/ig-parameter">
      <extension url="code">
        <valueString value="path-liquid"/>
      </extension>
      <extension url="value">
        <valueString value="template/liquid"/>
      </extension>
    </extension>
    <extension url="http://hl7.org/fhir/tools/StructureDefinition/ig-parameter">
      <extension url="code">
        <valueString value="path-liquid"/>
      </extension>
      <extension url="value">
        <valueString value="input/liquid"/>
      </extension>
    </extension>
    <extension url="http://hl7.org/fhir/tools/StructureDefinition/ig-parameter">
      <extension url="code">
        <valueString value="path-qa"/>
      </extension>
      <extension url="value">
        <valueString value="temp/qa"/>
      </extension>
    </extension>
    <extension url="http://hl7.org/fhir/tools/StructureDefinition/ig-parameter">
      <extension url="code">
        <valueString value="path-temp"/>
      </extension>
      <extension url="value">
        <valueString value="temp/pages"/>
      </extension>
    </extension>
    <extension url="http://hl7.org/fhir/tools/StructureDefinition/ig-parameter">
      <extension url="code">
        <valueString value="path-output"/>
      </extension>
      <extension url="value">
        <valueString value="output"/>
      </extension>
    </extension>
    <extension url="http://hl7.org/fhir/tools/StructureDefinition/ig-parameter">
      <extension url="code">
        <valueString value="path-suppressed-warnings"/>
      </extension>
      <extension url="value">
        <valueString value="input/ignoreWarnings.txt"/>
      </extension>
    </extension>
    <extension url="http://hl7.org/fhir/tools/StructureDefinition/ig-parameter">
      <extension url="code">
        <valueString value="path-history"/>
      </extension>
      <extension url="value">
        <valueString value="http://idg-rlp.de/fhir/tumorkonferenzen/history.html"/>
      </extension>
    </extension>
    <extension url="http://hl7.org/fhir/tools/StructureDefinition/ig-parameter">
      <extension url="code">
        <valueString value="template-html"/>
      </extension>
      <extension url="value">
        <valueString value="template-page.html"/>
      </extension>
    </extension>
    <extension url="http://hl7.org/fhir/tools/StructureDefinition/ig-parameter">
      <extension url="code">
        <valueString value="template-md"/>
      </extension>
      <extension url="value">
        <valueString value="template-page-md.html"/>
      </extension>
    </extension>
    <extension url="http://hl7.org/fhir/tools/StructureDefinition/ig-parameter">
      <extension url="code">
        <valueString value="apply-contact"/>
      </extension>
      <extension url="value">
        <valueString value="true"/>
      </extension>
    </extension>
    <extension url="http://hl7.org/fhir/tools/StructureDefinition/ig-parameter">
      <extension url="code">
        <valueString value="apply-context"/>
      </extension>
      <extension url="value">
        <valueString value="true"/>
      </extension>
    </extension>
    <extension url="http://hl7.org/fhir/tools/StructureDefinition/ig-parameter">
      <extension url="code">
        <valueString value="apply-copyright"/>
      </extension>
      <extension url="value">
        <valueString value="true"/>
      </extension>
    </extension>
    <extension url="http://hl7.org/fhir/tools/StructureDefinition/ig-parameter">
      <extension url="code">
        <valueString value="apply-jurisdiction"/>
      </extension>
      <extension url="value">
        <valueString value="true"/>
      </extension>
    </extension>
    <extension url="http://hl7.org/fhir/tools/StructureDefinition/ig-parameter">
      <extension url="code">
        <valueString value="apply-license"/>
      </extension>
      <extension url="value">
        <valueString value="true"/>
      </extension>
    </extension>
    <extension url="http://hl7.org/fhir/tools/StructureDefinition/ig-parameter">
      <extension url="code">
        <valueString value="apply-publisher"/>
      </extension>
      <extension url="value">
        <valueString value="true"/>
      </extension>
    </extension>
    <extension url="http://hl7.org/fhir/tools/StructureDefinition/ig-parameter">
      <extension url="code">
        <valueString value="apply-version"/>
      </extension>
      <extension url="value">
        <valueString value="true"/>
      </extension>
    </extension>
    <extension url="http://hl7.org/fhir/tools/StructureDefinition/ig-parameter">
      <extension url="code">
        <valueString value="apply-wg"/>
      </extension>
      <extension url="value">
        <valueString value="true"/>
      </extension>
    </extension>
    <extension url="http://hl7.org/fhir/tools/StructureDefinition/ig-parameter">
      <extension url="code">
        <valueString value="active-tables"/>
      </extension>
      <extension url="value">
        <valueString value="true"/>
      </extension>
    </extension>
    <extension url="http://hl7.org/fhir/tools/StructureDefinition/ig-parameter">
      <extension url="code">
        <valueString value="fmm-definition"/>
      </extension>
      <extension url="value">
        <valueString value="http://hl7.org/fhir/versions.html#maturity"/>
      </extension>
    </extension>
    <extension url="http://hl7.org/fhir/tools/StructureDefinition/ig-parameter">
      <extension url="code">
        <valueString value="propagate-status"/>
      </extension>
      <extension url="value">
        <valueString value="true"/>
      </extension>
    </extension>
    <extension url="http://hl7.org/fhir/tools/StructureDefinition/ig-parameter">
      <extension url="code">
        <valueString value="excludelogbinaryformat"/>
      </extension>
      <extension url="value">
        <valueString value="true"/>
      </extension>
    </extension>
    <extension url="http://hl7.org/fhir/tools/StructureDefinition/ig-parameter">
      <extension url="code">
        <valueString value="tabbed-snapshots"/>
      </extension>
      <extension url="value">
        <valueString value="true"/>
      </extension>
    </extension>
    <extension url="http://hl7.org/fhir/tools/StructureDefinition/ig-internal-dependency">
      <valueCode value="hl7.fhir.uv.tools#0.1.0"/>
    </extension>
    <extension url="http://hl7.org/fhir/tools/StructureDefinition/ig-parameter">
      <extension url="code">
        <valueCode value="copyrightyear"/>
      </extension>
      <extension url="value">
        <valueString value="2023+"/>
      </extension>
    </extension>
    <extension url="http://hl7.org/fhir/tools/StructureDefinition/ig-parameter">
      <extension url="code">
        <valueCode value="releaselabel"/>
      </extension>
      <extension url="value">
        <valueString value="ci-build"/>
      </extension>
    </extension>
    <extension url="http://hl7.org/fhir/tools/StructureDefinition/ig-parameter">
      <extension url="code">
        <valueCode value="autoload-resources"/>
      </extension>
      <extension url="value">
        <valueString value="true"/>
      </extension>
    </extension>
    <extension url="http://hl7.org/fhir/tools/StructureDefinition/ig-parameter">
      <extension url="code">
        <valueCode value="path-liquid"/>
      </extension>
      <extension url="value">
        <valueString value="template/liquid"/>
      </extension>
    </extension>
    <extension url="http://hl7.org/fhir/tools/StructureDefinition/ig-parameter">
      <extension url="code">
        <valueCode value="path-liquid"/>
      </extension>
      <extension url="value">
        <valueString value="input/liquid"/>
      </extension>
    </extension>
    <extension url="http://hl7.org/fhir/tools/StructureDefinition/ig-parameter">
      <extension url="code">
        <valueCode value="path-qa"/>
      </extension>
      <extension url="value">
        <valueString value="temp/qa"/>
      </extension>
    </extension>
    <extension url="http://hl7.org/fhir/tools/StructureDefinition/ig-parameter">
      <extension url="code">
        <valueCode value="path-temp"/>
      </extension>
      <extension url="value">
        <valueString value="temp/pages"/>
      </extension>
    </extension>
    <extension url="http://hl7.org/fhir/tools/StructureDefinition/ig-parameter">
      <extension url="code">
        <valueCode value="path-output"/>
      </extension>
      <extension url="value">
        <valueString value="output"/>
      </extension>
    </extension>
    <extension url="http://hl7.org/fhir/tools/StructureDefinition/ig-parameter">
      <extension url="code">
        <valueCode value="path-suppressed-warnings"/>
      </extension>
      <extension url="value">
        <valueString value="input/ignoreWarnings.txt"/>
      </extension>
    </extension>
    <extension url="http://hl7.org/fhir/tools/StructureDefinition/ig-parameter">
      <extension url="code">
        <valueCode value="path-history"/>
      </extension>
      <extension url="value">
        <valueString value="http://idg-rlp.de/fhir/tumorkonferenzen/history.html"/>
      </extension>
    </extension>
    <extension url="http://hl7.org/fhir/tools/StructureDefinition/ig-parameter">
      <extension url="code">
        <valueCode value="template-html"/>
      </extension>
      <extension url="value">
        <valueString value="template-page.html"/>
      </extension>
    </extension>
    <extension url="http://hl7.org/fhir/tools/StructureDefinition/ig-parameter">
      <extension url="code">
        <valueCode value="template-md"/>
      </extension>
      <extension url="value">
        <valueString value="template-page-md.html"/>
      </extension>
    </extension>
    <extension url="http://hl7.org/fhir/tools/StructureDefinition/ig-parameter">
      <extension url="code">
        <valueCode value="apply-contact"/>
      </extension>
      <extension url="value">
        <valueString value="true"/>
      </extension>
    </extension>
    <extension url="http://hl7.org/fhir/tools/StructureDefinition/ig-parameter">
      <extension url="code">
        <valueCode value="apply-context"/>
      </extension>
      <extension url="value">
        <valueString value="true"/>
      </extension>
    </extension>
    <extension url="http://hl7.org/fhir/tools/StructureDefinition/ig-parameter">
      <extension url="code">
        <valueCode value="apply-copyright"/>
      </extension>
      <extension url="value">
        <valueString value="true"/>
      </extension>
    </extension>
    <extension url="http://hl7.org/fhir/tools/StructureDefinition/ig-parameter">
      <extension url="code">
        <valueCode value="apply-jurisdiction"/>
      </extension>
      <extension url="value">
        <valueString value="true"/>
      </extension>
    </extension>
    <extension url="http://hl7.org/fhir/tools/StructureDefinition/ig-parameter">
      <extension url="code">
        <valueCode value="apply-license"/>
      </extension>
      <extension url="value">
        <valueString value="true"/>
      </extension>
    </extension>
    <extension url="http://hl7.org/fhir/tools/StructureDefinition/ig-parameter">
      <extension url="code">
        <valueCode value="apply-publisher"/>
      </extension>
      <extension url="value">
        <valueString value="true"/>
      </extension>
    </extension>
    <extension url="http://hl7.org/fhir/tools/StructureDefinition/ig-parameter">
      <extension url="code">
        <valueCode value="apply-version"/>
      </extension>
      <extension url="value">
        <valueString value="true"/>
      </extension>
    </extension>
    <extension url="http://hl7.org/fhir/tools/StructureDefinition/ig-parameter">
      <extension url="code">
        <valueCode value="apply-wg"/>
      </extension>
      <extension url="value">
        <valueString value="true"/>
      </extension>
    </extension>
    <extension url="http://hl7.org/fhir/tools/StructureDefinition/ig-parameter">
      <extension url="code">
        <valueCode value="active-tables"/>
      </extension>
      <extension url="value">
        <valueString value="true"/>
      </extension>
    </extension>
    <extension url="http://hl7.org/fhir/tools/StructureDefinition/ig-parameter">
      <extension url="code">
        <valueCode value="fmm-definition"/>
      </extension>
      <extension url="value">
        <valueString value="http://hl7.org/fhir/versions.html#maturity"/>
      </extension>
    </extension>
    <extension url="http://hl7.org/fhir/tools/StructureDefinition/ig-parameter">
      <extension url="code">
        <valueCode value="propagate-status"/>
      </extension>
      <extension url="value">
        <valueString value="true"/>
      </extension>
    </extension>
    <extension url="http://hl7.org/fhir/tools/StructureDefinition/ig-parameter">
      <extension url="code">
        <valueCode value="excludelogbinaryformat"/>
      </extension>
      <extension url="value">
        <valueString value="true"/>
      </extension>
    </extension>
    <extension url="http://hl7.org/fhir/tools/StructureDefinition/ig-parameter">
      <extension url="code">
        <valueCode value="tabbed-snapshots"/>
      </extension>
      <extension url="value">
        <valueString value="true"/>
      </extension>
    </extension>
    <resource>
      <extension url="http://hl7.org/fhir/tools/StructureDefinition/resource-information">
        <valueString value="StructureDefinition:resource"/>
      </extension>
      <reference>
        <reference value="StructureDefinition/AnmeldeBundleMinimal"/>
      </reference>
      <name value="AnmeldeBundleMinimal"/>
      <description value="AnmeldeBundleMinimal"/>
      <exampleBoolean value="false"/>
    </resource>
    <resource>
      <extension url="http://hl7.org/fhir/tools/StructureDefinition/resource-information">
        <valueString value="Bundle"/>
      </extension>
      <reference>
        <reference value="Bundle/AnmeldeBundleMinimal"/>
      </reference>
      <name value="AnmeldeBundleMinimal"/>
      <description value="AnmeldeBundleMinimal"/>
      <exampleCanonical value="http://idg-rlp.de/fhir/tumorkonferenzen/StructureDefinition/AnmeldeBundleMinimal"/>
    </resource>
    <resource>
      <extension url="http://hl7.org/fhir/tools/StructureDefinition/resource-information">
        <valueString value="StructureDefinition:resource"/>
      </extension>
      <reference>
        <reference value="StructureDefinition/befund-dokument"/>
      </reference>
      <name value="BefundDokument"/>
      <description value="Metadaten zu einem Befunddokument bzw. Bildbefund."/>
      <exampleBoolean value="false"/>
    </resource>
    <resource>
      <extension url="http://hl7.org/fhir/tools/StructureDefinition/resource-information">
        <valueString value="StructureDefinition:resource"/>
      </extension>
      <reference>
        <reference value="StructureDefinition/status-lymphknoten"/>
      </reference>
      <name value="Beurteilung Primärtumor"/>
      <description value="Beurteilung des Lymphknoten-Status"/>
      <exampleBoolean value="false"/>
    </resource>
    <resource>
      <extension url="http://hl7.org/fhir/tools/StructureDefinition/resource-information">
        <valueString value="StructureDefinition:resource"/>
      </extension>
      <reference>
        <reference value="StructureDefinition/cancer-stage-group"/>
      </reference>
      <name value="Cancer Stage Group Profile"/>
      <description value="An assessment of the extent of the cancer in the body, according to a given cancer staging classification system. This profile can be used with any staging system, but it is specifically targeted for non-TNM staging systems, since specialized TNM staging profiles are provided."/>
      <exampleBoolean value="false"/>
    </resource>
    <resource>
      <extension url="http://hl7.org/fhir/tools/StructureDefinition/resource-information">
        <valueString value="ValueSet"/>
      </extension>
      <reference>
        <reference value="ValueSet/cancer-stage-group-vs"/>
      </reference>
      <name value="Cancer Stage Group Value Set"/>
      <description value="The result of cancer staging, i.e., the stage or category of the cancer."/>
      <exampleBoolean value="false"/>
    </resource>
    <resource>
      <extension url="http://hl7.org/fhir/tools/StructureDefinition/resource-information">
        <valueString value="ValueSet"/>
      </extension>
      <reference>
        <reference value="ValueSet/cancer-staging-method-vs"/>
      </reference>
      <name value="Cancer Staging Method Value Set"/>
      <description value="System or method used for staging cancers. The terms in this value set describe staging systems, not specific stages or descriptors used within those systems."/>
      <exampleBoolean value="false"/>
    </resource>
    <resource>
      <extension url="http://hl7.org/fhir/tools/StructureDefinition/resource-information">
        <valueString value="ValueSet"/>
      </extension>
      <reference>
        <reference value="ValueSet/cancer-staging-type-vs"/>
      </reference>
      <name value="Cancer Staging Type Value Set"/>
      <description value="Identifying codes for the type of cancer staging performed. In terms of the SNOMED CT hierarchy, these codes represent observables."/>
      <exampleBoolean value="false"/>
    </resource>
    <resource>
      <extension url="http://hl7.org/fhir/tools/StructureDefinition/resource-information">
        <valueString value="StructureDefinition:resource"/>
      </extension>
      <reference>
        <reference value="StructureDefinition/ecog"/>
      </reference>
      <name value="ECOG"/>
      <description value="Allgemeiner Leistungszustand: ECOG"/>
      <exampleBoolean value="false"/>
    </resource>
    <resource>
      <extension url="http://hl7.org/fhir/tools/StructureDefinition/resource-information">
        <valueString value="ValueSet"/>
      </extension>
      <reference>
        <reference value="ValueSet/ecog-performance-status"/>
      </reference>
      <name value="ECOG"/>
      <description value="ECOG Performance Status (Level 0-5)."/>
      <exampleBoolean value="false"/>
    </resource>
    <resource>
      <extension url="http://hl7.org/fhir/tools/StructureDefinition/resource-information">
        <valueString value="Observation"/>
      </extension>
      <reference>
        <reference value="Observation/ECOGExample"/>
      </reference>
      <name value="ECOGExample"/>
      <description value="Beispielinstanz einer Observation welche einen ECOG Wert enthält."/>
      <exampleCanonical value="http://idg-rlp.de/fhir/tumorkonferenzen/StructureDefinition/ecog"/>
    </resource>
    <resource>
      <extension url="http://hl7.org/fhir/tools/StructureDefinition/resource-information">
        <valueString value="Observation"/>
      </extension>
      <reference>
        <reference value="Observation/TNMStageGroupClinicalExample"/>
      </reference>
      <name value="Example TNM Stage Group Observation"/>
      <description value="An example of an Observation conforming to the TNMStageGroup profile."/>
      <exampleCanonical value="http://idg-rlp.de/fhir/tumorkonferenzen/StructureDefinition/tnm-stage-group"/>
    </resource>
    <resource>
      <extension url="http://hl7.org/fhir/tools/StructureDefinition/resource-information">
        <valueString value="Observation"/>
      </extension>
      <reference>
        <reference value="Observation/TNMASymbolExample"/>
      </reference>
      <name value="Example TNMASymbol Observation"/>
      <description value="An example of an Observation conforming to the TNMASymbol profile."/>
      <exampleCanonical value="http://idg-rlp.de/fhir/tumorkonferenzen/StructureDefinition/TNMASymbol"/>
    </resource>
    <resource>
      <extension url="http://hl7.org/fhir/tools/StructureDefinition/resource-information">
        <valueString value="Observation"/>
      </extension>
      <reference>
        <reference value="Observation/TNMLKategorieExample"/>
      </reference>
      <name value="Example TNMLKategorie Observation"/>
      <description value="An example of an Observation conforming to the TNMLKategorie profile."/>
      <exampleCanonical value="http://idg-rlp.de/fhir/tumorkonferenzen/StructureDefinition/TNMLKategorie"/>
    </resource>
    <resource>
      <extension url="http://hl7.org/fhir/tools/StructureDefinition/resource-information">
        <valueString value="Observation"/>
      </extension>
      <reference>
        <reference value="Observation/TNMmSymbolExample"/>
      </reference>
      <name value="Example TNMmSymbol Observation"/>
      <description value="An example of an Observation conforming to the TNMmSymbol profile."/>
      <exampleCanonical value="http://idg-rlp.de/fhir/tumorkonferenzen/StructureDefinition/TNMmSymbol"/>
    </resource>
    <resource>
      <extension url="http://hl7.org/fhir/tools/StructureDefinition/resource-information">
        <valueString value="Observation"/>
      </extension>
      <reference>
        <reference value="Observation/TNMPnKategorieExample"/>
      </reference>
      <name value="Example TNMPnKategorie Observation"/>
      <description value="An example of an Observation conforming to the TNMPnKategorie profile."/>
      <exampleCanonical value="http://idg-rlp.de/fhir/tumorkonferenzen/StructureDefinition/TNMPnKategorie"/>
    </resource>
    <resource>
      <extension url="http://hl7.org/fhir/tools/StructureDefinition/resource-information">
        <valueString value="Observation"/>
      </extension>
      <reference>
        <reference value="Observation/TNMRSymbolExample"/>
      </reference>
      <name value="Example TNMRSymbol Observation"/>
      <description value="An example of an Observation conforming to the TNMRSymbol profile."/>
      <exampleCanonical value="http://idg-rlp.de/fhir/tumorkonferenzen/StructureDefinition/TNMRSymbol"/>
    </resource>
    <resource>
      <extension url="http://hl7.org/fhir/tools/StructureDefinition/resource-information">
        <valueString value="Observation"/>
      </extension>
      <reference>
        <reference value="Observation/TNMSKategorieExample"/>
      </reference>
      <name value="Example TNMSKategorie Observation"/>
      <description value="An example of an Observation conforming to the TNMSKategorie profile."/>
      <exampleCanonical value="http://idg-rlp.de/fhir/tumorkonferenzen/StructureDefinition/TNMSKategorie"/>
    </resource>
    <resource>
      <extension url="http://hl7.org/fhir/tools/StructureDefinition/resource-information">
        <valueString value="Observation"/>
      </extension>
      <reference>
        <reference value="Observation/TNMVKategorieExample"/>
      </reference>
      <name value="Example TNMVKategorie Observation"/>
      <description value="An example of an Observation conforming to the TNMVKategorie profile."/>
      <exampleCanonical value="http://idg-rlp.de/fhir/tumorkonferenzen/StructureDefinition/TNMVKategorie"/>
    </resource>
    <resource>
      <extension url="http://hl7.org/fhir/tools/StructureDefinition/resource-information">
        <valueString value="Observation"/>
      </extension>
      <reference>
        <reference value="Observation/TNMYSymbolExample"/>
      </reference>
      <name value="Example TNMYSymbol Observation"/>
      <description value="An example of an Observation conforming to the TNMYSymbol profile."/>
      <exampleCanonical value="http://idg-rlp.de/fhir/tumorkonferenzen/StructureDefinition/TNMYSymbol"/>
    </resource>
    <resource>
      <extension url="http://hl7.org/fhir/tools/StructureDefinition/resource-information">
        <valueString value="Condition"/>
      </extension>
      <reference>
        <reference value="Condition/ExampleTumorDiagnose"/>
      </reference>
      <name value="Example Tumordiagnose"/>
      <description value="Example instance of a Tumordiagnose resource"/>
      <exampleCanonical value="http://idg-rlp.de/fhir/tumorkonferenzen/StructureDefinition/TumorDiagnose"/>
    </resource>
    <resource>
      <extension url="http://hl7.org/fhir/tools/StructureDefinition/resource-information">
        <valueString value="Observation"/>
      </extension>
      <reference>
        <reference value="Observation/TumorkonferenzFragestellungExample"/>
      </reference>
      <name value="Example TumorkonferenzFragestellung Observation"/>
      <description value="An example of an Observation conforming to the TumorkonferenzFragestellung profile."/>
      <exampleCanonical value="http://idg-rlp.de/fhir/tumorkonferenzen/StructureDefinition/tumorkonferenz-fragestellung"/>
    </resource>
    <resource>
      <extension url="http://hl7.org/fhir/tools/StructureDefinition/resource-information">
        <valueString value="StructureDefinition:resource"/>
      </extension>
      <reference>
        <reference value="StructureDefinition/familienanamnese"/>
      </reference>
      <name value="Familienanamnese"/>
      <description value="Familienanamnese"/>
      <exampleBoolean value="false"/>
    </resource>
    <resource>
      <extension url="http://hl7.org/fhir/tools/StructureDefinition/resource-information">
        <valueString value="StructureDefinition:resource"/>
      </extension>
      <reference>
        <reference value="StructureDefinition/gesamtbeurteilung"/>
      </reference>
      <name value="Gesamtbeurteilung"/>
      <description value="Gesamtbeurteilung des Tumorgeschehens"/>
      <exampleBoolean value="false"/>
    </resource>
    <resource>
      <extension url="http://hl7.org/fhir/tools/StructureDefinition/resource-information">
        <valueString value="ValueSet"/>
      </extension>
      <reference>
        <reference value="ValueSet/ResidualstatusGesamtbeurteilungVS"/>
      </reference>
      <name value="Gesamtbeurteilung des Residualstatus"/>
      <description value="Value Set für oBDS-Codes für die Gesamtbeurteilung des Residualstatus"/>
      <exampleBoolean value="false"/>
    </resource>
    <resource>
      <extension url="http://hl7.org/fhir/tools/StructureDefinition/resource-information">
        <valueString value="StructureDefinition:resource"/>
      </extension>
      <reference>
        <reference value="StructureDefinition/grading"/>
      </reference>
      <name value="Grading"/>
      <description value="Gibt den Differenzierungsgrad des Tumors entsprechend der aktuellen TNM-Auflage an."/>
      <exampleBoolean value="false"/>
    </resource>
    <resource>
      <extension url="http://hl7.org/fhir/tools/StructureDefinition/resource-information">
        <valueString value="Observation"/>
      </extension>
      <reference>
        <reference value="Observation/GradingExample"/>
      </reference>
      <name value="GradingExample"/>
      <exampleCanonical value="http://idg-rlp.de/fhir/tumorkonferenzen/StructureDefinition/grading"/>
    </resource>
    <resource>
      <extension url="http://hl7.org/fhir/tools/StructureDefinition/resource-information">
        <valueString value="ValueSet"/>
      </extension>
      <reference>
        <reference value="ValueSet/HistoGradeVS"/>
      </reference>
      <name value="HistoGradeVS"/>
      <description value="HistoGradeVS"/>
      <exampleBoolean value="false"/>
    </resource>
    <resource>
      <extension url="http://hl7.org/fhir/tools/StructureDefinition/resource-information">
        <valueString value="StructureDefinition:resource"/>
      </extension>
      <reference>
        <reference value="StructureDefinition/histologie"/>
      </reference>
      <name value="Histologie"/>
      <description value="Histologie"/>
      <exampleBoolean value="false"/>
    </resource>
    <resource>
      <extension url="http://hl7.org/fhir/tools/StructureDefinition/resource-information">
        <valueString value="Observation"/>
      </extension>
      <reference>
        <reference value="Observation/Histologie-Example"/>
      </reference>
      <name value="HistologieExample"/>
      <description value="HistologieExample"/>
      <exampleCanonical value="http://idg-rlp.de/fhir/tumorkonferenzen/StructureDefinition/histologie"/>
    </resource>
    <resource>
      <extension url="http://hl7.org/fhir/tools/StructureDefinition/resource-information">
        <valueString value="StructureDefinition:resource"/>
      </extension>
      <reference>
        <reference value="StructureDefinition/HistologieLymphknoten"/>
      </reference>
      <name value="HistologieLymphknoten"/>
      <description value="HistologieLymphknoten"/>
      <exampleBoolean value="false"/>
    </resource>
    <resource>
      <extension url="http://hl7.org/fhir/tools/StructureDefinition/resource-information">
        <valueString value="Observation"/>
      </extension>
      <reference>
        <reference value="Observation/HistologieLymphknotenExample"/>
      </reference>
      <name value="HistologieLymphknotenExample"/>
      <exampleCanonical value="http://idg-rlp.de/fhir/tumorkonferenzen/StructureDefinition/HistologieLymphknoten"/>
    </resource>
    <resource>
      <extension url="http://hl7.org/fhir/tools/StructureDefinition/resource-information">
        <valueString value="CodeSystem"/>
      </extension>
      <reference>
        <reference value="CodeSystem/HistoGradeCS"/>
      </reference>
      <name value="Histopathologische Grading Codes oBDS"/>
      <description value="oBDS Grading Codes"/>
      <exampleBoolean value="false"/>
    </resource>
    <resource>
      <extension url="http://hl7.org/fhir/tools/StructureDefinition/resource-information">
        <valueString value="ValueSet"/>
      </extension>
      <reference>
        <reference value="ValueSet/obds-strahlentherapie-intention-vs"/>
      </reference>
      <name value="Intention der Strahlentherapie"/>
      <description value="Die Intention der Strahlentherapie"/>
      <exampleBoolean value="false"/>
    </resource>
    <resource>
      <extension url="http://hl7.org/fhir/tools/StructureDefinition/resource-information">
        <valueString value="CodeSystem"/>
      </extension>
      <reference>
        <reference value="CodeSystem/obds-strahlentherapie-intention-cs"/>
      </reference>
      <name value="Intention der Strahlentherapie"/>
      <description value="Die histopathologische Einstufung des invasiven Karzinoms"/>
      <exampleBoolean value="false"/>
    </resource>
    <resource>
      <extension url="http://hl7.org/fhir/tools/StructureDefinition/resource-information">
        <valueString value="CodeSystem"/>
      </extension>
      <reference>
        <reference value="CodeSystem/krebsstadium-cs"/>
      </reference>
      <name value="Krebsstadium CodeSystem"/>
      <description value="KrebsstadiumCS"/>
      <exampleBoolean value="false"/>
    </resource>
    <resource>
      <extension url="http://hl7.org/fhir/tools/StructureDefinition/resource-information">
        <valueString value="ValueSet"/>
      </extension>
      <reference>
        <reference value="ValueSet/krebsstadium-vs"/>
      </reference>
      <name value="Krebsstadium ValueSet"/>
      <description value="KrebsstadiumVS"/>
      <exampleBoolean value="false"/>
    </resource>
    <resource>
      <extension url="http://hl7.org/fhir/tools/StructureDefinition/resource-information">
        <valueString value="CodeSystem"/>
      </extension>
      <reference>
        <reference value="CodeSystem/Lymphgefaessinvasion-cs"/>
      </reference>
      <name value="Lymphgefäßinvasion CodeSystem"/>
      <description value="LymphgefäßinvasionCS"/>
      <exampleBoolean value="false"/>
    </resource>
    <resource>
      <extension url="http://hl7.org/fhir/tools/StructureDefinition/resource-information">
        <valueString value="ValueSet"/>
      </extension>
      <reference>
        <reference value="ValueSet/Lymphgefaessinvasion-vs"/>
      </reference>
      <name value="Lymphgefäßinvasion ValueSet"/>
      <description value="LymphgefäßinvasionVS"/>
      <exampleBoolean value="false"/>
    </resource>
    <resource>
      <extension url="http://hl7.org/fhir/tools/StructureDefinition/resource-information">
        <valueString value="StructureDefinition:resource"/>
      </extension>
      <reference>
        <reference value="StructureDefinition/Melder"/>
      </reference>
      <name value="Melder"/>
      <description value="Meldende/anfragende ÄrztIn"/>
      <exampleBoolean value="false"/>
    </resource>
    <resource>
      <extension url="http://hl7.org/fhir/tools/StructureDefinition/resource-information">
        <valueString value="StructureDefinition:resource"/>
      </extension>
      <reference>
        <reference value="StructureDefinition/MelderInOrganisation"/>
      </reference>
      <name value="Melder in Organisation"/>
      <description value="Zuordnung des Melders zu einer Organisation"/>
      <exampleBoolean value="false"/>
    </resource>
    <resource>
      <extension url="http://hl7.org/fhir/tools/StructureDefinition/resource-information">
        <valueString value="Practitioner"/>
      </extension>
      <reference>
        <reference value="Practitioner/Melder-example-1"/>
      </reference>
      <name value="Melder-example-1"/>
      <exampleCanonical value="http://idg-rlp.de/fhir/tumorkonferenzen/StructureDefinition/Melder"/>
    </resource>
    <resource>
      <extension url="http://hl7.org/fhir/tools/StructureDefinition/resource-information">
        <valueString value="PractitionerRole"/>
      </extension>
      <reference>
        <reference value="PractitionerRole/MelderInOrganisation-example-1"/>
      </reference>
      <name value="MelderInOrganisation-example-1"/>
      <exampleCanonical value="http://idg-rlp.de/fhir/tumorkonferenzen/StructureDefinition/MelderInOrganisation"/>
    </resource>
    <resource>
      <extension url="http://hl7.org/fhir/tools/StructureDefinition/resource-information">
        <valueString value="ValueSet"/>
      </extension>
      <reference>
        <reference value="ValueSet/icd-o-3-morphologie"/>
      </reference>
      <name value="Morphologie Codes des ICD-O-3 CodeSystems."/>
      <exampleBoolean value="false"/>
    </resource>
    <resource>
      <extension url="http://hl7.org/fhir/tools/StructureDefinition/resource-information">
        <valueString value="CodeSystem"/>
      </extension>
      <reference>
        <reference value="CodeSystem/multiple-primaer-tumoren-cs"/>
      </reference>
      <name value="Multiple PrimärTumoren CodeSystem"/>
      <description value="MultiplePrimärTumorenCS"/>
      <exampleBoolean value="false"/>
    </resource>
    <resource>
      <extension url="http://hl7.org/fhir/tools/StructureDefinition/resource-information">
        <valueString value="ValueSet"/>
      </extension>
      <reference>
        <reference value="ValueSet/multiple-primaer-tumoren-vs"/>
      </reference>
      <name value="Multiple PrimärTumoren ValueSet"/>
      <description value="MultiplePrimärTumorenVS"/>
      <exampleBoolean value="false"/>
    </resource>
    <resource>
      <extension url="http://hl7.org/fhir/tools/StructureDefinition/resource-information">
        <valueString value="StructureDefinition:resource"/>
      </extension>
      <reference>
        <reference value="StructureDefinition/nebenwirkung"/>
      </reference>
      <name value="Nebenwirkung"/>
      <description value="Nebenwirkung Strahlentherapie und systemische Therapie nach CTCAE"/>
      <exampleBoolean value="false"/>
    </resource>
    <resource>
      <extension url="http://hl7.org/fhir/tools/StructureDefinition/resource-information">
        <valueString value="CodeSystem"/>
      </extension>
      <reference>
        <reference value="CodeSystem/obds-op-komplikation-cs"/>
      </reference>
      <name value="oBDS Operation Komplikation Codesystem"/>
      <description value="Komplikation gemäß Vorgabe oBDS."/>
      <exampleBoolean value="false"/>
    </resource>
    <resource>
      <extension url="http://hl7.org/fhir/tools/StructureDefinition/resource-information">
        <valueString value="ValueSet"/>
      </extension>
      <reference>
        <reference value="ValueSet/obds-op-komplikation-vs"/>
      </reference>
      <name value="oBDS Operation Komplikation Value Set"/>
      <description value="Komplikation gemäß Vorgabe oBDS."/>
      <exampleBoolean value="false"/>
    </resource>
    <resource>
      <extension url="http://hl7.org/fhir/tools/StructureDefinition/resource-information">
        <valueString value="CodeSystem"/>
      </extension>
      <reference>
        <reference value="CodeSystem/ResidualstatusCS"/>
      </reference>
      <name value="Onkologie Residualstatus CS"/>
      <description value="oBDS-spezifisches Codesystem für R-Klassifikation"/>
      <exampleBoolean value="false"/>
    </resource>
    <resource>
      <extension url="http://hl7.org/fhir/tools/StructureDefinition/resource-information">
        <valueString value="StructureDefinition:resource"/>
      </extension>
      <reference>
        <reference value="StructureDefinition/operation"/>
      </reference>
      <name value="Operation"/>
      <description value="Operation (chirurgischer Eingriff) in ihrer Gesamtheit."/>
      <exampleBoolean value="false"/>
    </resource>
    <resource>
      <extension url="http://hl7.org/fhir/tools/StructureDefinition/resource-information">
        <valueString value="StructureDefinition:resource"/>
      </extension>
      <reference>
        <reference value="StructureDefinition/operation-einzelprozedur"/>
      </reference>
      <name value="Operation Einzelprozedur"/>
      <description value="Einzelprozedur als Teil einer Operation. Typischerweise mittels OPS dokumentiert."/>
      <exampleBoolean value="false"/>
    </resource>
    <resource>
      <extension url="http://hl7.org/fhir/tools/StructureDefinition/resource-information">
        <valueString value="Procedure"/>
      </extension>
      <reference>
        <reference value="Procedure/OperationEinzelprozedurExample"/>
      </reference>
      <name value="OperationEinzelprozedurExample"/>
      <exampleCanonical value="http://idg-rlp.de/fhir/tumorkonferenzen/StructureDefinition/operation-einzelprozedur"/>
    </resource>
    <resource>
      <extension url="http://hl7.org/fhir/tools/StructureDefinition/resource-information">
        <valueString value="Procedure"/>
      </extension>
      <reference>
        <reference value="Procedure/OperationExample"/>
      </reference>
      <name value="OperationExample"/>
      <exampleCanonical value="http://idg-rlp.de/fhir/tumorkonferenzen/StructureDefinition/operation"/>
    </resource>
    <resource>
      <extension url="http://hl7.org/fhir/tools/StructureDefinition/resource-information">
        <valueString value="StructureDefinition:resource"/>
      </extension>
      <reference>
        <reference value="StructureDefinition/Organisation"/>
      </reference>
      <name value="Organisation"/>
      <description value="Organisation (Krankenhaus, Praxis)"/>
      <exampleBoolean value="false"/>
    </resource>
    <resource>
      <extension url="http://hl7.org/fhir/tools/StructureDefinition/resource-information">
        <valueString value="Organization"/>
      </extension>
      <reference>
        <reference value="Organization/Organisation-example-1"/>
      </reference>
      <name value="Organisation-example-1"/>
      <exampleCanonical value="http://idg-rlp.de/fhir/tumorkonferenzen/StructureDefinition/Organisation"/>
    </resource>
    <resource>
      <extension url="http://hl7.org/fhir/tools/StructureDefinition/resource-information">
        <valueString value="CodeSystem"/>
      </extension>
      <reference>
        <reference value="CodeSystem/perineurale-invasion-cs"/>
      </reference>
      <name value="Perineurale Invasion CodeSystem"/>
      <description value="PerineuraleInvasionCS"/>
      <exampleBoolean value="false"/>
    </resource>
    <resource>
      <extension url="http://hl7.org/fhir/tools/StructureDefinition/resource-information">
        <valueString value="ValueSet"/>
      </extension>
      <reference>
        <reference value="ValueSet/perineurale-invasion-vs"/>
      </reference>
      <name value="Perineurale Invasion ValueSet"/>
      <description value="PerineuraleInvasionVS"/>
      <exampleBoolean value="false"/>
    </resource>
    <resource>
      <extension url="http://hl7.org/fhir/tools/StructureDefinition/resource-information">
        <valueString value="CodeSystem"/>
      </extension>
      <reference>
        <reference value="CodeSystem/SerumTumorMarkerUICCCS"/>
      </reference>
      <name value="SerumTumorMarkerUICCCS"/>
      <description value="SerumTumorMarkerUICCCS"/>
      <exampleBoolean value="false"/>
    </resource>
    <resource>
      <extension url="http://hl7.org/fhir/tools/StructureDefinition/resource-information">
        <valueString value="ValueSet"/>
      </extension>
      <reference>
        <reference value="ValueSet/SerumTumorMarkerUICCVS"/>
      </reference>
      <name value="SerumTumorMarkerUICCVS"/>
      <description value="SerumTumorMarkerUICCVS"/>
      <exampleBoolean value="false"/>
    </resource>
    <resource>
      <extension url="http://hl7.org/fhir/tools/StructureDefinition/resource-information">
        <valueString value="StructureDefinition:resource"/>
      </extension>
      <reference>
        <reference value="StructureDefinition/status-primaertumor"/>
      </reference>
      <name value="Status Primärtumor"/>
      <description value="Beurteilung des Primärtumor-Status"/>
      <exampleBoolean value="false"/>
    </resource>
    <resource>
      <extension url="http://hl7.org/fhir/tools/StructureDefinition/resource-information">
        <valueString value="StructureDefinition:resource"/>
      </extension>
      <reference>
        <reference value="StructureDefinition/status-fernmetastasen"/>
      </reference>
      <name value="StatusFernmetastasen"/>
      <description value="Beurteilung des Fernmetastasen-Status"/>
      <exampleBoolean value="false"/>
    </resource>
    <resource>
      <extension url="http://hl7.org/fhir/tools/StructureDefinition/resource-information">
        <valueString value="StructureDefinition:resource"/>
      </extension>
      <reference>
        <reference value="StructureDefinition/strahlentherapie"/>
      </reference>
      <name value="Strahlentherapie"/>
      <description value="Strahlentherapie jeglicher Art (perkutan, Brachytherapie usw.) in ihrer Gesamtheit."/>
      <exampleBoolean value="false"/>
    </resource>
    <resource>
      <extension url="http://hl7.org/fhir/tools/StructureDefinition/resource-information">
        <valueString value="StructureDefinition:extension"/>
      </extension>
      <reference>
        <reference value="StructureDefinition/strahlentherapie-details"/>
      </reference>
      <name value="StrahlentherapieDetails"/>
      <description value="Detailinformationen zur Strahlentherapie."/>
      <exampleBoolean value="false"/>
    </resource>
    <resource>
      <extension url="http://hl7.org/fhir/tools/StructureDefinition/resource-information">
        <valueString value="StructureDefinition:resource"/>
      </extension>
      <reference>
        <reference value="StructureDefinition/systemische-therapie"/>
      </reference>
      <name value="SystemischeTherapie"/>
      <description value="Systemische Therapie"/>
      <exampleBoolean value="false"/>
    </resource>
    <resource>
      <extension url="http://hl7.org/fhir/tools/StructureDefinition/resource-information">
        <valueString value="StructureDefinition:extension"/>
      </extension>
      <reference>
        <reference value="StructureDefinition/systemische-therapie-details"/>
      </reference>
      <name value="SystemischeTherapieDetails"/>
      <description value="Detailinformationen zur systemischen Therapie."/>
      <exampleBoolean value="false"/>
    </resource>
    <resource>
      <extension url="http://hl7.org/fhir/tools/StructureDefinition/resource-information">
        <valueString value="StructureDefinition:resource"/>
      </extension>
      <reference>
        <reference value="StructureDefinition/tnm-distant-metastases-category"/>
      </reference>
      <name value="TNM Distant Metastases Category Profile"/>
      <description value="Category describing the extent of a tumor metastasis in remote anatomical locations, based on evidence such as physical examination, imaging, and/or biopsy."/>
      <exampleBoolean value="false"/>
    </resource>
    <resource>
      <extension url="http://hl7.org/fhir/tools/StructureDefinition/resource-information">
        <valueString value="ValueSet"/>
      </extension>
      <reference>
        <reference value="ValueSet/tnm-distant-metastases-category-vs"/>
      </reference>
      <name value="TNM Distant Metastases Category Value Set"/>
      <description value="Result values for M category. This value set contains SNOMED-CT equivalents of UICC codes for the M category, according to TNM staging rules."/>
      <exampleBoolean value="false"/>
    </resource>
    <resource>
      <extension url="http://hl7.org/fhir/tools/StructureDefinition/resource-information">
        <valueString value="ValueSet"/>
      </extension>
      <reference>
        <reference value="ValueSet/tnm-distant-metastases-category-max-vs"/>
      </reference>
      <name value="TNM Distant Metastases Maximum Value Set"/>
      <description value="Values for TNM distant metastases category must be selected from this value set, which includes all codes from UICC and all codes from TNMDistantMetastasesCategoryVS."/>
      <exampleBoolean value="false"/>
    </resource>
    <resource>
      <extension url="http://hl7.org/fhir/tools/StructureDefinition/resource-information">
        <valueString value="ValueSet"/>
      </extension>
      <reference>
        <reference value="ValueSet/tnm-distant-metastases-staging-type-vs"/>
      </reference>
      <name value="TNM Distant Metastases Staging Type Value Set"/>
      <description value="Identifying codes for the type of cancer staging performed, i.e., clinical, pathological, or other, for distant metastases (M) staging observation."/>
      <exampleBoolean value="false"/>
    </resource>
    <resource>
      <extension url="http://hl7.org/fhir/tools/StructureDefinition/resource-information">
        <valueString value="StructureDefinition:resource"/>
      </extension>
      <reference>
        <reference value="StructureDefinition/tnm-primary-tumor-category"/>
      </reference>
      <name value="TNM Primary Tumor Category Profile"/>
      <description value="Category of the primary tumor, based on its size and extent, based on evidence such as physical examination, imaging, and/or biopsy."/>
      <exampleBoolean value="false"/>
    </resource>
    <resource>
      <extension url="http://hl7.org/fhir/tools/StructureDefinition/resource-information">
        <valueString value="ValueSet"/>
      </extension>
      <reference>
        <reference value="ValueSet/tnm-primary-tumor-category-vs"/>
      </reference>
      <name value="TNM Primary Tumor Category Value Set"/>
      <description value="Result values for T category. This value set contains SNOMED-CT equivalents of UICC codes for the T category, according to TNM staging rules."/>
      <exampleBoolean value="false"/>
    </resource>
    <resource>
      <extension url="http://hl7.org/fhir/tools/StructureDefinition/resource-information">
        <valueString value="ValueSet"/>
      </extension>
      <reference>
        <reference value="ValueSet/tnm-primary-tumor-category-max-vs"/>
      </reference>
      <name value="TNM Primary Tumor Maximum Value Set"/>
      <description value="Values for TNM primary tumor category must be selected from this value set, which includes all codes from UICC and all codes from TNMPrimaryTumorCategoryVS."/>
      <exampleBoolean value="false"/>
    </resource>
    <resource>
      <extension url="http://hl7.org/fhir/tools/StructureDefinition/resource-information">
        <valueString value="ValueSet"/>
      </extension>
      <reference>
        <reference value="ValueSet/tnm-primary-tumor-staging-type-vs"/>
      </reference>
      <name value="TNM Primary Tumor Staging Type Value Set"/>
      <description value="Identifying codes for the type of cancer staging performed, i.e., clinical, pathological, or other, for primary tumor (T) staging observation."/>
      <exampleBoolean value="false"/>
    </resource>
    <resource>
      <extension url="http://hl7.org/fhir/tools/StructureDefinition/resource-information">
        <valueString value="StructureDefinition:resource"/>
      </extension>
      <reference>
        <reference value="StructureDefinition/tnm-regional-nodes-category"/>
      </reference>
      <name value="TNM Regional Nodes Category Profile"/>
      <description value="Category of the presence or absence of metastases in regional lymph nodes, based on evidence such as physical examination, imaging, and/or biopsy."/>
      <exampleBoolean value="false"/>
    </resource>
    <resource>
      <extension url="http://hl7.org/fhir/tools/StructureDefinition/resource-information">
        <valueString value="ValueSet"/>
      </extension>
      <reference>
        <reference value="ValueSet/tnm-regional-nodes-category-vs"/>
      </reference>
      <name value="TNM Regional Nodes Category Value Set"/>
      <description value="Result values for N category. This value set contains SNOMED-CT equivalents of UICC codes for the N category, according to TNM staging rules."/>
      <exampleBoolean value="false"/>
    </resource>
    <resource>
      <extension url="http://hl7.org/fhir/tools/StructureDefinition/resource-information">
        <valueString value="ValueSet"/>
      </extension>
      <reference>
        <reference value="ValueSet/tnm-regional-nodes-category-max-vs"/>
      </reference>
      <name value="TNM Regional Nodes Maximum Value Set"/>
      <description value="Values for TNM regional nodes category must be selected from this value set, which includes all codes from UICC and all codes from TNMRegionalNodesCategoryVS."/>
      <exampleBoolean value="false"/>
    </resource>
    <resource>
      <extension url="http://hl7.org/fhir/tools/StructureDefinition/resource-information">
        <valueString value="ValueSet"/>
      </extension>
      <reference>
        <reference value="ValueSet/tnm-regional-nodes-staging-type-vs"/>
      </reference>
      <name value="TNM Regional Nodes Staging Type Value Set"/>
      <description value="Identifying codes for the type of cancer staging performed, i.e., clinical, pathological, or other, for regional nodes (N) staging observation."/>
      <exampleBoolean value="false"/>
    </resource>
    <resource>
      <extension url="http://hl7.org/fhir/tools/StructureDefinition/resource-information">
        <valueString value="ValueSet"/>
      </extension>
      <reference>
        <reference value="ValueSet/tnm-stage-group-max-vs"/>
      </reference>
      <name value="TNM Stage Group Maximum Value Set"/>
      <description value="Values for TNM stage group must be selected from this value set, which includes all codes from UICC and all codes from TNMStageGroupVS."/>
      <exampleBoolean value="false"/>
    </resource>
    <resource>
      <extension url="http://hl7.org/fhir/tools/StructureDefinition/resource-information">
        <valueString value="StructureDefinition:resource"/>
      </extension>
      <reference>
        <reference value="StructureDefinition/tnm-stage-group"/>
      </reference>
      <name value="TNM Stage Group Profile"/>
      <description value="The extent of cancer represented by the stage group, based on a TNM staging system."/>
      <exampleBoolean value="false"/>
    </resource>
    <resource>
      <extension url="http://hl7.org/fhir/tools/StructureDefinition/resource-information">
        <valueString value="ValueSet"/>
      </extension>
      <reference>
        <reference value="ValueSet/tnm-stage-group-staging-type-vs"/>
      </reference>
      <name value="TNM Stage Group Staging Type Value Set"/>
      <description value="Identifying codes for the type of cancer staging performed, i.e., clinical, pathological, or other, for the stage group observation."/>
      <exampleBoolean value="false"/>
    </resource>
    <resource>
      <extension url="http://hl7.org/fhir/tools/StructureDefinition/resource-information">
        <valueString value="ValueSet"/>
      </extension>
      <reference>
        <reference value="ValueSet/tnm-stage-group-vs"/>
      </reference>
      <name value="TNM Stage Group Value Set"/>
      <description value="Result values for cancer stage group using TNM staging. This value set contains SNOMED-CT equivalents of UICC codes for Stage Group, according to TNM staging rules."/>
      <exampleBoolean value="false"/>
    </resource>
    <resource>
      <extension url="http://hl7.org/fhir/tools/StructureDefinition/resource-information">
        <valueString value="ValueSet"/>
      </extension>
      <reference>
        <reference value="ValueSet/tnm-staging-method-vs"/>
      </reference>
      <name value="TNM Staging Method Value Set"/>
      <description value="Method used for TNM staging, e.g., UICC 6th, 7th, or 8th edition."/>
      <exampleBoolean value="false"/>
    </resource>
    <resource>
      <extension url="http://hl7.org/fhir/tools/StructureDefinition/resource-information">
        <valueString value="Observation"/>
      </extension>
      <reference>
        <reference value="Observation/tnm-clinical-distant-metastases-category-cM0"/>
      </reference>
      <name value="tnm-clinical-distant-metastases-category-cM0"/>
      <exampleBoolean value="true"/>
    </resource>
    <resource>
      <extension url="http://hl7.org/fhir/tools/StructureDefinition/resource-information">
        <valueString value="Observation"/>
      </extension>
      <reference>
        <reference value="Observation/tnm-clinical-primary-tumor-category-cT3"/>
      </reference>
      <name value="tnm-clinical-primary-tumor-category-cT3"/>
      <exampleCanonical value="http://idg-rlp.de/fhir/tumorkonferenzen/StructureDefinition/tnm-primary-tumor-category"/>
    </resource>
    <resource>
      <extension url="http://hl7.org/fhir/tools/StructureDefinition/resource-information">
        <valueString value="Observation"/>
      </extension>
      <reference>
        <reference value="Observation/tnm-clinical-regional-nodes-category-cN3"/>
      </reference>
      <name value="tnm-clinical-regional-nodes-category-cN3"/>
      <exampleCanonical value="http://idg-rlp.de/fhir/tumorkonferenzen/StructureDefinition/tnm-regional-nodes-category"/>
    </resource>
    <resource>
      <extension url="http://hl7.org/fhir/tools/StructureDefinition/resource-information">
        <valueString value="StructureDefinition:resource"/>
      </extension>
      <reference>
        <reference value="StructureDefinition/TNMASymbol"/>
      </reference>
      <name value="TNMASymbol"/>
      <description value="TNMASymbol"/>
      <exampleBoolean value="false"/>
    </resource>
    <resource>
      <extension url="http://hl7.org/fhir/tools/StructureDefinition/resource-information">
        <valueString value="StructureDefinition:resource"/>
      </extension>
      <reference>
        <reference value="StructureDefinition/TNMLKategorie"/>
      </reference>
      <name value="TNMLKategorie"/>
      <description value="TNMLKategorie"/>
      <exampleBoolean value="false"/>
    </resource>
    <resource>
      <extension url="http://hl7.org/fhir/tools/StructureDefinition/resource-information">
        <valueString value="StructureDefinition:resource"/>
      </extension>
      <reference>
        <reference value="StructureDefinition/TNMmSymbol"/>
      </reference>
      <name value="TNMmSymbol"/>
      <description value="TNMmSymbol"/>
      <exampleBoolean value="false"/>
    </resource>
    <resource>
      <extension url="http://hl7.org/fhir/tools/StructureDefinition/resource-information">
        <valueString value="StructureDefinition:resource"/>
      </extension>
      <reference>
        <reference value="StructureDefinition/TNMPnKategorie"/>
      </reference>
      <name value="TNMPnKategorie"/>
      <description value="TNMPnKategorie"/>
      <exampleBoolean value="false"/>
    </resource>
    <resource>
      <extension url="http://hl7.org/fhir/tools/StructureDefinition/resource-information">
        <valueString value="StructureDefinition:resource"/>
      </extension>
      <reference>
        <reference value="StructureDefinition/TNMRSymbol"/>
      </reference>
      <name value="TNMRSymbol"/>
      <description value="TNMRSymbol"/>
      <exampleBoolean value="false"/>
    </resource>
    <resource>
      <extension url="http://hl7.org/fhir/tools/StructureDefinition/resource-information">
        <valueString value="StructureDefinition:resource"/>
      </extension>
      <reference>
        <reference value="StructureDefinition/TNMSKategorie"/>
      </reference>
      <name value="TNMSKategorie"/>
      <description value="TNMSKategorie"/>
      <exampleBoolean value="false"/>
    </resource>
    <resource>
      <extension url="http://hl7.org/fhir/tools/StructureDefinition/resource-information">
        <valueString value="StructureDefinition:resource"/>
      </extension>
      <reference>
        <reference value="StructureDefinition/TNMVKategorie"/>
      </reference>
      <name value="TNMVKategorie"/>
      <description value="TNMVKategorie"/>
      <exampleBoolean value="false"/>
    </resource>
    <resource>
      <extension url="http://hl7.org/fhir/tools/StructureDefinition/resource-information">
        <valueString value="StructureDefinition:resource"/>
      </extension>
      <reference>
        <reference value="StructureDefinition/TNMYSymbol"/>
      </reference>
      <name value="TNMYSymbol"/>
      <description value="TNMYSymbol"/>
      <exampleBoolean value="false"/>
    </resource>
    <resource>
      <extension url="http://hl7.org/fhir/tools/StructureDefinition/resource-information">
        <valueString value="StructureDefinition:resource"/>
      </extension>
      <reference>
        <reference value="StructureDefinition/tumor"/>
      </reference>
      <name value="Tumor"/>
      <description value="Tumor"/>
      <exampleBoolean value="false"/>
    </resource>
    <resource>
      <extension url="http://hl7.org/fhir/tools/StructureDefinition/resource-information">
        <valueString value="Specimen"/>
      </extension>
      <reference>
        <reference value="Specimen/Tumor-Example"/>
      </reference>
      <name value="Tumor-Example"/>
      <description value="Tumor-Example"/>
      <exampleCanonical value="http://idg-rlp.de/fhir/tumorkonferenzen/StructureDefinition/tumor"/>
    </resource>
    <resource>
      <extension url="http://hl7.org/fhir/tools/StructureDefinition/resource-information">
        <valueString value="StructureDefinition:resource"/>
      </extension>
      <reference>
        <reference value="StructureDefinition/TumorPatient"/>
      </reference>
      <name value="Tumor-Patient"/>
      <description value="Patienten-Stammdaten"/>
      <exampleBoolean value="false"/>
    </resource>
    <resource>
      <extension url="http://hl7.org/fhir/tools/StructureDefinition/resource-information">
        <valueString value="StructureDefinition:resource"/>
      </extension>
      <reference>
        <reference value="StructureDefinition/TumorDiagnose"/>
      </reference>
      <name value="Tumordiagnose"/>
      <description value="Diagnoseinformationen (Primärtumor, frühere Tumore)"/>
      <exampleBoolean value="false"/>
    </resource>
    <resource>
      <extension url="http://hl7.org/fhir/tools/StructureDefinition/resource-information">
        <valueString value="StructureDefinition:resource"/>
      </extension>
      <reference>
        <reference value="StructureDefinition/tumorErkrankung"/>
      </reference>
      <name value="Tumorerkrankung"/>
      <description value="Tumorerkrankung/Fall, dient als Klammer der Krebserkrankung"/>
      <exampleBoolean value="false"/>
    </resource>
    <resource>
      <extension url="http://hl7.org/fhir/tools/StructureDefinition/resource-information">
        <valueString value="EpisodeOfCare"/>
      </extension>
      <reference>
        <reference value="EpisodeOfCare/TumorErkrankungExample"/>
      </reference>
      <name value="TumorErkrankungExample"/>
      <description value="Ein Beispiel für die Episode einer Tumorerkrankung."/>
      <exampleCanonical value="http://idg-rlp.de/fhir/tumorkonferenzen/StructureDefinition/tumorErkrankung"/>
    </resource>
    <resource>
      <extension url="http://hl7.org/fhir/tools/StructureDefinition/resource-information">
        <valueString value="StructureDefinition:resource"/>
      </extension>
      <reference>
        <reference value="StructureDefinition/tumorkonferenz"/>
      </reference>
      <name value="Tumorkonferenz"/>
      <description value="Dieses Profil repräsentiert die Tumorkonferenz zu einem Patienten. Fragestellungen und Informationen, die speziell im Kontext der Tumorkonferenz erstellt werden, referenzieren auf eine entsprechende Tumorkonferenz-Instanz."/>
      <exampleBoolean value="false"/>
    </resource>
    <resource>
      <extension url="http://hl7.org/fhir/tools/StructureDefinition/resource-information">
        <valueString value="StructureDefinition:resource"/>
      </extension>
      <reference>
        <reference value="StructureDefinition/tumorkonferenz-bemerkung"/>
      </reference>
      <name value="TumorkonferenzBemerkung"/>
      <description value="Tumorkonferenz: Bemerkung"/>
      <exampleBoolean value="false"/>
    </resource>
    <resource>
      <extension url="http://hl7.org/fhir/tools/StructureDefinition/resource-information">
        <valueString value="StructureDefinition:resource"/>
      </extension>
      <reference>
        <reference value="StructureDefinition/tumorkonferenz-fragestellung"/>
      </reference>
      <name value="TumorkonferenzFragestellung"/>
      <description value="Tumorkonferenz: Fragestellung"/>
      <exampleBoolean value="false"/>
    </resource>
    <resource>
      <extension url="http://hl7.org/fhir/tools/StructureDefinition/resource-information">
        <valueString value="StructureDefinition:resource"/>
      </extension>
      <reference>
        <reference value="StructureDefinition/tumorkonferenz-fragestellung-radiologie"/>
      </reference>
      <name value="TumorkonferenzFragestellungRadiologie"/>
      <description value="Tumorkonferenz: Fragestellung an die Radiologie"/>
      <exampleBoolean value="false"/>
    </resource>
    <resource>
      <extension url="http://hl7.org/fhir/tools/StructureDefinition/resource-information">
        <valueString value="StructureDefinition:resource"/>
      </extension>
      <reference>
        <reference value="StructureDefinition/tumorkonferenz-situation"/>
      </reference>
      <name value="TumorkonferenzSituation"/>
      <description value="Tumorkonferenz: Beschreibung der aktuelle Situation"/>
      <exampleBoolean value="false"/>
    </resource>
    <resource>
      <extension url="http://hl7.org/fhir/tools/StructureDefinition/resource-information">
        <valueString value="StructureDefinition:resource"/>
      </extension>
      <reference>
        <reference value="StructureDefinition/tumorkonferenz-termin"/>
      </reference>
      <name value="TumorkonferenzTermin"/>
      <description value="Termin für die Tumorkonferenz."/>
      <exampleBoolean value="false"/>
    </resource>
    <resource>
      <extension url="http://hl7.org/fhir/tools/StructureDefinition/resource-information">
        <valueString value="StructureDefinition:resource"/>
      </extension>
      <reference>
        <reference value="StructureDefinition/tumorkonferenz-therapie-verlauf"/>
      </reference>
      <name value="TumorkonferenzTherapieVerlauf"/>
      <description value="Tumorkonferenz: Beschreibung von Therapie und Verlauf"/>
      <exampleBoolean value="false"/>
    </resource>
    <resource>
      <extension url="http://hl7.org/fhir/tools/StructureDefinition/resource-information">
        <valueString value="Patient"/>
      </extension>
      <reference>
        <reference value="Patient/TumorPatient-example-1"/>
      </reference>
      <name value="TumorPatient-example-1"/>
      <exampleCanonical value="http://idg-rlp.de/fhir/tumorkonferenzen/StructureDefinition/TumorPatient"/>
    </resource>
    <resource>
      <extension url="http://hl7.org/fhir/tools/StructureDefinition/resource-information">
        <valueString value="CodeSystem"/>
      </extension>
      <reference>
        <reference value="CodeSystem/veneninvasion-cs"/>
      </reference>
      <name value="Veneninvasion CodeSystem"/>
      <description value="VeneninvasionCS"/>
      <exampleBoolean value="false"/>
    </resource>
    <resource>
      <extension url="http://hl7.org/fhir/tools/StructureDefinition/resource-information">
        <valueString value="ValueSet"/>
      </extension>
      <reference>
        <reference value="ValueSet/veneninvasion-vs"/>
      </reference>
      <name value="Veneninvasion ValueSet"/>
      <description value="VeneninvasionVS"/>
      <exampleBoolean value="false"/>
    </resource>
    <resource>
      <extension url="http://hl7.org/fhir/tools/StructureDefinition/resource-information">
        <valueString value="StructureDefinition:resource"/>
      </extension>
      <reference>
        <reference value="StructureDefinition/verlauf"/>
      </reference>
      <name value="Verlauf"/>
      <description value="Verlauf: Klammer für alle Informationen zu einer Verlaufsbeobachtung/Nachsorge."/>
      <exampleBoolean value="false"/>
    </resource>
    <resource>
      <extension url="http://hl7.org/fhir/tools/StructureDefinition/resource-information">
        <valueString value="Encounter"/>
      </extension>
      <reference>
        <reference value="Encounter/VerlaufExample"/>
      </reference>
      <name value="VerlaufExample"/>
      <exampleCanonical value="http://idg-rlp.de/fhir/tumorkonferenzen/StructureDefinition/verlauf"/>
    </resource>
    <resource>
      <extension url="http://hl7.org/fhir/tools/StructureDefinition/resource-information">
        <valueString value="StructureDefinition:resource"/>
      </extension>
      <reference>
        <reference value="StructureDefinition/watchful-waiting"/>
      </reference>
      <name value="WatchfulWaiting"/>
      <description value="Watchful Waiting (abwartende/beobachtende Maßnahme ohne Therapie)"/>
      <exampleBoolean value="false"/>
    </resource>
    <page>
      <extension url="http://hl7.org/fhir/tools/StructureDefinition/ig-page-name">
        <valueUrl value="toc.html"/>
      </extension>
      <nameUrl value="toc.html"/>
      <title value="Table of Contents"/>
      <generation value="html"/>
      <page>
        <extension url="http://hl7.org/fhir/tools/StructureDefinition/ig-page-name">
          <valueUrl value="index.html"/>
        </extension>
        <nameUrl value="index.html"/>
        <title value="Home"/>
        <generation value="markdown"/>
      </page>
      <page>
        <extension url="http://hl7.org/fhir/tools/StructureDefinition/ig-page-name">
          <valueUrl value="tb.html"/>
        </extension>
        <nameUrl value="tb.html"/>
        <title value="Tb"/>
        <generation value="markdown"/>
      </page>
    </page>
    <parameter>
      <code value="path-resource"/>
      <value value="input/capabilities"/>
    </parameter>
    <parameter>
      <code value="path-resource"/>
      <value value="input/examples"/>
    </parameter>
    <parameter>
      <code value="path-resource"/>
      <value value="input/extensions"/>
    </parameter>
    <parameter>
      <code value="path-resource"/>
      <value value="input/models"/>
    </parameter>
    <parameter>
      <code value="path-resource"/>
      <value value="input/operations"/>
    </parameter>
    <parameter>
      <code value="path-resource"/>
      <value value="input/profiles"/>
    </parameter>
    <parameter>
      <code value="path-resource"/>
      <value value="input/resources"/>
    </parameter>
    <parameter>
      <code value="path-resource"/>
      <value value="input/vocabulary"/>
    </parameter>
    <parameter>
      <code value="path-resource"/>
      <value value="input/maps"/>
    </parameter>
    <parameter>
      <code value="path-resource"/>
      <value value="input/testing"/>
    </parameter>
    <parameter>
      <code value="path-resource"/>
      <value value="input/history"/>
    </parameter>
    <parameter>
      <code value="path-resource"/>
      <value value="fsh-generated/resources"/>
    </parameter>
    <parameter>
      <code value="path-pages"/>
      <value value="template/config"/>
    </parameter>
    <parameter>
      <code value="path-pages"/>
      <value value="input/images"/>
    </parameter>
    <parameter>
      <code value="path-tx-cache"/>
      <value value="input-cache/txcache"/>
    </parameter>
  </definition>
</ImplementationGuide>