<?xml version="1.0" encoding="UTF-8"?>

<Observation xmlns="http://hl7.org/fhir">
  <id value="TNMLKategorieExample"/>
  <meta>
    <profile value="http://idg-rlp.de/fhir/tumorkonferenzen/StructureDefinition/TNMLKategorie"/>
  </meta>
  <text>
    <status value="generated"/><div xmlns="http://www.w3.org/1999/xhtml"><p class="res-header-id"><b>Generated Narrative: Observation TNMLKategorieExample</b></p><a name="TNMLKategorieExample"> </a><a name="hcTNMLKategorieExample"> </a><a name="TNMLKategorieExample-en-US"> </a><p><b>status</b>: Final</p><p><b>code</b>: <span title="Codes:{http://loinc.org 33739-4}">Lymphatic.small vessel.invasion [Identifier] in Specimen by CAP cancer protocols</span></p><p><b>subject</b>: <a href="Patient-TumorPatient-example-1.html">Martina Mustermann (official) Female, DoB: 1965-04-03 ( Gesetzliche Krankenversicherung)</a></p><p><b>encounter</b>: <a href="Encounter-VerlaufExample.html">Encounter: status = final; class = virtual (ActCode#VR); type = Cancer follow-up visit; period = 2023-04-05 08:00:00+0000 --&gt; (ongoing)</a></p><p><b>effective</b>: 2024-05-27 12:00:00+0000</p><p><b>value</b>: <span title="Codes:{http://idg-rlp.de/fhir/tumorkonferenzen/CodeSystem/Lymphgefaessinvasion-cs L0}">Keine Lymphgefäßinvasion</span></p></div>
  </text>
  <status value="final"/>
  <code>
    <coding>
      <system value="http://loinc.org"/>
      <code value="33739-4"/>
      <display value="Lymphatic.small vessel.invasion [Identifier] in Specimen by CAP cancer protocols"/>
    </coding>
  </code>
  <subject>
    <reference value="Patient/TumorPatient-example-1"/>
  </subject>
  <encounter>
    <reference value="Encounter/VerlaufExample"/>
  </encounter>
  <effectiveDateTime value="2024-05-27T12:00:00Z"/>
  <valueCodeableConcept>
    <coding>
      <system value="http://idg-rlp.de/fhir/tumorkonferenzen/CodeSystem/Lymphgefaessinvasion-cs"/>
      <code value="L0"/>
      <display value="Keine Lymphgefäßinvasion"/>
    </coding>
  </valueCodeableConcept>
</Observation>