{
  "resourceType" : "Observation",
  "id" : "TNMPnKategorieExample",
  "meta" : {
    "profile" : ["http://idg-rlp.de/fhir/tumorkonferenzen/StructureDefinition/TNMPnKategorie"]
  },
  "text" : {
    "status" : "generated",
    "div" : "<div xmlns=\"http://www.w3.org/1999/xhtml\"><p class=\"res-header-id\"><b>Generated Narrative: Observation TNMPnKategorieExample</b></p><a name=\"TNMPnKategorieExample\"> </a><a name=\"hcTNMPnKategorieExample\"> </a><a name=\"TNMPnKategorieExample-en-US\"> </a><p><b>status</b>: Final</p><p><b>code</b>: <span title=\"Codes:{http://loinc.org 92837-4}\">Perineural invasion [Presence] in Cancer specimen</span></p><p><b>subject</b>: <a href=\"Patient-TumorPatient-example-1.html\">Martina Mustermann (official) Female, DoB: 1965-04-03 ( Gesetzliche Krankenversicherung)</a></p><p><b>encounter</b>: <a href=\"Encounter-VerlaufExample.html\">Encounter: status = final; class = virtual (ActCode#VR); type = Cancer follow-up visit; period = 2023-04-05 08:00:00+0000 --&gt; (ongoing)</a></p><p><b>effective</b>: 2024-05-27 12:00:00+0000</p><p><b>value</b>: <span title=\"Codes:{http://idg-rlp.de/fhir/tumorkonferenzen/CodeSystem/perineurale-invasion-cs PN0}\">Keine perineurale Invasion</span></p></div>"
  },
  "status" : "final",
  "code" : {
    "coding" : [{
      "system" : "http://loinc.org",
      "code" : "92837-4",
      "display" : "Perineural invasion [Presence] in Cancer specimen"
    }]
  },
  "subject" : {
    "reference" : "Patient/TumorPatient-example-1"
  },
  "encounter" : {
    "reference" : "Encounter/VerlaufExample"
  },
  "effectiveDateTime" : "2024-05-27T12:00:00Z",
  "valueCodeableConcept" : {
    "coding" : [{
      "system" : "http://idg-rlp.de/fhir/tumorkonferenzen/CodeSystem/perineurale-invasion-cs",
      "code" : "PN0",
      "display" : "Keine perineurale Invasion"
    }]
  }
}