{
  "resourceType" : "Observation",
  "id" : "TumorkonferenzFragestellungExample",
  "meta" : {
    "profile" : ["http://idg-rlp.de/fhir/tumorkonferenzen/StructureDefinition/tumorkonferenz-fragestellung"]
  },
  "text" : {
    "status" : "generated",
    "div" : "<div xmlns=\"http://www.w3.org/1999/xhtml\"><p class=\"res-header-id\"><b>Generated Narrative: Observation TumorkonferenzFragestellungExample</b></p><a name=\"TumorkonferenzFragestellungExample\"> </a><a name=\"hcTumorkonferenzFragestellungExample\"> </a><a name=\"TumorkonferenzFragestellungExample-en-US\"> </a><p><b>status</b>: Final</p><p><b>code</b>: <span title=\"Codes:{http://snomed.info/sct 103320006}\">Request for</span></p><p><b>subject</b>: <a href=\"https://simplifier.net/resolve?scope=de.basisprofil.r4@1.5.0&amp;canonical=http://fhir.org/packages/de.basisprofil.r4/Patient/example-tumor-patient\">??</a></p><p><b>encounter</b>: <a href=\"https://simplifier.net/resolve?scope=de.basisprofil.r4@1.5.0&amp;canonical=http://fhir.org/packages/de.basisprofil.r4/Encounter/example-tumorkonferenz\">??</a></p><p><b>value</b>: Request for discussion in tumor board regarding treatment options.</p></div>"
  },
  "status" : "final",
  "code" : {
    "coding" : [{
      "system" : "http://snomed.info/sct",
      "code" : "103320006",
      "display" : "Request for"
    }]
  },
  "subject" : {
    "reference" : "Patient/example-tumor-patient"
  },
  "encounter" : {
    "reference" : "Encounter/example-tumorkonferenz"
  },
  "valueString" : "Request for discussion in tumor board regarding treatment options."
}