<?xml version="1.0" encoding="UTF-8"?>

<Observation xmlns="http://hl7.org/fhir">
  <id value="tnm-clinical-primary-tumor-category-cT3"/>
  <meta>
    <profile value="http://idg-rlp.de/fhir/tumorkonferenzen/StructureDefinition/tnm-primary-tumor-category"/>
  </meta>
  <text>
    <status value="generated"/><div xmlns="http://www.w3.org/1999/xhtml"><p><b>Generated Narrative: Observation</b><a name="tnm-clinical-primary-tumor-category-cT3"> </a><a name="hctnm-clinical-primary-tumor-category-cT3"> </a></p><div style="display: inline-block; background-color: #d9e0e7; padding: 6px; margin: 4px; border: 1px solid #8da1b4; border-radius: 5px; line-height: 60%"><p style="margin-bottom: 0px">Resource Observation &quot;tnm-clinical-primary-tumor-category-cT3&quot; </p><p style="margin-bottom: 0px">Profile: <a href="StructureDefinition-tnm-primary-tumor-category.html">TNM Primary Tumor Category Profile</a></p></div><p><b>status</b>: final</p><p><b>code</b>: cT category <span style="background: LightGoldenRodYellow; margin: 4px; border: 1px solid khaki"> (<a href="https://browser.ihtsdotools.org/">SNOMED CT</a>#399504009)</span></p><p><b>subject</b>: <a href="https://simplifier.net/resolve?scope=de.basisprofil.r4@1.5.0-ballot2&amp;canonical=http://fhir.org/packages/de.basisprofil.r4/Patient/cancer-patient-john-anyperson">Patient/cancer-patient-john-anyperson</a></p><p><b>effective</b>: 2019-04-01</p><p><b>performer</b>: <a href="https://simplifier.net/resolve?scope=de.basisprofil.r4@1.5.0-ballot2&amp;canonical=http://fhir.org/packages/de.basisprofil.r4/Practitioner/us-core-practitioner-kyle-anydoc">Practitioner/us-core-practitioner-kyle-anydoc</a></p><p><b>value</b>: American Joint Committee on Cancer cT3 (qualifier value) <span style="background: LightGoldenRodYellow; margin: 4px; border: 1px solid khaki"> (<a href="https://browser.ihtsdotools.org/">SNOMED CT</a>#1228938002)</span></p><p><b>method</b>: American Joint Commission on Cancer, Cancer Staging Manual, 8th edition neoplasm staging system (tumor staging) <span style="background: LightGoldenRodYellow; margin: 4px; border: 1px solid khaki"> (<a href="https://browser.ihtsdotools.org/">SNOMED CT</a>#897275008)</span></p></div>
  </text>
  <status value="final"/>
  <code>
    <coding>
      <system value="http://snomed.info/sct"/>
      <code value="399504009"/>
      <display value="cT category"/>
    </coding>
  </code>
  <subject>
    <reference value="Patient/cancer-patient-john-anyperson"/>
  </subject>
  <effectiveDateTime value="2019-04-01"/>
  <performer>
    <reference value="Practitioner/us-core-practitioner-kyle-anydoc"/>
  </performer>
  <valueCodeableConcept>
    <coding>
      <system value="http://snomed.info/sct"/>
      <code value="1228938002"/>
      <display value="American Joint Committee on Cancer cT3 (qualifier value)"/>
    </coding>
  </valueCodeableConcept>
  <method>
    <coding>
      <system value="http://snomed.info/sct"/>
      <code value="897275008"/>
      <display value="American Joint Commission on Cancer, Cancer Staging Manual, 8th edition neoplasm staging system (tumor staging)"/>
    </coding>
  </method>
</Observation>