{
  "resourceType" : "Practitioner",
  "id" : "AnmelderExample",
  "meta" : {
    "profile" : ["http://idg-rlp.de/fhir/tumorkonferenzen/StructureDefinition/Anmelder"]
  },
  "text" : {
    "status" : "generated",
    "div" : "<div xmlns=\"http://www.w3.org/1999/xhtml\"><p class=\"res-header-id\"><b>Generated Narrative: Practitioner AnmelderExample</b></p><a name=\"AnmelderExample\"> </a><a name=\"hcAnmelderExample\"> </a><a name=\"AnmelderExample-en-US\"> </a><p><b>name</b>: Dr. Erika Musterfrau</p><p><b>telecom</b>: <a href=\"tel:+49987654321\">+49 987 654321</a></p></div>"
  },
  "name" : [{
    "text" : "Dr. Erika Musterfrau"
  }],
  "telecom" : [{
    "system" : "phone",
    "value" : "+49 987 654321"
  }]
}