<?xml version="1.0" encoding="UTF-8"?>

<Procedure xmlns="http://hl7.org/fhir">
  <id value="OperationExample"/>
  <meta>
    <profile value="http://idg-rlp.de/fhir/tumorkonferenzen/StructureDefinition/operation"/>
  </meta>
  <text>
    <status value="generated"/><div xmlns="http://www.w3.org/1999/xhtml"><p><b>Generated Narrative: Procedure</b><a name="OperationExample"> </a><a name="hcOperationExample"> </a></p><div style="display: inline-block; background-color: #d9e0e7; padding: 6px; margin: 4px; border: 1px solid #8da1b4; border-radius: 5px; line-height: 60%"><p style="margin-bottom: 0px">Resource Procedure &quot;OperationExample&quot; </p><p style="margin-bottom: 0px">Profile: <a href="StructureDefinition-operation.html">Operation</a></p></div><p><b>status</b>: completed</p><p><b>subject</b>: <a href="Patient-TumorPatient-example-1.html">Patient/TumorPatient-example-1</a> &quot; MUSTERMANN&quot;</p><p><b>performed</b>: 2023-06-07</p></div>
  </text>
  <status value="completed"/>
  <subject>
    <reference value="Patient/TumorPatient-example-1"/>
  </subject>
  <performedDateTime value="2023-06-07"/>
</Procedure>