<?xml version="1.0" encoding="UTF-8"?>

<Procedure xmlns="http://hl7.org/fhir">
  <id value="OperationExample"/>
  <meta>
    <profile value="http://idg-rlp.de/fhir/tumorkonferenzen/StructureDefinition/operation"/>
  </meta>
  <text>
    <status value="generated"/><div xmlns="http://www.w3.org/1999/xhtml"><p class="res-header-id"><b>Generated Narrative: Procedure OperationExample</b></p><a name="OperationExample"> </a><a name="hcOperationExample"> </a><a name="OperationExample-en-US"> </a><p><b>status</b>: Completed</p><p><b>subject</b>: <a href="Patient-TumorPatient-example-1.html">Martina Mustermann (official) Female, DoB: 1965-04-03 ( Gesetzliche Krankenversicherung)</a></p><p><b>performed</b>: 2023-06-07</p></div>
  </text>
  <status value="completed"/>
  <subject>
    <reference value="Patient/TumorPatient-example-1"/>
  </subject>
  <performedDateTime value="2023-06-07"/>
</Procedure>