{
  "package": "de.idg-rlp.tumorkonferenzen",
  "version": "0.1.0",
  "fhirVersion": "4.0.1",
  "extensions": [],
  "profiles": {
    "Bundle": [
      {
        "url": "http://idg-rlp.de/fhir/tumorkonferenzen/StructureDefinition/AnmeldeBundleMinimalFreitextLunge",
        "title": "AnmeldeBundleMinimalFreitextLunge"
      },
      {
        "url": "http://idg-rlp.de/fhir/tumorkonferenzen/StructureDefinition/AnmeldeBundleMinimalFreitextProstata",
        "title": "AnmeldeBundleMinimalFreitextProstata"
      }
    ],
    "Practitioner": [
      {
        "url": "http://idg-rlp.de/fhir/tumorkonferenzen/StructureDefinition/Anmelder",
        "title": "Anmelder"
      }
    ],
    "Observation": [
      {
        "url": "http://idg-rlp.de/fhir/tumorkonferenzen/StructureDefinition/tumorsituation",
        "title": "Tumorsituation"
      },
      {
        "url": "http://idg-rlp.de/fhir/tumorkonferenzen/StructureDefinition/verlauf-freitext",
        "title": "VerlaufFreitext"
      },
      {
        "url": "http://idg-rlp.de/fhir/tumorkonferenzen/StructureDefinition/weitere-gewuenschte-teilnehmer-freitext",
        "title": "WeitereGewuenschteTeilnehmerFreitext"
      }
    ],
    "Patient": [
      {
        "url": "http://idg-rlp.de/fhir/tumorkonferenzen/StructureDefinition/TumorPatient",
        "title": "Tumor-Patient"
      }
    ],
    "EpisodeOfCare": [
      {
        "url": "http://idg-rlp.de/fhir/tumorkonferenzen/StructureDefinition/tumorErkrankung",
        "title": "Tumorerkrankung"
      }
    ]
  },
  "usage": {
    "http://fhir.de/StructureDefinition/seitenlokalisation": [
      "Bundle.entry.resource.code.coding",
      "Condition.code.coding"
    ],
    "http://hl7.org/fhir/StructureDefinition/condition-assertedDate": [
      "Bundle.entry.resource",
      "Condition"
    ],
    "http://hl7.org/fhir/StructureDefinition/elementdefinition-bestpractice": [
      "StructureDefinition.snapshot.element.constraint"
    ],
    "http://hl7.org/fhir/StructureDefinition/elementdefinition-bestpractice-explanation": [
      "StructureDefinition.snapshot.element.constraint"
    ],
    "http://hl7.org/fhir/StructureDefinition/elementdefinition-bindingName": [
      "StructureDefinition.snapshot.element.binding"
    ],
    "http://hl7.org/fhir/StructureDefinition/elementdefinition-maxValueSet": [
      "StructureDefinition.snapshot.element.binding"
    ],
    "http://hl7.org/fhir/StructureDefinition/elementdefinition-translatable": [
      "StructureDefinition.snapshot.element"
    ],
    "http://hl7.org/fhir/StructureDefinition/iso21090-ADXP-additionalLocator": [
      "Patient.address.line"
    ],
    "http://hl7.org/fhir/StructureDefinition/iso21090-ADXP-houseNumber": [
      "Patient.address.line",
      "StructureDefinition.snapshot.element.example.valueString"
    ],
    "http://hl7.org/fhir/StructureDefinition/iso21090-ADXP-postBox": [
      "Patient.address.line"
    ],
    "http://hl7.org/fhir/StructureDefinition/iso21090-ADXP-precinct": [
      "Patient.address"
    ],
    "http://hl7.org/fhir/StructureDefinition/iso21090-ADXP-streetName": [
      "Patient.address.line",
      "StructureDefinition.snapshot.element.example.valueString"
    ],
    "http://hl7.org/fhir/StructureDefinition/regex": [
      "StructureDefinition.snapshot.element.type"
    ],
    "http://hl7.org/fhir/StructureDefinition/structuredefinition-display-hint": [
      "StructureDefinition.snapshot.element"
    ],
    "http://hl7.org/fhir/StructureDefinition/structuredefinition-fhir-type": [
      "StructureDefinition.snapshot.element.type"
    ],
    "http://hl7.org/fhir/StructureDefinition/structuredefinition-hierarchy": [
      "StructureDefinition.snapshot.element.type"
    ],
    "http://hl7.org/fhir/StructureDefinition/workflow-episodeOfCare": [
      "Observation"
    ],
    "http://hl7.org/fhir/tools/StructureDefinition/ig-internal-dependency": [
      "ImplementationGuide.definition"
    ],
    "http://hl7.org/fhir/tools/StructureDefinition/ig-page-name": [
      "ImplementationGuide.definition.page",
      "ImplementationGuide.definition.page.page"
    ],
    "http://hl7.org/fhir/tools/StructureDefinition/ig-parameter": [
      "ImplementationGuide.definition"
    ],
    "http://hl7.org/fhir/tools/StructureDefinition/implementationguide-dependency-comment": [
      "ImplementationGuide.dependsOn"
    ],
    "http://hl7.org/fhir/tools/StructureDefinition/resource-information": [
      "ImplementationGuide.definition.resource"
    ],
    "https://www.medizininformatik-initiative.de/fhir/ext/modul-onko/StructureDefinition/mii-ex-onko-histology-morphology-behavior-icdo3": [
      "Bundle.entry.resource",
      "Condition"
    ]
  }
}