{
  "package": "de.idg-rlp.tumorkonferenzen",
  "version": "0.1.0",
  "fhirVersion": "4.0.1",
  "extensions": [
    {
      "url": "http://idg-rlp.de/fhir/tumorkonferenzen/StructureDefinition/strahlentherapie-details",
      "title": "StrahlentherapieDetails",
      "types": [
        "Coding",
        "string",
        "Extension",
        "uri",
        "string",
        "code",
        "string",
        "boolean",
        "Coding",
        "string",
        "Extension",
        "uri",
        "string",
        "code",
        "string",
        "boolean",
        "Quantity",
        "string",
        "Extension",
        "decimal",
        "code",
        "string",
        "uri",
        "code",
        "Quantity",
        "string",
        "Extension",
        "decimal",
        "code",
        "string",
        "uri",
        "code",
        "Quantity",
        "string",
        "Extension",
        "decimal",
        "code",
        "string",
        "uri",
        "code",
        "base64Binary",
        "boolean",
        "canonical",
        "code",
        "date",
        "dateTime",
        "decimal",
        "id",
        "instant",
        "integer",
        "markdown",
        "oid",
        "positiveInt",
        "string",
        "time",
        "unsignedInt",
        "uri",
        "url",
        "uuid",
        "Address",
        "Age",
        "Annotation",
        "Attachment",
        "CodeableConcept",
        "Coding",
        "ContactPoint",
        "Count",
        "Distance",
        "Duration",
        "HumanName",
        "Identifier",
        "Money",
        "Period",
        "Quantity",
        "Range",
        "Ratio",
        "Reference",
        "SampledData",
        "Signature",
        "Timing",
        "ContactDetail",
        "Contributor",
        "DataRequirement",
        "Expression",
        "ParameterDefinition",
        "RelatedArtifact",
        "TriggerDefinition",
        "UsageContext",
        "Dosage",
        "Meta"
      ]
    },
    {
      "url": "http://idg-rlp.de/fhir/tumorkonferenzen/StructureDefinition/systemische-therapie-details",
      "title": "SystemischeTherapieDetails",
      "types": [
        "Coding",
        "string",
        "Extension",
        "uri",
        "string",
        "code",
        "string",
        "boolean",
        "base64Binary",
        "boolean",
        "canonical",
        "code",
        "date",
        "dateTime",
        "decimal",
        "id",
        "instant",
        "integer",
        "markdown",
        "oid",
        "positiveInt",
        "string",
        "time",
        "unsignedInt",
        "uri",
        "url",
        "uuid",
        "Address",
        "Age",
        "Annotation",
        "Attachment",
        "CodeableConcept",
        "Coding",
        "ContactPoint",
        "Count",
        "Distance",
        "Duration",
        "HumanName",
        "Identifier",
        "Money",
        "Period",
        "Quantity",
        "Range",
        "Ratio",
        "Reference",
        "SampledData",
        "Signature",
        "Timing",
        "ContactDetail",
        "Contributor",
        "DataRequirement",
        "Expression",
        "ParameterDefinition",
        "RelatedArtifact",
        "TriggerDefinition",
        "UsageContext",
        "Dosage",
        "Meta"
      ]
    }
  ],
  "profiles": {
    "Condition": [
      {
        "url": "http://idg-rlp.de/fhir/tumorkonferenzen/StructureDefinition/nebenwirkung",
        "title": "Nebenwirkung"
      }
    ],
    "Observation": [
      {
        "url": "http://idg-rlp.de/fhir/tumorkonferenzen/StructureDefinition/tumorkonferenz-therapie-verlauf",
        "title": "TumorkonferenzTherapieVerlauf"
      }
    ],
    "Practitioner": [
      {
        "url": "http://idg-rlp.de/fhir/tumorkonferenzen/StructureDefinition/Melder",
        "title": "Melder"
      }
    ],
    "PractitionerRole": [
      {
        "url": "http://idg-rlp.de/fhir/tumorkonferenzen/StructureDefinition/MelderInOrganisation",
        "title": "Melder in Organisation"
      }
    ],
    "Organization": [
      {
        "url": "http://idg-rlp.de/fhir/tumorkonferenzen/StructureDefinition/Organisation",
        "title": "Organisation"
      }
    ],
    "Patient": [
      {
        "url": "http://idg-rlp.de/fhir/tumorkonferenzen/StructureDefinition/TumorPatient",
        "title": "Tumor-Patient"
      }
    ],
    "DocumentReference": [
      {
        "url": "http://idg-rlp.de/fhir/tumorkonferenzen/StructureDefinition/befund-dokument",
        "title": "BefundDokument"
      }
    ],
    "FamilyMemberHistory": [
      {
        "url": "http://idg-rlp.de/fhir/tumorkonferenzen/StructureDefinition/familienanamnese",
        "title": "Familienanamnese"
      }
    ],
    "Procedure": [
      {
        "url": "http://idg-rlp.de/fhir/tumorkonferenzen/StructureDefinition/watchful-waiting",
        "title": "WatchfulWaiting"
      }
    ],
    "MedicationStatement": [
      {
        "url": "http://idg-rlp.de/fhir/tumorkonferenzen/StructureDefinition/systemische-therapie",
        "title": "SystemischeTherapie"
      }
    ],
    "Specimen": [
      {
        "url": "http://idg-rlp.de/fhir/tumorkonferenzen/StructureDefinition/tumor",
        "title": "Tumor"
      }
    ],
    "EpisodeOfCare": [
      {
        "url": "http://idg-rlp.de/fhir/tumorkonferenzen/StructureDefinition/tumorErkrankung",
        "title": "Tumorerkrankung"
      }
    ],
    "Encounter": [
      {
        "url": "http://idg-rlp.de/fhir/tumorkonferenzen/StructureDefinition/verlauf",
        "title": "Verlauf"
      }
    ],
    "Appointment": [
      {
        "url": "http://idg-rlp.de/fhir/tumorkonferenzen/StructureDefinition/tumorkonferenz-termin",
        "title": "TumorkonferenzTermin"
      }
    ]
  },
  "usage": {
    "http://fhir.de/StructureDefinition/icd-10-gm-diagnosesicherheit": [
      "Condition.code.coding"
    ],
    "http://fhir.de/StructureDefinition/icd-10-gm-mehrfachcodierungs-kennzeichen": [
      "Condition.code.coding"
    ],
    "http://fhir.de/StructureDefinition/seitenlokalisation": [
      "Condition.code.coding"
    ],
    "http://hl7.org/fhir/StructureDefinition/elementdefinition-bestpractice": [
      "StructureDefinition.snapshot.element.constraint"
    ],
    "http://hl7.org/fhir/StructureDefinition/elementdefinition-bestpractice-explanation": [
      "StructureDefinition.snapshot.element.constraint"
    ],
    "http://hl7.org/fhir/StructureDefinition/elementdefinition-bindingName": [
      "StructureDefinition.snapshot.element.binding"
    ],
    "http://hl7.org/fhir/StructureDefinition/elementdefinition-maxValueSet": [
      "StructureDefinition.differential.element.binding",
      "StructureDefinition.snapshot.element.binding"
    ],
    "http://hl7.org/fhir/StructureDefinition/elementdefinition-translatable": [
      "StructureDefinition.snapshot.element"
    ],
    "http://hl7.org/fhir/StructureDefinition/iso21090-ADXP-additionalLocator": [
      "Patient.address.line"
    ],
    "http://hl7.org/fhir/StructureDefinition/iso21090-ADXP-houseNumber": [
      "Patient.address.line",
      "StructureDefinition.snapshot.element.example.valueString"
    ],
    "http://hl7.org/fhir/StructureDefinition/iso21090-ADXP-postBox": [
      "Patient.address.line"
    ],
    "http://hl7.org/fhir/StructureDefinition/iso21090-ADXP-precinct": [
      "Patient.address"
    ],
    "http://hl7.org/fhir/StructureDefinition/iso21090-ADXP-streetName": [
      "Patient.address.line",
      "StructureDefinition.snapshot.element.example.valueString"
    ],
    "http://hl7.org/fhir/StructureDefinition/regex": [
      "StructureDefinition.snapshot.element.type"
    ],
    "http://hl7.org/fhir/StructureDefinition/structuredefinition-display-hint": [
      "StructureDefinition.snapshot.element"
    ],
    "http://hl7.org/fhir/StructureDefinition/structuredefinition-fhir-type": [
      "StructureDefinition.snapshot.element.type"
    ],
    "http://hl7.org/fhir/StructureDefinition/structuredefinition-hierarchy": [
      "StructureDefinition.snapshot.element.type"
    ],
    "http://hl7.org/fhir/StructureDefinition/workflow-episodeOfCare": [
      "Observation"
    ],
    "http://hl7.org/fhir/tools/StructureDefinition/ig-internal-dependency": [
      "ImplementationGuide.definition"
    ],
    "http://hl7.org/fhir/tools/StructureDefinition/ig-page-name": [
      "ImplementationGuide.definition.page",
      "ImplementationGuide.definition.page.page"
    ],
    "http://hl7.org/fhir/tools/StructureDefinition/ig-parameter": [
      "ImplementationGuide.definition"
    ],
    "http://hl7.org/fhir/tools/StructureDefinition/implementationguide-dependency-comment": [
      "ImplementationGuide.dependsOn"
    ],
    "http://hl7.org/fhir/tools/StructureDefinition/resource-information": [
      "ImplementationGuide.definition.resource"
    ],
    "http://hl7.org/fhir/us/mcode/StructureDefinition/mcode-procedure-intent": [
      "MedicationStatement",
      "Procedure"
    ],
    "http://idg-rlp.de/fhir/tumorkonferenzen/StructureDefinition/strahlentherapie-details": [
      "Procedure"
    ],
    "http://idg-rlp.de/fhir/tumorkonferenzen/StructureDefinition/systemische-therapie-details": [
      "MedicationStatement"
    ]
  }
}