{
  "resourceType" : "ValueSet",
  "id" : "tnm-regional-nodes-staging-type-vs",
  "text" : {
    "status" : "generated",
    "div" : "<div xmlns=\"http://www.w3.org/1999/xhtml\"><ul><li>Include these codes as defined in <a href=\"http://loinc.org\"><code>http://loinc.org</code></a><table class=\"none\"><tr><td style=\"white-space:nowrap\"><b>Code</b></td><td><b>Display</b></td></tr><tr><td><a href=\"https://loinc.org/21906-3/\">21906-3</a></td><td>Regional lymph nodes.clinical [Class] Cancer</td></tr><tr><td><a href=\"https://loinc.org/21900-6/\">21900-6</a></td><td>Regional lymph nodes.pathology [Class] Cancer</td></tr><tr><td><a href=\"https://loinc.org/21912-1/\">21912-1</a></td><td>Regional lymph nodes.other [Class] Cancer</td></tr></table></li></ul></div>"
  },
  "url" : "http://idg-rlp.de/fhir/tumorkonferenzen/ValueSet/tnm-regional-nodes-staging-type-vs",
  "version" : "0.1.0",
  "name" : "TNMRegionalNodesStagingTypeVS",
  "title" : "TNM Regional Nodes Staging Type Value Set",
  "status" : "draft",
  "experimental" : false,
  "date" : "2024-04-07T14:51:37+00:00",
  "publisher" : "IDG Institut für digitale Gesundheitsdaten RLP gGmbH",
  "contact" : [{
    "name" : "IDG Institut für digitale Gesundheitsdaten RLP gGmbH",
    "telecom" : [{
      "system" : "url",
      "value" : "https://www.idg-rlp.de/"
    },
    {
      "system" : "email",
      "value" : "info@idg-rlp.de"
    }]
  }],
  "description" : "Identifying codes for the type of cancer staging performed, i.e., clinical, pathological, or other, for regional nodes (N) staging observation.",
  "copyright" : "This material contains content from LOINC (http://loinc.org). LOINC is copyright © 1995-2020, Regenstrief Institute, Inc. and the Logical Observation Identifiers Names and Codes (LOINC) Committee and is available at no cost under the license at http://loinc.org/license. LOINC® is a registered United States trademark of Regenstrief Institute, Inc",
  "compose" : {
    "include" : [{
      "system" : "http://loinc.org",
      "concept" : [{
        "code" : "21906-3",
        "display" : "Regional lymph nodes.clinical [Class] Cancer"
      },
      {
        "code" : "21900-6",
        "display" : "Regional lymph nodes.pathology [Class] Cancer"
      },
      {
        "code" : "21912-1",
        "display" : "Regional lymph nodes.other [Class] Cancer"
      }]
    }]
  }
}