{
  "codeSystems" : [
    {
      "url" : "http://fhir.de/ValueSet/identifier-type-de-basis",
      "version" : "1.5.0",
      "status" : "active",
      "name" : "IdentifierTypeDeBasis",
      "title" : "Identifier Type DeBasis ValueSet",
      "description" : "ValueSet zur Codierung des Identifier-Typs",
      "systems" : [
        "http://fhir.de/CodeSystem/identifier-type-de-basis",
        "http://terminology.hl7.org/CodeSystem/v2-0203"
      ],
      "uses" : {
      },
      "StructureDefinition-TumorPatient.html" : "Tumor-Patient"
    },
    {
      "url" : "http://fhir.de/ValueSet/iso/bundeslaender",
      "version" : "1.5.0",
      "status" : "active",
      "name" : "ValueSetISO31662DE",
      "title" : "ISO-3166-2:de-Laendercodes",
      "description" : "Enthaelt die ISO-3166-2:DE Codes für die deutschen Bundeslaender.",
      "systems" : ["urn:iso:std:iso:3166-2:de"],
      "uses" : {
      },
      "StructureDefinition-TumorPatient.html" : "Tumor-Patient"
    },
    {
      "url" : "http://hl7.org/fhir/ValueSet/address-type",
      "version" : "4.0.1",
      "status" : "active",
      "name" : "AddressType",
      "title" : "AddressType",
      "description" : "The type of an address (physical / postal).",
      "systems" : ["http://hl7.org/fhir/address-type"],
      "oids" : ["2.16.840.1.113883.4.642.3.69"],
      "sources" : ["2.16.840.1.113883.4.642.3.69"],
      "uses" : {
      },
      "StructureDefinition-TumorPatient.html" : "Tumor-Patient"
    },
    {
      "url" : "http://hl7.org/fhir/ValueSet/address-use",
      "version" : "4.0.1",
      "status" : "active",
      "name" : "AddressUse",
      "title" : "AddressUse",
      "description" : "The use of an address.",
      "systems" : ["http://hl7.org/fhir/address-use"],
      "oids" : ["2.16.840.1.113883.4.642.3.67"],
      "sources" : ["2.16.840.1.113883.4.642.3.67"],
      "uses" : {
      },
      "StructureDefinition-TumorPatient.html" : "Tumor-Patient"
    },
    {
      "url" : "http://hl7.org/fhir/ValueSet/administrative-gender",
      "version" : "4.0.1",
      "status" : "active",
      "name" : "AdministrativeGender",
      "title" : "AdministrativeGender",
      "description" : "The gender of a person used for administrative purposes.",
      "systems" : ["http://hl7.org/fhir/administrative-gender"],
      "oids" : ["2.16.840.1.113883.4.642.3.1"],
      "sources" : ["2.16.840.1.113883.4.642.3.1"],
      "uses" : {
      },
      "StructureDefinition-TumorPatient.html" : "Tumor-Patient",
      "StructureDefinition-Anmelder.html" : "Anmelder"
    },
    {
      "url" : "http://hl7.org/fhir/ValueSet/body-site",
      "version" : "4.0.1",
      "status" : "draft",
      "name" : "SNOMEDCTBodyStructures",
      "title" : "SNOMED CT Body Structures",
      "description" : "This value set includes all codes from [SNOMED CT](http://snomed.info/sct) where concept is-a 442083009 (Anatomical or acquired body site (body structure)).",
      "systems" : ["http://snomed.info/sct"],
      "oids" : ["2.16.840.1.113883.4.642.3.141"],
      "sources" : ["2.16.840.1.113883.4.642.3.141"],
      "uses" : {
      },
      "StructureDefinition-FreitextObservation.html" : "FreitextObservation",
      "StructureDefinition-bemerkung-freitext.html" : "BemerkungFreitext",
      "StructureDefinition-externe-bilder.html" : "ExterneBilder",
      "StructureDefinition-familienanamnese-drop-down.html" : "Familienanamnese DropDown",
      "StructureDefinition-MinimalObservation.html" : "MinimalObservation",
      "StructureDefinition-radiologie-bilder-freitext.html" : "RadiologieBilderFreitext",
      "StructureDefinition-DiagnoseFreitext.html" : "DiagnoseFreitext",
      "StructureDefinition-psa-verlauf-freitext.html" : "PsaVerlaufFreitext",
      "StructureDefinition-gewuenschte-teilnehmer.html" : "Gewünschte Teilnehmer",
      "StructureDefinition-OperativeTherapieFreitext.html" : "OperativeTherapieFreitext",
      "StructureDefinition-fragestellung-pathologie-freitext.html" : "FragestellungPathologieFreitext",
      "StructureDefinition-tumor-board-anmeldung.html" : "TumorBoardAnmeldung",
      "StructureDefinition-ct-mrt-abdomen.html" : "CT/MRT Abdomen",
      "StructureDefinition-weitere-gewuenschte-teilnehmer-freitext.html" : "WeitereGewuenschteTeilnehmerFreitext",
      "StructureDefinition-tumorsituation.html" : "Tumorsituation",
      "StructureDefinition-HistologieMolPatFreitext.html" : "HistologieMolPatFreitext",
      "StructureDefinition-pet-ct.html" : "PetCT",
      "StructureDefinition-praxis-pathologisches-institut-freitext.html" : "PraxisPathologischesInstitutFreitext",
      "StructureDefinition-medikamentoese-therapie-freitext.html" : "MedikamentöseTherapieFreitext",
      "StructureDefinition-skelettszintigraphie.html" : "Skelettszintigraphie",
      "StructureDefinition-fragestellung-tumorkonferenz-freitext.html" : "FragestellungTumorkonferenzFreitext",
      "StructureDefinition-FertilitaetsBehandlungEmpfohlen.html" : "FertilitaetsBehandlungEmpfohlen",
      "StructureDefinition-TNMFreitext.html" : "TNMFreitext",
      "StructureDefinition-ecog.html" : "ECOG",
      "StructureDefinition-StrahlenTherapieFreitext.html" : "StrahlenTherapieFreitext",
      "StructureDefinition-fragestellung-radiologie-freitext.html" : "FragestellungRadiologieFreitext",
      "StructureDefinition-histologische-typisierung-lunge.html" : "Histologische Typisierung Lunge",
      "StructureDefinition-relevante-nebendiagnosen-freitext.html" : "RelevanteNebendiagnosenFreitext",
      "StructureDefinition-Erstdiagnose.html" : "Erstdiagnose",
      "StructureDefinition-ct-mrt-schaedel.html" : "CT/MRT Schädel",
      "StructureDefinition-lungenfunktionstest.html" : "Lungenfunktionstest",
      "StructureDefinition-verlauf-freitext.html" : "VerlaufFreitext"
    },
    {
      "url" : "http://hl7.org/fhir/ValueSet/bundle-type",
      "version" : "4.0.1",
      "status" : "active",
      "name" : "BundleType",
      "title" : "BundleType",
      "description" : "Indicates the purpose of a bundle - how it is intended to be used.",
      "systems" : ["http://hl7.org/fhir/bundle-type"],
      "oids" : ["2.16.840.1.113883.4.642.3.620"],
      "sources" : ["2.16.840.1.113883.4.642.3.620"],
      "uses" : {
      },
      "StructureDefinition-AnmeldeBundleMinimalFreitextProstata.html" : "AnmeldeBundleMinimalFreitextProstata",
      "StructureDefinition-AnmeldeBundleMinimalFreitextLunge.html" : "AnmeldeBundleMinimalFreitextLunge"
    },
    {
      "url" : "http://hl7.org/fhir/ValueSet/data-absent-reason",
      "version" : "4.0.1",
      "status" : "active",
      "name" : "DataAbsentReason",
      "title" : "DataAbsentReason",
      "description" : "Used to specify why the normally expected content of the data element is missing.",
      "systems" : ["http://terminology.hl7.org/CodeSystem/data-absent-reason"],
      "oids" : ["2.16.840.1.113883.4.642.3.5"],
      "sources" : ["2.16.840.1.113883.4.642.3.5"],
      "uses" : {
      },
      "StructureDefinition-FreitextObservation.html" : "FreitextObservation",
      "StructureDefinition-bemerkung-freitext.html" : "BemerkungFreitext",
      "StructureDefinition-externe-bilder.html" : "ExterneBilder",
      "StructureDefinition-familienanamnese-drop-down.html" : "Familienanamnese DropDown",
      "StructureDefinition-MinimalObservation.html" : "MinimalObservation",
      "StructureDefinition-radiologie-bilder-freitext.html" : "RadiologieBilderFreitext",
      "StructureDefinition-DiagnoseFreitext.html" : "DiagnoseFreitext",
      "StructureDefinition-psa-verlauf-freitext.html" : "PsaVerlaufFreitext",
      "StructureDefinition-gewuenschte-teilnehmer.html" : "Gewünschte Teilnehmer",
      "StructureDefinition-OperativeTherapieFreitext.html" : "OperativeTherapieFreitext",
      "StructureDefinition-fragestellung-pathologie-freitext.html" : "FragestellungPathologieFreitext",
      "StructureDefinition-tumor-board-anmeldung.html" : "TumorBoardAnmeldung",
      "StructureDefinition-ct-mrt-abdomen.html" : "CT/MRT Abdomen",
      "StructureDefinition-weitere-gewuenschte-teilnehmer-freitext.html" : "WeitereGewuenschteTeilnehmerFreitext",
      "StructureDefinition-tumorsituation.html" : "Tumorsituation",
      "StructureDefinition-HistologieMolPatFreitext.html" : "HistologieMolPatFreitext",
      "StructureDefinition-pet-ct.html" : "PetCT",
      "StructureDefinition-praxis-pathologisches-institut-freitext.html" : "PraxisPathologischesInstitutFreitext",
      "StructureDefinition-medikamentoese-therapie-freitext.html" : "MedikamentöseTherapieFreitext",
      "StructureDefinition-skelettszintigraphie.html" : "Skelettszintigraphie",
      "StructureDefinition-fragestellung-tumorkonferenz-freitext.html" : "FragestellungTumorkonferenzFreitext",
      "StructureDefinition-FertilitaetsBehandlungEmpfohlen.html" : "FertilitaetsBehandlungEmpfohlen",
      "StructureDefinition-TNMFreitext.html" : "TNMFreitext",
      "StructureDefinition-ecog.html" : "ECOG",
      "StructureDefinition-StrahlenTherapieFreitext.html" : "StrahlenTherapieFreitext",
      "StructureDefinition-fragestellung-radiologie-freitext.html" : "FragestellungRadiologieFreitext",
      "StructureDefinition-histologische-typisierung-lunge.html" : "Histologische Typisierung Lunge",
      "StructureDefinition-relevante-nebendiagnosen-freitext.html" : "RelevanteNebendiagnosenFreitext",
      "StructureDefinition-Erstdiagnose.html" : "Erstdiagnose",
      "StructureDefinition-ct-mrt-schaedel.html" : "CT/MRT Schädel",
      "StructureDefinition-lungenfunktionstest.html" : "Lungenfunktionstest",
      "StructureDefinition-verlauf-freitext.html" : "VerlaufFreitext"
    },
    {
      "url" : "http://hl7.org/fhir/ValueSet/diagnosis-role",
      "version" : "4.0.1",
      "status" : "draft",
      "name" : "DiagnosisRole",
      "title" : "DiagnosisRole",
      "description" : "This value set defines a set of codes that can be used to express the role of a diagnosis on the Encounter or EpisodeOfCare record.",
      "systems" : ["http://terminology.hl7.org/CodeSystem/diagnosis-role"],
      "oids" : ["2.16.840.1.113883.4.642.3.49"],
      "sources" : ["2.16.840.1.113883.4.642.3.49"],
      "uses" : {
      },
      "StructureDefinition-tumorErkrankung.html" : "Tumorerkrankung"
    },
    {
      "url" : "http://hl7.org/fhir/ValueSet/episode-of-care-status",
      "version" : "4.0.1",
      "status" : "draft",
      "name" : "EpisodeOfCareStatus",
      "title" : "EpisodeOfCareStatus",
      "description" : "The status of the episode of care.",
      "systems" : ["http://hl7.org/fhir/episode-of-care-status"],
      "oids" : ["2.16.840.1.113883.4.642.3.664"],
      "sources" : ["2.16.840.1.113883.4.642.3.664"],
      "uses" : {
      },
      "StructureDefinition-tumorErkrankung.html" : "Tumorerkrankung"
    },
    {
      "url" : "http://hl7.org/fhir/ValueSet/episodeofcare-type",
      "version" : "4.0.1",
      "status" : "draft",
      "name" : "EpisodeOfCareType",
      "title" : "Episode of care type",
      "description" : "This example value set defines a set of codes that can be used to express the usage type of an EpisodeOfCare record.",
      "systems" : ["http://terminology.hl7.org/CodeSystem/episodeofcare-type"],
      "oids" : ["2.16.840.1.113883.4.642.3.666"],
      "sources" : ["2.16.840.1.113883.4.642.3.666"],
      "uses" : {
      },
      "StructureDefinition-tumorErkrankung.html" : "Tumorerkrankung"
    },
    {
      "url" : "http://hl7.org/fhir/ValueSet/http-verb",
      "version" : "4.0.1",
      "status" : "active",
      "name" : "HTTPVerb",
      "title" : "HTTPVerb",
      "description" : "HTTP verbs (in the HTTP command line). See [HTTP rfc](https://tools.ietf.org/html/rfc7231) for details.",
      "systems" : ["http://hl7.org/fhir/http-verb"],
      "oids" : ["2.16.840.1.113883.4.642.3.624"],
      "sources" : ["2.16.840.1.113883.4.642.3.624"],
      "uses" : {
      },
      "StructureDefinition-AnmeldeBundleMinimalFreitextProstata.html" : "AnmeldeBundleMinimalFreitextProstata",
      "StructureDefinition-AnmeldeBundleMinimalFreitextLunge.html" : "AnmeldeBundleMinimalFreitextLunge"
    },
    {
      "url" : "http://hl7.org/fhir/ValueSet/identifier-use",
      "version" : "4.0.1",
      "status" : "active",
      "name" : "IdentifierUse",
      "title" : "IdentifierUse",
      "description" : "Identifies the purpose for this identifier, if known .",
      "systems" : ["http://hl7.org/fhir/identifier-use"],
      "oids" : ["2.16.840.1.113883.4.642.3.57"],
      "sources" : ["2.16.840.1.113883.4.642.3.57"],
      "uses" : {
      },
      "StructureDefinition-TumorPatient.html" : "Tumor-Patient"
    },
    {
      "url" : "http://hl7.org/fhir/ValueSet/iso3166-1-2",
      "version" : "4.0.1",
      "status" : "active",
      "name" : "Iso3166-1-2",
      "title" : "Iso 3166 Part 1: 2 Letter Codes",
      "description" : "This value set defines the ISO 3166 Part 1 2-letter codes",
      "systems" : ["urn:iso:std:iso:3166"],
      "uses" : {
      },
      "StructureDefinition-TumorPatient.html" : "Tumor-Patient"
    },
    {
      "url" : "http://hl7.org/fhir/ValueSet/languages",
      "version" : "4.0.1",
      "status" : "draft",
      "name" : "CommonLanguages",
      "title" : "Common Languages",
      "description" : "This value set includes common codes from BCP-47 (http://tools.ietf.org/html/bcp47)",
      "systems" : ["urn:ietf:bcp:47"],
      "oids" : ["2.16.840.1.113883.4.642.3.20"],
      "sources" : ["2.16.840.1.113883.4.642.3.20"],
      "uses" : {
      },
      "StructureDefinition-FreitextObservation.html" : "FreitextObservation",
      "StructureDefinition-bemerkung-freitext.html" : "BemerkungFreitext",
      "StructureDefinition-externe-bilder.html" : "ExterneBilder",
      "StructureDefinition-Anmelder.html" : "Anmelder",
      "StructureDefinition-familienanamnese-drop-down.html" : "Familienanamnese DropDown",
      "StructureDefinition-MinimalObservation.html" : "MinimalObservation",
      "StructureDefinition-radiologie-bilder-freitext.html" : "RadiologieBilderFreitext",
      "StructureDefinition-DiagnoseFreitext.html" : "DiagnoseFreitext",
      "StructureDefinition-psa-verlauf-freitext.html" : "PsaVerlaufFreitext",
      "StructureDefinition-AnmeldeBundleMinimalFreitextLunge.html" : "AnmeldeBundleMinimalFreitextLunge",
      "StructureDefinition-TumorPatient.html" : "Tumor-Patient",
      "StructureDefinition-gewuenschte-teilnehmer.html" : "Gewünschte Teilnehmer",
      "StructureDefinition-OperativeTherapieFreitext.html" : "OperativeTherapieFreitext",
      "StructureDefinition-fragestellung-pathologie-freitext.html" : "FragestellungPathologieFreitext",
      "StructureDefinition-tumor-board-anmeldung.html" : "TumorBoardAnmeldung",
      "StructureDefinition-ct-mrt-abdomen.html" : "CT/MRT Abdomen",
      "StructureDefinition-weitere-gewuenschte-teilnehmer-freitext.html" : "WeitereGewuenschteTeilnehmerFreitext",
      "StructureDefinition-tumorsituation.html" : "Tumorsituation",
      "StructureDefinition-HistologieMolPatFreitext.html" : "HistologieMolPatFreitext",
      "StructureDefinition-pet-ct.html" : "PetCT",
      "StructureDefinition-praxis-pathologisches-institut-freitext.html" : "PraxisPathologischesInstitutFreitext",
      "StructureDefinition-medikamentoese-therapie-freitext.html" : "MedikamentöseTherapieFreitext",
      "StructureDefinition-skelettszintigraphie.html" : "Skelettszintigraphie",
      "StructureDefinition-fragestellung-tumorkonferenz-freitext.html" : "FragestellungTumorkonferenzFreitext",
      "StructureDefinition-FertilitaetsBehandlungEmpfohlen.html" : "FertilitaetsBehandlungEmpfohlen",
      "StructureDefinition-TNMFreitext.html" : "TNMFreitext",
      "StructureDefinition-AnmeldeBundleMinimalFreitextProstata.html" : "AnmeldeBundleMinimalFreitextProstata",
      "StructureDefinition-ecog.html" : "ECOG",
      "StructureDefinition-StrahlenTherapieFreitext.html" : "StrahlenTherapieFreitext",
      "StructureDefinition-fragestellung-radiologie-freitext.html" : "FragestellungRadiologieFreitext",
      "StructureDefinition-histologische-typisierung-lunge.html" : "Histologische Typisierung Lunge",
      "StructureDefinition-relevante-nebendiagnosen-freitext.html" : "RelevanteNebendiagnosenFreitext",
      "StructureDefinition-tumorErkrankung.html" : "Tumorerkrankung",
      "StructureDefinition-Erstdiagnose.html" : "Erstdiagnose",
      "StructureDefinition-ct-mrt-schaedel.html" : "CT/MRT Schädel",
      "StructureDefinition-lungenfunktionstest.html" : "Lungenfunktionstest",
      "StructureDefinition-verlauf-freitext.html" : "VerlaufFreitext"
    },
    {
      "url" : "http://hl7.org/fhir/ValueSet/link-type",
      "version" : "4.0.1",
      "status" : "active",
      "name" : "LinkType",
      "title" : "LinkType",
      "description" : "The type of link between this patient resource and another patient resource.",
      "systems" : ["http://hl7.org/fhir/link-type"],
      "oids" : ["2.16.840.1.113883.4.642.3.423"],
      "sources" : ["2.16.840.1.113883.4.642.3.423"],
      "uses" : {
      },
      "StructureDefinition-TumorPatient.html" : "Tumor-Patient"
    },
    {
      "url" : "http://hl7.org/fhir/ValueSet/marital-status",
      "version" : "4.0.1",
      "status" : "active",
      "name" : "Marital Status Codes",
      "title" : "MaritalStatus",
      "description" : "This value set defines the set of codes that can be used to indicate the marital status of a person.",
      "systems" : [
        "http://terminology.hl7.org/CodeSystem/v3-MaritalStatus",
        "http://terminology.hl7.org/CodeSystem/v3-NullFlavor"
      ],
      "oids" : ["2.16.840.1.113883.4.642.3.29"],
      "sources" : ["2.16.840.1.113883.4.642.3.29"],
      "uses" : {
      },
      "StructureDefinition-TumorPatient.html" : "Tumor-Patient"
    },
    {
      "url" : "http://hl7.org/fhir/ValueSet/name-use",
      "version" : "4.0.1",
      "status" : "active",
      "name" : "NameUse",
      "title" : "NameUse",
      "description" : "The use of a human name.",
      "systems" : ["http://hl7.org/fhir/name-use"],
      "oids" : ["2.16.840.1.113883.4.642.3.65"],
      "sources" : ["2.16.840.1.113883.4.642.3.65"],
      "uses" : {
      },
      "StructureDefinition-TumorPatient.html" : "Tumor-Patient",
      "StructureDefinition-Anmelder.html" : "Anmelder"
    },
    {
      "url" : "http://hl7.org/fhir/ValueSet/observation-category",
      "version" : "4.0.1",
      "status" : "draft",
      "name" : "ObservationCategoryCodes",
      "title" : "Observation Category Codes",
      "description" : "Observation Category codes.",
      "systems" : ["http://terminology.hl7.org/CodeSystem/observation-category"],
      "oids" : ["2.16.840.1.113883.4.642.3.403"],
      "sources" : ["2.16.840.1.113883.4.642.3.403"],
      "uses" : {
      },
      "StructureDefinition-FreitextObservation.html" : "FreitextObservation",
      "StructureDefinition-bemerkung-freitext.html" : "BemerkungFreitext",
      "StructureDefinition-externe-bilder.html" : "ExterneBilder",
      "StructureDefinition-familienanamnese-drop-down.html" : "Familienanamnese DropDown",
      "StructureDefinition-MinimalObservation.html" : "MinimalObservation",
      "StructureDefinition-radiologie-bilder-freitext.html" : "RadiologieBilderFreitext",
      "StructureDefinition-DiagnoseFreitext.html" : "DiagnoseFreitext",
      "StructureDefinition-psa-verlauf-freitext.html" : "PsaVerlaufFreitext",
      "StructureDefinition-gewuenschte-teilnehmer.html" : "Gewünschte Teilnehmer",
      "StructureDefinition-OperativeTherapieFreitext.html" : "OperativeTherapieFreitext",
      "StructureDefinition-fragestellung-pathologie-freitext.html" : "FragestellungPathologieFreitext",
      "StructureDefinition-tumor-board-anmeldung.html" : "TumorBoardAnmeldung",
      "StructureDefinition-ct-mrt-abdomen.html" : "CT/MRT Abdomen",
      "StructureDefinition-weitere-gewuenschte-teilnehmer-freitext.html" : "WeitereGewuenschteTeilnehmerFreitext",
      "StructureDefinition-tumorsituation.html" : "Tumorsituation",
      "StructureDefinition-HistologieMolPatFreitext.html" : "HistologieMolPatFreitext",
      "StructureDefinition-pet-ct.html" : "PetCT",
      "StructureDefinition-praxis-pathologisches-institut-freitext.html" : "PraxisPathologischesInstitutFreitext",
      "StructureDefinition-medikamentoese-therapie-freitext.html" : "MedikamentöseTherapieFreitext",
      "StructureDefinition-skelettszintigraphie.html" : "Skelettszintigraphie",
      "StructureDefinition-fragestellung-tumorkonferenz-freitext.html" : "FragestellungTumorkonferenzFreitext",
      "StructureDefinition-FertilitaetsBehandlungEmpfohlen.html" : "FertilitaetsBehandlungEmpfohlen",
      "StructureDefinition-TNMFreitext.html" : "TNMFreitext",
      "StructureDefinition-ecog.html" : "ECOG",
      "StructureDefinition-StrahlenTherapieFreitext.html" : "StrahlenTherapieFreitext",
      "StructureDefinition-fragestellung-radiologie-freitext.html" : "FragestellungRadiologieFreitext",
      "StructureDefinition-histologische-typisierung-lunge.html" : "Histologische Typisierung Lunge",
      "StructureDefinition-relevante-nebendiagnosen-freitext.html" : "RelevanteNebendiagnosenFreitext",
      "StructureDefinition-Erstdiagnose.html" : "Erstdiagnose",
      "StructureDefinition-ct-mrt-schaedel.html" : "CT/MRT Schädel",
      "StructureDefinition-lungenfunktionstest.html" : "Lungenfunktionstest",
      "StructureDefinition-verlauf-freitext.html" : "VerlaufFreitext"
    },
    {
      "url" : "http://hl7.org/fhir/ValueSet/observation-codes",
      "version" : "4.0.1",
      "status" : "draft",
      "name" : "LOINCCodes",
      "title" : "LOINC Codes",
      "description" : "This value set includes all LOINC codes",
      "systems" : ["http://loinc.org"],
      "oids" : ["2.16.840.1.113883.4.642.3.396"],
      "sources" : ["2.16.840.1.113883.4.642.3.396"],
      "uses" : {
      },
      "StructureDefinition-FreitextObservation.html" : "FreitextObservation",
      "StructureDefinition-bemerkung-freitext.html" : "BemerkungFreitext",
      "StructureDefinition-externe-bilder.html" : "ExterneBilder",
      "StructureDefinition-familienanamnese-drop-down.html" : "Familienanamnese DropDown",
      "StructureDefinition-MinimalObservation.html" : "MinimalObservation",
      "StructureDefinition-radiologie-bilder-freitext.html" : "RadiologieBilderFreitext",
      "StructureDefinition-DiagnoseFreitext.html" : "DiagnoseFreitext",
      "StructureDefinition-psa-verlauf-freitext.html" : "PsaVerlaufFreitext",
      "StructureDefinition-gewuenschte-teilnehmer.html" : "Gewünschte Teilnehmer",
      "StructureDefinition-OperativeTherapieFreitext.html" : "OperativeTherapieFreitext",
      "StructureDefinition-fragestellung-pathologie-freitext.html" : "FragestellungPathologieFreitext",
      "StructureDefinition-tumor-board-anmeldung.html" : "TumorBoardAnmeldung",
      "StructureDefinition-ct-mrt-abdomen.html" : "CT/MRT Abdomen",
      "StructureDefinition-weitere-gewuenschte-teilnehmer-freitext.html" : "WeitereGewuenschteTeilnehmerFreitext",
      "StructureDefinition-tumorsituation.html" : "Tumorsituation",
      "StructureDefinition-HistologieMolPatFreitext.html" : "HistologieMolPatFreitext",
      "StructureDefinition-pet-ct.html" : "PetCT",
      "StructureDefinition-praxis-pathologisches-institut-freitext.html" : "PraxisPathologischesInstitutFreitext",
      "StructureDefinition-medikamentoese-therapie-freitext.html" : "MedikamentöseTherapieFreitext",
      "StructureDefinition-skelettszintigraphie.html" : "Skelettszintigraphie",
      "StructureDefinition-fragestellung-tumorkonferenz-freitext.html" : "FragestellungTumorkonferenzFreitext",
      "StructureDefinition-FertilitaetsBehandlungEmpfohlen.html" : "FertilitaetsBehandlungEmpfohlen",
      "StructureDefinition-TNMFreitext.html" : "TNMFreitext",
      "StructureDefinition-ecog.html" : "ECOG",
      "StructureDefinition-StrahlenTherapieFreitext.html" : "StrahlenTherapieFreitext",
      "StructureDefinition-fragestellung-radiologie-freitext.html" : "FragestellungRadiologieFreitext",
      "StructureDefinition-histologische-typisierung-lunge.html" : "Histologische Typisierung Lunge",
      "StructureDefinition-relevante-nebendiagnosen-freitext.html" : "RelevanteNebendiagnosenFreitext",
      "StructureDefinition-Erstdiagnose.html" : "Erstdiagnose",
      "StructureDefinition-ct-mrt-schaedel.html" : "CT/MRT Schädel",
      "StructureDefinition-lungenfunktionstest.html" : "Lungenfunktionstest",
      "StructureDefinition-verlauf-freitext.html" : "VerlaufFreitext"
    },
    {
      "url" : "http://hl7.org/fhir/ValueSet/observation-interpretation",
      "version" : "4.0.1",
      "status" : "active",
      "name" : "ObservationInterpretationCodes",
      "title" : "Observation Interpretation Codes",
      "description" : "A categorical assessment, providing a rough qualitative interpretation of the observation value,    such as “normal”/ “abnormal”,”low” / “high”, “better” / “worse”, “susceptible” / “resistant”, “expected”/ “not expected”.    The value set is intended to be for ANY use where coded representation of an interpretation is needed.   \r\n   \r\n   Notes:\r\n   \r\n   This is being communicated in v2.x in OBX-8 (Observation Interpretation), in v3 in ObservationInterpretation (CWE) in R1 (Representative Realm) and in FHIR in    Observation.interpretation. Historically these values come from the laboratory domain, and these codes are extensively    used. The value set binding is extensible, so codes outside the value set that are needed for interpretation concepts    (i.e. particular meanings) that are not included in the value set can be used, and these new codes may also be added to    the value set and published in a future version.",
      "systems" : [
        "http://terminology.hl7.org/CodeSystem/v3-ObservationInterpretation"
      ],
      "oids" : ["2.16.840.1.113883.4.642.3.399"],
      "sources" : ["2.16.840.1.113883.4.642.3.399"],
      "uses" : {
      },
      "StructureDefinition-FreitextObservation.html" : "FreitextObservation",
      "StructureDefinition-bemerkung-freitext.html" : "BemerkungFreitext",
      "StructureDefinition-externe-bilder.html" : "ExterneBilder",
      "StructureDefinition-familienanamnese-drop-down.html" : "Familienanamnese DropDown",
      "StructureDefinition-MinimalObservation.html" : "MinimalObservation",
      "StructureDefinition-radiologie-bilder-freitext.html" : "RadiologieBilderFreitext",
      "StructureDefinition-DiagnoseFreitext.html" : "DiagnoseFreitext",
      "StructureDefinition-psa-verlauf-freitext.html" : "PsaVerlaufFreitext",
      "StructureDefinition-gewuenschte-teilnehmer.html" : "Gewünschte Teilnehmer",
      "StructureDefinition-OperativeTherapieFreitext.html" : "OperativeTherapieFreitext",
      "StructureDefinition-fragestellung-pathologie-freitext.html" : "FragestellungPathologieFreitext",
      "StructureDefinition-tumor-board-anmeldung.html" : "TumorBoardAnmeldung",
      "StructureDefinition-ct-mrt-abdomen.html" : "CT/MRT Abdomen",
      "StructureDefinition-weitere-gewuenschte-teilnehmer-freitext.html" : "WeitereGewuenschteTeilnehmerFreitext",
      "StructureDefinition-tumorsituation.html" : "Tumorsituation",
      "StructureDefinition-HistologieMolPatFreitext.html" : "HistologieMolPatFreitext",
      "StructureDefinition-pet-ct.html" : "PetCT",
      "StructureDefinition-praxis-pathologisches-institut-freitext.html" : "PraxisPathologischesInstitutFreitext",
      "StructureDefinition-medikamentoese-therapie-freitext.html" : "MedikamentöseTherapieFreitext",
      "StructureDefinition-skelettszintigraphie.html" : "Skelettszintigraphie",
      "StructureDefinition-fragestellung-tumorkonferenz-freitext.html" : "FragestellungTumorkonferenzFreitext",
      "StructureDefinition-FertilitaetsBehandlungEmpfohlen.html" : "FertilitaetsBehandlungEmpfohlen",
      "StructureDefinition-TNMFreitext.html" : "TNMFreitext",
      "StructureDefinition-ecog.html" : "ECOG",
      "StructureDefinition-StrahlenTherapieFreitext.html" : "StrahlenTherapieFreitext",
      "StructureDefinition-fragestellung-radiologie-freitext.html" : "FragestellungRadiologieFreitext",
      "StructureDefinition-histologische-typisierung-lunge.html" : "Histologische Typisierung Lunge",
      "StructureDefinition-relevante-nebendiagnosen-freitext.html" : "RelevanteNebendiagnosenFreitext",
      "StructureDefinition-Erstdiagnose.html" : "Erstdiagnose",
      "StructureDefinition-ct-mrt-schaedel.html" : "CT/MRT Schädel",
      "StructureDefinition-lungenfunktionstest.html" : "Lungenfunktionstest",
      "StructureDefinition-verlauf-freitext.html" : "VerlaufFreitext"
    },
    {
      "url" : "http://hl7.org/fhir/ValueSet/observation-methods",
      "version" : "4.0.1",
      "status" : "draft",
      "name" : "ObservationMethods",
      "title" : "Observation Methods",
      "description" : "Observation Method codes from [SNOMED CT](http://snomed.info/sct) where concept is-a 272394005 (Technique (qualifier value)) or is-a 129264002 (Action (qualifier value)) or is-a 386053000 (Evaluation procedure(procedure))",
      "systems" : ["http://snomed.info/sct"],
      "oids" : ["2.16.840.1.113883.4.642.3.395"],
      "sources" : ["2.16.840.1.113883.4.642.3.395"],
      "uses" : {
      },
      "StructureDefinition-FreitextObservation.html" : "FreitextObservation",
      "StructureDefinition-bemerkung-freitext.html" : "BemerkungFreitext",
      "StructureDefinition-externe-bilder.html" : "ExterneBilder",
      "StructureDefinition-familienanamnese-drop-down.html" : "Familienanamnese DropDown",
      "StructureDefinition-MinimalObservation.html" : "MinimalObservation",
      "StructureDefinition-radiologie-bilder-freitext.html" : "RadiologieBilderFreitext",
      "StructureDefinition-DiagnoseFreitext.html" : "DiagnoseFreitext",
      "StructureDefinition-psa-verlauf-freitext.html" : "PsaVerlaufFreitext",
      "StructureDefinition-gewuenschte-teilnehmer.html" : "Gewünschte Teilnehmer",
      "StructureDefinition-OperativeTherapieFreitext.html" : "OperativeTherapieFreitext",
      "StructureDefinition-fragestellung-pathologie-freitext.html" : "FragestellungPathologieFreitext",
      "StructureDefinition-tumor-board-anmeldung.html" : "TumorBoardAnmeldung",
      "StructureDefinition-ct-mrt-abdomen.html" : "CT/MRT Abdomen",
      "StructureDefinition-weitere-gewuenschte-teilnehmer-freitext.html" : "WeitereGewuenschteTeilnehmerFreitext",
      "StructureDefinition-tumorsituation.html" : "Tumorsituation",
      "StructureDefinition-HistologieMolPatFreitext.html" : "HistologieMolPatFreitext",
      "StructureDefinition-pet-ct.html" : "PetCT",
      "StructureDefinition-praxis-pathologisches-institut-freitext.html" : "PraxisPathologischesInstitutFreitext",
      "StructureDefinition-medikamentoese-therapie-freitext.html" : "MedikamentöseTherapieFreitext",
      "StructureDefinition-skelettszintigraphie.html" : "Skelettszintigraphie",
      "StructureDefinition-fragestellung-tumorkonferenz-freitext.html" : "FragestellungTumorkonferenzFreitext",
      "StructureDefinition-FertilitaetsBehandlungEmpfohlen.html" : "FertilitaetsBehandlungEmpfohlen",
      "StructureDefinition-TNMFreitext.html" : "TNMFreitext",
      "StructureDefinition-ecog.html" : "ECOG",
      "StructureDefinition-StrahlenTherapieFreitext.html" : "StrahlenTherapieFreitext",
      "StructureDefinition-fragestellung-radiologie-freitext.html" : "FragestellungRadiologieFreitext",
      "StructureDefinition-histologische-typisierung-lunge.html" : "Histologische Typisierung Lunge",
      "StructureDefinition-relevante-nebendiagnosen-freitext.html" : "RelevanteNebendiagnosenFreitext",
      "StructureDefinition-Erstdiagnose.html" : "Erstdiagnose",
      "StructureDefinition-ct-mrt-schaedel.html" : "CT/MRT Schädel",
      "StructureDefinition-lungenfunktionstest.html" : "Lungenfunktionstest",
      "StructureDefinition-verlauf-freitext.html" : "VerlaufFreitext"
    },
    {
      "url" : "http://hl7.org/fhir/ValueSet/observation-status",
      "version" : "4.0.1",
      "status" : "active",
      "name" : "ObservationStatus",
      "title" : "ObservationStatus",
      "description" : "Codes providing the status of an observation.",
      "systems" : ["http://hl7.org/fhir/observation-status"],
      "oids" : ["2.16.840.1.113883.4.642.3.400"],
      "sources" : ["2.16.840.1.113883.4.642.3.400"],
      "uses" : {
      },
      "StructureDefinition-FreitextObservation.html" : "FreitextObservation",
      "StructureDefinition-bemerkung-freitext.html" : "BemerkungFreitext",
      "StructureDefinition-externe-bilder.html" : "ExterneBilder",
      "StructureDefinition-familienanamnese-drop-down.html" : "Familienanamnese DropDown",
      "StructureDefinition-MinimalObservation.html" : "MinimalObservation",
      "StructureDefinition-radiologie-bilder-freitext.html" : "RadiologieBilderFreitext",
      "StructureDefinition-DiagnoseFreitext.html" : "DiagnoseFreitext",
      "StructureDefinition-psa-verlauf-freitext.html" : "PsaVerlaufFreitext",
      "StructureDefinition-gewuenschte-teilnehmer.html" : "Gewünschte Teilnehmer",
      "StructureDefinition-OperativeTherapieFreitext.html" : "OperativeTherapieFreitext",
      "StructureDefinition-fragestellung-pathologie-freitext.html" : "FragestellungPathologieFreitext",
      "StructureDefinition-tumor-board-anmeldung.html" : "TumorBoardAnmeldung",
      "StructureDefinition-ct-mrt-abdomen.html" : "CT/MRT Abdomen",
      "StructureDefinition-weitere-gewuenschte-teilnehmer-freitext.html" : "WeitereGewuenschteTeilnehmerFreitext",
      "StructureDefinition-tumorsituation.html" : "Tumorsituation",
      "StructureDefinition-HistologieMolPatFreitext.html" : "HistologieMolPatFreitext",
      "StructureDefinition-pet-ct.html" : "PetCT",
      "StructureDefinition-praxis-pathologisches-institut-freitext.html" : "PraxisPathologischesInstitutFreitext",
      "StructureDefinition-medikamentoese-therapie-freitext.html" : "MedikamentöseTherapieFreitext",
      "StructureDefinition-skelettszintigraphie.html" : "Skelettszintigraphie",
      "StructureDefinition-fragestellung-tumorkonferenz-freitext.html" : "FragestellungTumorkonferenzFreitext",
      "StructureDefinition-FertilitaetsBehandlungEmpfohlen.html" : "FertilitaetsBehandlungEmpfohlen",
      "StructureDefinition-TNMFreitext.html" : "TNMFreitext",
      "StructureDefinition-ecog.html" : "ECOG",
      "StructureDefinition-StrahlenTherapieFreitext.html" : "StrahlenTherapieFreitext",
      "StructureDefinition-fragestellung-radiologie-freitext.html" : "FragestellungRadiologieFreitext",
      "StructureDefinition-histologische-typisierung-lunge.html" : "Histologische Typisierung Lunge",
      "StructureDefinition-relevante-nebendiagnosen-freitext.html" : "RelevanteNebendiagnosenFreitext",
      "StructureDefinition-Erstdiagnose.html" : "Erstdiagnose",
      "StructureDefinition-ct-mrt-schaedel.html" : "CT/MRT Schädel",
      "StructureDefinition-lungenfunktionstest.html" : "Lungenfunktionstest",
      "StructureDefinition-verlauf-freitext.html" : "VerlaufFreitext"
    },
    {
      "url" : "http://hl7.org/fhir/ValueSet/patient-contactrelationship",
      "version" : "4.0.1",
      "status" : "active",
      "name" : "PatientContactRelationship",
      "title" : "Patient Contact Relationship ",
      "description" : "The nature of the relationship between the patient and the contact person.",
      "systems" : ["http://terminology.hl7.org/CodeSystem/v2-0131"],
      "oids" : ["2.16.840.1.113883.4.642.3.1130"],
      "sources" : ["2.16.840.1.113883.4.642.3.1130"],
      "uses" : {
      },
      "StructureDefinition-TumorPatient.html" : "Tumor-Patient"
    },
    {
      "url" : "http://hl7.org/fhir/ValueSet/referencerange-appliesto",
      "version" : "4.0.1",
      "status" : "draft",
      "name" : "ObservationReferenceRangeAppliesToCodes",
      "title" : "Observation Reference Range Applies To Codes",
      "description" : "This value set defines a set of codes that can be used to indicate the particular target population the reference range applies to.",
      "systems" : [
        "http://terminology.hl7.org/CodeSystem/v3-Race",
        "http://snomed.info/sct"
      ],
      "oids" : ["2.16.840.1.113883.4.642.3.407"],
      "sources" : ["2.16.840.1.113883.4.642.3.407"],
      "uses" : {
      },
      "StructureDefinition-FreitextObservation.html" : "FreitextObservation",
      "StructureDefinition-bemerkung-freitext.html" : "BemerkungFreitext",
      "StructureDefinition-externe-bilder.html" : "ExterneBilder",
      "StructureDefinition-familienanamnese-drop-down.html" : "Familienanamnese DropDown",
      "StructureDefinition-MinimalObservation.html" : "MinimalObservation",
      "StructureDefinition-radiologie-bilder-freitext.html" : "RadiologieBilderFreitext",
      "StructureDefinition-DiagnoseFreitext.html" : "DiagnoseFreitext",
      "StructureDefinition-psa-verlauf-freitext.html" : "PsaVerlaufFreitext",
      "StructureDefinition-gewuenschte-teilnehmer.html" : "Gewünschte Teilnehmer",
      "StructureDefinition-OperativeTherapieFreitext.html" : "OperativeTherapieFreitext",
      "StructureDefinition-fragestellung-pathologie-freitext.html" : "FragestellungPathologieFreitext",
      "StructureDefinition-tumor-board-anmeldung.html" : "TumorBoardAnmeldung",
      "StructureDefinition-ct-mrt-abdomen.html" : "CT/MRT Abdomen",
      "StructureDefinition-weitere-gewuenschte-teilnehmer-freitext.html" : "WeitereGewuenschteTeilnehmerFreitext",
      "StructureDefinition-tumorsituation.html" : "Tumorsituation",
      "StructureDefinition-HistologieMolPatFreitext.html" : "HistologieMolPatFreitext",
      "StructureDefinition-pet-ct.html" : "PetCT",
      "StructureDefinition-praxis-pathologisches-institut-freitext.html" : "PraxisPathologischesInstitutFreitext",
      "StructureDefinition-medikamentoese-therapie-freitext.html" : "MedikamentöseTherapieFreitext",
      "StructureDefinition-skelettszintigraphie.html" : "Skelettszintigraphie",
      "StructureDefinition-fragestellung-tumorkonferenz-freitext.html" : "FragestellungTumorkonferenzFreitext",
      "StructureDefinition-FertilitaetsBehandlungEmpfohlen.html" : "FertilitaetsBehandlungEmpfohlen",
      "StructureDefinition-TNMFreitext.html" : "TNMFreitext",
      "StructureDefinition-ecog.html" : "ECOG",
      "StructureDefinition-StrahlenTherapieFreitext.html" : "StrahlenTherapieFreitext",
      "StructureDefinition-fragestellung-radiologie-freitext.html" : "FragestellungRadiologieFreitext",
      "StructureDefinition-histologische-typisierung-lunge.html" : "Histologische Typisierung Lunge",
      "StructureDefinition-relevante-nebendiagnosen-freitext.html" : "RelevanteNebendiagnosenFreitext",
      "StructureDefinition-Erstdiagnose.html" : "Erstdiagnose",
      "StructureDefinition-ct-mrt-schaedel.html" : "CT/MRT Schädel",
      "StructureDefinition-lungenfunktionstest.html" : "Lungenfunktionstest",
      "StructureDefinition-verlauf-freitext.html" : "VerlaufFreitext"
    },
    {
      "url" : "http://hl7.org/fhir/ValueSet/referencerange-meaning",
      "version" : "4.0.1",
      "status" : "draft",
      "name" : "ObservationReferenceRangeMeaningCodes",
      "title" : "Observation Reference Range Meaning Codes",
      "description" : "This value set defines a set of codes that can be used to indicate the meaning/use of a reference range for a particular target population.",
      "systems" : [
        "http://terminology.hl7.org/CodeSystem/referencerange-meaning"
      ],
      "oids" : ["2.16.840.1.113883.4.642.3.397"],
      "sources" : ["2.16.840.1.113883.4.642.3.397"],
      "uses" : {
      },
      "StructureDefinition-FreitextObservation.html" : "FreitextObservation",
      "StructureDefinition-bemerkung-freitext.html" : "BemerkungFreitext",
      "StructureDefinition-externe-bilder.html" : "ExterneBilder",
      "StructureDefinition-familienanamnese-drop-down.html" : "Familienanamnese DropDown",
      "StructureDefinition-MinimalObservation.html" : "MinimalObservation",
      "StructureDefinition-radiologie-bilder-freitext.html" : "RadiologieBilderFreitext",
      "StructureDefinition-DiagnoseFreitext.html" : "DiagnoseFreitext",
      "StructureDefinition-psa-verlauf-freitext.html" : "PsaVerlaufFreitext",
      "StructureDefinition-gewuenschte-teilnehmer.html" : "Gewünschte Teilnehmer",
      "StructureDefinition-OperativeTherapieFreitext.html" : "OperativeTherapieFreitext",
      "StructureDefinition-fragestellung-pathologie-freitext.html" : "FragestellungPathologieFreitext",
      "StructureDefinition-tumor-board-anmeldung.html" : "TumorBoardAnmeldung",
      "StructureDefinition-ct-mrt-abdomen.html" : "CT/MRT Abdomen",
      "StructureDefinition-weitere-gewuenschte-teilnehmer-freitext.html" : "WeitereGewuenschteTeilnehmerFreitext",
      "StructureDefinition-tumorsituation.html" : "Tumorsituation",
      "StructureDefinition-HistologieMolPatFreitext.html" : "HistologieMolPatFreitext",
      "StructureDefinition-pet-ct.html" : "PetCT",
      "StructureDefinition-praxis-pathologisches-institut-freitext.html" : "PraxisPathologischesInstitutFreitext",
      "StructureDefinition-medikamentoese-therapie-freitext.html" : "MedikamentöseTherapieFreitext",
      "StructureDefinition-skelettszintigraphie.html" : "Skelettszintigraphie",
      "StructureDefinition-fragestellung-tumorkonferenz-freitext.html" : "FragestellungTumorkonferenzFreitext",
      "StructureDefinition-FertilitaetsBehandlungEmpfohlen.html" : "FertilitaetsBehandlungEmpfohlen",
      "StructureDefinition-TNMFreitext.html" : "TNMFreitext",
      "StructureDefinition-ecog.html" : "ECOG",
      "StructureDefinition-StrahlenTherapieFreitext.html" : "StrahlenTherapieFreitext",
      "StructureDefinition-fragestellung-radiologie-freitext.html" : "FragestellungRadiologieFreitext",
      "StructureDefinition-histologische-typisierung-lunge.html" : "Histologische Typisierung Lunge",
      "StructureDefinition-relevante-nebendiagnosen-freitext.html" : "RelevanteNebendiagnosenFreitext",
      "StructureDefinition-Erstdiagnose.html" : "Erstdiagnose",
      "StructureDefinition-ct-mrt-schaedel.html" : "CT/MRT Schädel",
      "StructureDefinition-lungenfunktionstest.html" : "Lungenfunktionstest",
      "StructureDefinition-verlauf-freitext.html" : "VerlaufFreitext"
    },
    {
      "url" : "http://hl7.org/fhir/ValueSet/search-entry-mode",
      "version" : "4.0.1",
      "status" : "active",
      "name" : "SearchEntryMode",
      "title" : "SearchEntryMode",
      "description" : "Why an entry is in the result set - whether it's included as a match or because of an _include requirement, or to convey information or warning information about the search process.",
      "systems" : ["http://hl7.org/fhir/search-entry-mode"],
      "oids" : ["2.16.840.1.113883.4.642.3.622"],
      "sources" : ["2.16.840.1.113883.4.642.3.622"],
      "uses" : {
      },
      "StructureDefinition-AnmeldeBundleMinimalFreitextProstata.html" : "AnmeldeBundleMinimalFreitextProstata",
      "StructureDefinition-AnmeldeBundleMinimalFreitextLunge.html" : "AnmeldeBundleMinimalFreitextLunge"
    },
    {
      "url" : "http://idg-rlp.de/fhir/tumorkonferenzen/ValueSet/befundstatust-vs",
      "version" : "0.1.0",
      "status" : "draft",
      "name" : "BefundstatusVS",
      "title" : "Befundstatus ValueSet",
      "description" : "ValueSet für die CT/MRT Befund mit den Antwortoptionen: auffällig, unauffällig, liegt nicht vor, unbekannt.",
      "systems" : [
        "http://idg-rlp.de/fhir/tumorkonferenzen/CodeSystem/CustomCodes"
      ],
      "uses" : {
      },
      "StructureDefinition-pet-ct.html" : "PetCT",
      "StructureDefinition-skelettszintigraphie.html" : "Skelettszintigraphie",
      "StructureDefinition-ct-mrt-abdomen.html" : "CT/MRT Abdomen",
      "StructureDefinition-ct-mrt-schaedel.html" : "CT/MRT Schädel",
      "StructureDefinition-lungenfunktionstest.html" : "Lungenfunktionstest"
    },
    {
      "url" : "http://idg-rlp.de/fhir/tumorkonferenzen/ValueSet/ecog-performance-status",
      "version" : "0.1.0",
      "status" : "draft",
      "name" : "ECOGPerformanceStatusVS",
      "title" : "ECOG",
      "description" : "ECOG Performance Status (Level 0-5).",
      "systems" : ["http://loinc.org"],
      "uses" : {
      },
      "StructureDefinition-ecog.html" : "ECOG"
    },
    {
      "url" : "http://idg-rlp.de/fhir/tumorkonferenzen/ValueSet/externe-bilder-vs",
      "version" : "0.1.0",
      "status" : "draft",
      "name" : "ExterneBilderVS",
      "title" : "Externe Bilder ValueSet",
      "description" : "ValueSet für externe Bilder mit den Antwortoptionen: sind eingelesen, werden elektronisch übermittelt, werden per Post gesendet.",
      "systems" : [
        "http://idg-rlp.de/fhir/tumorkonferenzen/CodeSystem/CustomCodes"
      ],
      "uses" : {
      },
      "StructureDefinition-externe-bilder.html" : "ExterneBilder"
    },
    {
      "url" : "http://idg-rlp.de/fhir/tumorkonferenzen/ValueSet/gewuenschte-teilnehmer-vs",
      "version" : "0.1.0",
      "status" : "draft",
      "name" : "GewuenschteTeilnehmerVS",
      "title" : "Gewünschte Teilnehmer ValueSet",
      "description" : "ValueSet mit den Antwortoptionen für gewünschte Teilnehmer in einem medizinischen Kontext.",
      "systems" : [
        "http://idg-rlp.de/fhir/tumorkonferenzen/CodeSystem/CustomCodes"
      ],
      "uses" : {
      },
      "StructureDefinition-gewuenschte-teilnehmer.html" : "Gewünschte Teilnehmer"
    },
    {
      "url" : "http://idg-rlp.de/fhir/tumorkonferenzen/ValueSet/histologische-typisierung-vs",
      "version" : "0.1.0",
      "status" : "draft",
      "name" : "HistologischeTypisierungVS",
      "title" : "Histologische Typisierung ValueSet",
      "description" : "ValueSet für die histologische Typisierung mit den Antwortoptionen: Unbekannt, SCLC, NSCLC, Sonstige.",
      "systems" : ["http://snomed.info/sct"],
      "uses" : {
      },
      "StructureDefinition-histologische-typisierung-lunge.html" : "Histologische Typisierung Lunge"
    },
    {
      "url" : "http://idg-rlp.de/fhir/tumorkonferenzen/ValueSet/ja-nein-beratung-vs",
      "version" : "0.1.0",
      "status" : "draft",
      "name" : "JaNeinBeratungVS",
      "title" : "Ja, Nein, Beratung schon erfolgt ValueSet",
      "description" : "Ein ValueSet mit den Codes für Ja, Nein und Beratung schon erfolgt.",
      "systems" : [
        "http://idg-rlp.de/fhir/tumorkonferenzen/CodeSystem/CustomCodes",
        "http://snomed.info/sct"
      ],
      "uses" : {
      },
      "StructureDefinition-FertilitaetsBehandlungEmpfohlen.html" : "FertilitaetsBehandlungEmpfohlen"
    },
    {
      "url" : "http://idg-rlp.de/fhir/tumorkonferenzen/ValueSet/ja-nein-unbekannt-vs",
      "version" : "0.1.0",
      "status" : "draft",
      "name" : "JaNeinUnbekanntVS",
      "title" : "Expanded Yes/No Indicator ValueSet",
      "description" : "Ein ValueSet, das die Konzepte Yes, No und Unknown aus dem ExpandedYesNoIndicator CodeSystem enthält",
      "systems" : ["http://snomed.info/sct"],
      "uses" : {
      },
      "StructureDefinition-tumor-board-anmeldung.html" : "TumorBoardAnmeldung"
    },
    {
      "url" : "http://idg-rlp.de/fhir/tumorkonferenzen/ValueSet/pos-neg-nask-vs",
      "version" : "0.1.0",
      "status" : "draft",
      "name" : "PosNegNaskVS",
      "title" : "PosNegNask",
      "description" : "PosNegNask",
      "systems" : [
        "http://terminology.hl7.org/CodeSystem/v3-NullFlavor",
        "http://snomed.info/sct"
      ],
      "uses" : {
      },
      "StructureDefinition-familienanamnese-drop-down.html" : "Familienanamnese DropDown"
    },
    {
      "url" : "http://idg-rlp.de/fhir/tumorkonferenzen/ValueSet/tumorsituation-vs",
      "version" : "0.1.0",
      "status" : "draft",
      "name" : "TumorsituationVS",
      "title" : "Tumorsituation ValueSet",
      "description" : "ValueSet für die Tumorsituation mit den Codes ED, LR, M, TV, S.",
      "systems" : [
        "http://idg-rlp.de/fhir/tumorkonferenzen/CodeSystem/tumorsituation-cs"
      ],
      "uses" : {
      },
      "StructureDefinition-tumorsituation.html" : "Tumorsituation"
    },
    {
      "url" : "http://terminology.hl7.org/ValueSet/v2-2.7-0360",
      "version" : "0360",
      "status" : "active",
      "name" : "v2.0360.2.7",
      "title" : "v2 table 0360, Version 2.7",
      "description" : "FHIR Value set/code system definition for HL7 v2 table 0360 ver 2.9 ( Degree/License/Certificate)",
      "systems" : ["http://terminology.hl7.org/CodeSystem/v2-0360|2.7"],
      "uses" : {
      },
      "StructureDefinition-Anmelder.html" : "Anmelder"
    }
  ]
}
