{
  "resourceType" : "ValueSet",
  "id" : "ecog-performance-status",
  "text" : {
    "status" : "generated",
    "div" : "<div xmlns=\"http://www.w3.org/1999/xhtml\"><p class=\"res-header-id\"><b>Generated Narrative: ValueSet ecog-performance-status</b></p><a name=\"ecog-performance-status\"> </a><a name=\"hcecog-performance-status\"> </a><a name=\"ecog-performance-status-en-US\"> </a><ul><li>Include these codes as defined in <a href=\"http://loinc.org\"><code>http://loinc.org</code></a><table class=\"none\"><tr><td style=\"white-space:nowrap\"><b>Code</b></td><td><b>Display</b></td></tr><tr><td><a href=\"https://loinc.org/LA9622-7/\">LA9622-7</a></td><td>ECOG 0 (Normale, uneingeschränkte Aktivität wie vor der Erkrankung)</td></tr><tr><td><a href=\"https://loinc.org/LA9623-5/\">LA9623-5</a></td><td>ECOG 1: (Einschränkung bei körperlicher Anstrengung, aber gehfähig; leichte körperliche Arbeit bzw. Arbeit im Sitzen)</td></tr><tr><td><a href=\"https://loinc.org/LA9624-3/\">LA9624-3</a></td><td>ECOG 2: (Gehfähig, Selbstversorgung möglich, aber nicht arbeitsfähig; kann mehr als 50% der Wachzeit aufstehen)</td></tr><tr><td><a href=\"https://loinc.org/LA9625-0/\">LA9625-0</a></td><td>ECOG 3: (Nur begrenzte Selbstversorgung möglich; ist 50% oder mehr der Wachzeit an Bett oder Stuhl gebunden)</td></tr><tr><td><a href=\"https://loinc.org/LA9626-8/\">LA9626-8</a></td><td>ECOG 4: (Völlig pflegebedürftig, keinerlei Selbstversorgung möglich; völlig an Bett oder Stuhl gebunden)</td></tr><tr><td><a href=\"https://loinc.org/LA9627-6/\">LA9627-6</a></td><td>ECOG 5: (Tod)</td></tr><tr><td><a href=\"https://loinc.org/LA4489-6/\">LA4489-6</a></td><td>ECOG Status unbekannt</td></tr></table></li></ul></div>"
  },
  "url" : "http://idg-rlp.de/fhir/tumorkonferenzen/ValueSet/ecog-performance-status",
  "version" : "0.1.0",
  "name" : "ECOGPerformanceStatusVS",
  "title" : "ECOG",
  "status" : "draft",
  "date" : "2025-02-09T15:43:55+00:00",
  "publisher" : "IDG Institut für digitale Gesundheitsdaten RLP gGmbH",
  "contact" : [{
    "name" : "IDG Institut für digitale Gesundheitsdaten RLP gGmbH",
    "telecom" : [{
      "system" : "url",
      "value" : "https://www.idg-rlp.de/"
    },
    {
      "system" : "email",
      "value" : "info@idg-rlp.de"
    }]
  }],
  "description" : "ECOG Performance Status (Level 0-5).",
  "compose" : {
    "include" : [{
      "system" : "http://loinc.org",
      "concept" : [{
        "code" : "LA9622-7",
        "display" : "ECOG 0 (Normale, uneingeschränkte Aktivität wie vor der Erkrankung)"
      },
      {
        "code" : "LA9623-5",
        "display" : "ECOG 1: (Einschränkung bei körperlicher Anstrengung, aber gehfähig; leichte körperliche Arbeit bzw. Arbeit im Sitzen)"
      },
      {
        "code" : "LA9624-3",
        "display" : "ECOG 2: (Gehfähig, Selbstversorgung möglich, aber nicht arbeitsfähig; kann mehr als 50% der Wachzeit aufstehen)"
      },
      {
        "code" : "LA9625-0",
        "display" : "ECOG 3: (Nur begrenzte Selbstversorgung möglich; ist 50% oder mehr der Wachzeit an Bett oder Stuhl gebunden)"
      },
      {
        "code" : "LA9626-8",
        "display" : "ECOG 4: (Völlig pflegebedürftig, keinerlei Selbstversorgung möglich; völlig an Bett oder Stuhl gebunden)"
      },
      {
        "code" : "LA9627-6",
        "display" : "ECOG 5: (Tod)"
      },
      {
        "code" : "LA4489-6",
        "display" : "ECOG Status unbekannt"
      }]
    }]
  }
}