<?xml version="1.0" encoding="UTF-8"?>

<ValueSet xmlns="http://hl7.org/fhir">
  <id value="tnm-stage-group-vs"/>
  <text>
    <status value="generated"/><div xmlns="http://www.w3.org/1999/xhtml"><p class="res-header-id"><b>Generated Narrative: ValueSet tnm-stage-group-vs</b></p><a name="tnm-stage-group-vs"> </a><a name="hctnm-stage-group-vs"> </a><a name="tnm-stage-group-vs-en-US"> </a><p>This value set includes codes based on the following rules:</p><ul><li>Include codes from<a href="http://www.snomed.org/"><code>http://snomed.info/sct</code></a> where concept  descends from 1222592004 (American Joint Committee on Cancer clinical stage group allowable value)</li><li>Include codes from<a href="http://www.snomed.org/"><code>http://snomed.info/sct</code></a> where concept  descends from 1222593009 (American Joint Committee on Cancer pathological stage group allowable value (qualifier value))</li><li>Include codes from<a href="http://www.snomed.org/"><code>http://snomed.info/sct</code></a> where concept  descends from 1222594003 (American Joint Committee on Cancer yp stage group allowable value (qualifier value))</li></ul></div>
  </text>
  <url value="http://idg-rlp.de/fhir/tumorkonferenzen/ValueSet/tnm-stage-group-vs"/>
  <version value="0.1.0"/>
  <name value="TNMStageGroupVS"/>
  <title value="TNM Stage Group Value Set"/>
  <status value="draft"/>
  <experimental value="false"/>
  <date value="2024-12-02T15:35:52+00:00"/>
  <publisher value="IDG Institut für digitale Gesundheitsdaten RLP gGmbH"/>
  <contact>
    <name value="IDG Institut für digitale Gesundheitsdaten RLP gGmbH"/>
    <telecom>
      <system value="url"/>
      <value value="https://www.idg-rlp.de/"/>
    </telecom>
    <telecom>
      <system value="email"/>
      <value value="info@idg-rlp.de"/>
    </telecom>
  </contact>
  <description value="Result values for cancer stage group using TNM staging. This value set contains SNOMED-CT equivalents of UICC codes for Stage Group, according to TNM staging rules."/>
  <copyright value="This value set includes content from SNOMED CT, which is copyright © 2002+ International Health Terminology Standards Development Organisation (IHTSDO), and distributed by agreement between IHTSDO and HL7. Implementer use of SNOMED CT is not covered by this agreement"/>
  <compose>
    <include>
      <system value="http://snomed.info/sct"/>
      <filter>
        <property value="concept"/>
        <op value="descendent-of"/>
        <value value="1222592004"/>
      </filter>
    </include>
    <include>
      <system value="http://snomed.info/sct"/>
      <filter>
        <property value="concept"/>
        <op value="descendent-of"/>
        <value value="1222593009"/>
      </filter>
    </include>
    <include>
      <system value="http://snomed.info/sct"/>
      <filter>
        <property value="concept"/>
        <op value="descendent-of"/>
        <value value="1222594003"/>
      </filter>
    </include>
  </compose>
</ValueSet>