{
  "resourceType" : "ValueSet",
  "id" : "HistoGradeVS",
  "text" : {
    "status" : "generated",
    "div" : "<div xmlns=\"http://www.w3.org/1999/xhtml\"><p class=\"res-header-id\"><b>Generated Narrative: ValueSet HistoGradeVS</b></p><a name=\"HistoGradeVS\"> </a><a name=\"hcHistoGradeVS\"> </a><a name=\"HistoGradeVS-en-US\"> </a><ul><li>Include all codes defined in <a href=\"CodeSystem-HistoGradeCS.html\"><code>http://idg-rlp.de/fhir/tumorkonferenzen/CodeSystem/HistoGradeCS</code></a></li></ul></div>"
  },
  "url" : "http://idg-rlp.de/fhir/tumorkonferenzen/ValueSet/HistoGradeVS",
  "version" : "0.1.0",
  "name" : "HistoGradeVS",
  "title" : "HistoGradeVS",
  "status" : "draft",
  "date" : "2024-12-02T15:35:52+00:00",
  "publisher" : "IDG Institut für digitale Gesundheitsdaten RLP gGmbH",
  "contact" : [{
    "name" : "IDG Institut für digitale Gesundheitsdaten RLP gGmbH",
    "telecom" : [{
      "system" : "url",
      "value" : "https://www.idg-rlp.de/"
    },
    {
      "system" : "email",
      "value" : "info@idg-rlp.de"
    }]
  }],
  "description" : "HistoGradeVS",
  "compose" : {
    "include" : [{
      "system" : "http://idg-rlp.de/fhir/tumorkonferenzen/CodeSystem/HistoGradeCS"
    }]
  }
}