{
  "resourceType" : "ValueSet",
  "id" : "tnm-stage-group-max-vs",
  "text" : {
    "status" : "generated",
    "div" : "<div xmlns=\"http://www.w3.org/1999/xhtml\"><p class=\"res-header-id\"><b>Generated Narrative: ValueSet tnm-stage-group-max-vs</b></p><a name=\"tnm-stage-group-max-vs\"> </a><a name=\"hctnm-stage-group-max-vs\"> </a><a name=\"tnm-stage-group-max-vs-en-US\"> </a><p>This value set includes codes based on the following rules:</p><ul><li>Import all the codes that are contained in <a href=\"ValueSet-tnm-stage-group-vs.html\">TNM Stage Group Value Set</a></li><li>Include all codes defined in <a href=\"CodeSystem-krebsstadium-cs.html\"><code>https://www.uicc.org/resources/tnm</code></a></li></ul></div>"
  },
  "url" : "http://idg-rlp.de/fhir/tumorkonferenzen/ValueSet/tnm-stage-group-max-vs",
  "version" : "0.1.0",
  "name" : "TNMStageGroupMaxVS",
  "title" : "TNM Stage Group Maximum Value Set",
  "status" : "draft",
  "experimental" : false,
  "date" : "2024-12-02T15:35:52+00:00",
  "publisher" : "IDG Institut für digitale Gesundheitsdaten RLP gGmbH",
  "contact" : [{
    "name" : "IDG Institut für digitale Gesundheitsdaten RLP gGmbH",
    "telecom" : [{
      "system" : "url",
      "value" : "https://www.idg-rlp.de/"
    },
    {
      "system" : "email",
      "value" : "info@idg-rlp.de"
    }]
  }],
  "description" : "Values for TNM stage group must be selected from this value set, which includes all codes from UICC and all codes from TNMStageGroupVS.",
  "compose" : {
    "include" : [{
      "valueSet" : ["http://idg-rlp.de/fhir/tumorkonferenzen/ValueSet/tnm-stage-group-vs"]
    },
    {
      "system" : "https://www.uicc.org/resources/tnm"
    }]
  }
}