<?xml version="1.0" encoding="UTF-8"?>

<ValueSet xmlns="http://hl7.org/fhir">
  <id value="pos-neg-nask-vs"/>
  <text>
    <status value="extensions"/><div xmlns="http://www.w3.org/1999/xhtml"><p class="res-header-id"><b>Generated Narrative: ValueSet pos-neg-nask-vs</b></p><a name="pos-neg-nask-vs"> </a><a name="hcpos-neg-nask-vs"> </a><a name="pos-neg-nask-vs-en-US"> </a><p>This value set includes codes based on the following rules:</p><ul><li>Include these codes as defined in <a href="http://www.snomed.org/"><code>http://snomed.info/sct</code></a><table class="none"><tr><td style="white-space:nowrap"><b>Code</b></td><td><b>Display</b></td></tr><tr><td><a href="http://snomed.info/id/10828004">10828004</a></td><td>Positive</td></tr><tr><td><a href="http://snomed.info/id/260385009">260385009</a></td><td>Negative</td></tr></table></li><li>Include these codes as defined in <a href="http://terminology.hl7.org/6.1.0/CodeSystem-v3-NullFlavor.html"><code>http://terminology.hl7.org/CodeSystem/v3-NullFlavor</code></a><table class="none"><tr><td style="white-space:nowrap"><b>Code</b></td><td><b>Display</b></td><td><b>Definition</b></td></tr><tr><td><a href="http://terminology.hl7.org/6.1.0/CodeSystem-v3-NullFlavor.html#v3-NullFlavor-NASK">NASK</a></td><td>This information has not been sought (e.g., patient was not asked)</td><td>This information has not been sought (e.g., patient was not asked)</td></tr></table></li></ul></div>
  </text>
  <url value="http://idg-rlp.de/fhir/tumorkonferenzen/ValueSet/pos-neg-nask-vs"/>
  <version value="0.1.0"/>
  <name value="PosNegNaskVS"/>
  <title value="PosNegNask"/>
  <status value="draft"/>
  <date value="2025-04-28T11:03:49+00:00"/>
  <publisher value="IDG Institut für digitale Gesundheitsdaten RLP gGmbH"/>
  <contact>
    <name value="IDG Institut für digitale Gesundheitsdaten RLP gGmbH"/>
    <telecom>
      <system value="url"/>
      <value value="https://www.idg-rlp.de/"/>
    </telecom>
    <telecom>
      <system value="email"/>
      <value value="info@idg-rlp.de"/>
    </telecom>
  </contact>
  <description value="PosNegNask"/>
  <compose>
    <include>
      <system value="http://snomed.info/sct"/>
      <concept>
        <code value="10828004"/>
        <display value="Positive"/>
      </concept>
      <concept>
        <code value="260385009"/>
        <display value="Negative"/>
      </concept>
    </include>
    <include>
      <system value="http://terminology.hl7.org/CodeSystem/v3-NullFlavor"/>
      <concept>
        <code value="NASK"/>
        <display value="This information has not been sought (e.g., patient was not asked)"/>
      </concept>
    </include>
  </compose>
</ValueSet>