{
  "resourceType" : "ValueSet",
  "id" : "externe-bilder-vs",
  "text" : {
    "status" : "generated",
    "div" : "<div xmlns=\"http://www.w3.org/1999/xhtml\"><p class=\"res-header-id\"><b>Generated Narrative: ValueSet externe-bilder-vs</b></p><a name=\"externe-bilder-vs\"> </a><a name=\"hcexterne-bilder-vs\"> </a><a name=\"externe-bilder-vs-en-US\"> </a><ul><li>Include these codes as defined in <code>http://idg-rlp.de/fhir/tumorkonferenzen/CodeSystem/CustomCodes</code><table class=\"none\"><tr><td style=\"white-space:nowrap\"><b>Code</b></td><td><b>Display</b></td></tr><tr><td>eingelesen</td><td>sind eingelesen</td></tr><tr><td>elektronischUebermittelt</td><td>werden elektronisch übermittelt</td></tr><tr><td>perPostGesendet</td><td>werden per Post gesendet</td></tr></table></li></ul></div>"
  },
  "url" : "http://idg-rlp.de/fhir/tumorkonferenzen/ValueSet/externe-bilder-vs",
  "version" : "0.1.0",
  "name" : "ExterneBilderVS",
  "title" : "Externe Bilder ValueSet",
  "status" : "draft",
  "date" : "2024-09-18T11:11:15+00:00",
  "publisher" : "IDG Institut für digitale Gesundheitsdaten RLP gGmbH",
  "contact" : [{
    "name" : "IDG Institut für digitale Gesundheitsdaten RLP gGmbH",
    "telecom" : [{
      "system" : "url",
      "value" : "https://www.idg-rlp.de/"
    },
    {
      "system" : "email",
      "value" : "info@idg-rlp.de"
    }]
  }],
  "description" : "ValueSet für externe Bilder mit den Antwortoptionen: sind eingelesen, werden elektronisch übermittelt, werden per Post gesendet.",
  "compose" : {
    "include" : [{
      "system" : "http://idg-rlp.de/fhir/tumorkonferenzen/CodeSystem/CustomCodes",
      "concept" : [{
        "code" : "eingelesen",
        "display" : "sind eingelesen"
      },
      {
        "code" : "elektronischUebermittelt",
        "display" : "werden elektronisch übermittelt"
      },
      {
        "code" : "perPostGesendet",
        "display" : "werden per Post gesendet"
      }]
    }]
  }
}