{"resourceType":"CodeSystem","id":"Lymphgefaessinvasion-cs","text":{"status":"generated","div":"<div xmlns=\"http://www.w3.org/1999/xhtml\"><p>This  code system <code>http://idg-rlp.de/fhir/tumorkonferenzen/CodeSystem/Lymphgefaessinvasion-cs</code> defines the following codes:</p><table class=\"codes\"><tr><td style=\"white-space:nowrap\"><b>Code</b></td><td><b>Display</b></td></tr><tr><td style=\"white-space:nowrap\">LX<a name=\"Lymphgefaessinvasion-cs-LX\"> </a></td><td>Lymphgefäßinvasion kann nicht beurteilt werden</td></tr><tr><td style=\"white-space:nowrap\">L0<a name=\"Lymphgefaessinvasion-cs-L0\"> </a></td><td>Keine Lymphgefäßinvasion</td></tr><tr><td style=\"white-space:nowrap\">L1<a name=\"Lymphgefaessinvasion-cs-L1\"> </a></td><td>Lymphgefäßinvasion</td></tr></table></div>"},"url":"http://idg-rlp.de/fhir/tumorkonferenzen/CodeSystem/Lymphgefaessinvasion-cs","version":"0.1.0","name":"LymphgefaessinvasionCS","title":"Lymphgefäßinvasion CodeSystem","status":"draft","date":"2024-05-28T11:23:31+00:00","publisher":"IDG Institut für digitale Gesundheitsdaten RLP gGmbH","contact":[{"name":"IDG Institut für digitale Gesundheitsdaten RLP gGmbH","telecom":[{"system":"url","value":"https://www.idg-rlp.de/"},{"system":"email","value":"info@idg-rlp.de"}]}],"description":"LymphgefäßinvasionCS","content":"complete","count":3,"concept":[{"code":"LX","display":"Lymphgefäßinvasion kann nicht beurteilt werden"},{"code":"L0","display":"Keine Lymphgefäßinvasion"},{"code":"L1","display":"Lymphgefäßinvasion"}]}