{"resourceType":"CodeSystem","id":"perineurale-invasion-cs","text":{"status":"generated","div":"<div xmlns=\"http://www.w3.org/1999/xhtml\"><p>This  code system <code>http://idg-rlp.de/fhir/tumorkonferenzen/CodeSystem/perineurale-invasion-cs</code> defines the following codes:</p><table class=\"codes\"><tr><td style=\"white-space:nowrap\"><b>Code</b></td><td><b>Display</b></td></tr><tr><td style=\"white-space:nowrap\">PNX<a name=\"perineurale-invasion-cs-PNX\"> </a></td><td>Perineurale Invasion kann nicht beurteilt werden</td></tr><tr><td style=\"white-space:nowrap\">PN0<a name=\"perineurale-invasion-cs-PN0\"> </a></td><td>Keine perineurale Invasion</td></tr><tr><td style=\"white-space:nowrap\">PN1<a name=\"perineurale-invasion-cs-PN1\"> </a></td><td>Perineurale Invasion</td></tr></table></div>"},"url":"http://idg-rlp.de/fhir/tumorkonferenzen/CodeSystem/perineurale-invasion-cs","version":"0.1.0","name":"PerineuraleInvasionCS","title":"Perineurale Invasion CodeSystem","status":"draft","date":"2024-05-28T11:48:18+00:00","publisher":"IDG Institut für digitale Gesundheitsdaten RLP gGmbH","contact":[{"name":"IDG Institut für digitale Gesundheitsdaten RLP gGmbH","telecom":[{"system":"url","value":"https://www.idg-rlp.de/"},{"system":"email","value":"info@idg-rlp.de"}]}],"description":"PerineuraleInvasionCS","content":"complete","count":3,"concept":[{"code":"PNX","display":"Perineurale Invasion kann nicht beurteilt werden"},{"code":"PN0","display":"Keine perineurale Invasion"},{"code":"PN1","display":"Perineurale Invasion"}]}