{"resourceType":"ValueSet","id":"krebsstadium-vs","text":{"status":"generated","div":"<div xmlns=\"http://www.w3.org/1999/xhtml\"><p class=\"res-header-id\"><b>Generated Narrative: ValueSet krebsstadium-vs</b></p><a name=\"krebsstadium-vs\"> </a><a name=\"hckrebsstadium-vs\"> </a><a name=\"krebsstadium-vs-en-US\"> </a><ul><li>Include all codes defined in <a href=\"CodeSystem-krebsstadium-cs.html\"><code>https://www.uicc.org/resources/tnm</code></a></li></ul></div>"},"url":"http://idg-rlp.de/fhir/tumorkonferenzen/ValueSet/krebsstadium-vs","version":"0.1.0","name":"KrebsstadiumVS","title":"Krebsstadium ValueSet","status":"draft","date":"2024-09-18T10:41:35+00:00","publisher":"IDG Institut für digitale Gesundheitsdaten RLP gGmbH","contact":[{"name":"IDG Institut für digitale Gesundheitsdaten RLP gGmbH","telecom":[{"system":"url","value":"https://www.idg-rlp.de/"},{"system":"email","value":"info@idg-rlp.de"}]}],"description":"KrebsstadiumVS","compose":{"include":[{"system":"https://www.uicc.org/resources/tnm"}]}}