{"resourceType":"ValueSet","id":"cancer-staging-type-vs","text":{"status":"generated","div":"<div xmlns=\"http://www.w3.org/1999/xhtml\"><p class=\"res-header-id\"><b>Generated Narrative: ValueSet cancer-staging-type-vs</b></p><a name=\"cancer-staging-type-vs\"> </a><a name=\"hccancer-staging-type-vs\"> </a><a name=\"cancer-staging-type-vs-en-US\"> </a><ul><li>Include codes from<a href=\"http://www.snomed.org/\"><code>http://snomed.info/sct</code></a> where concept  descends from 371508000 (Tumor stage (observable entity))</li></ul></div>"},"url":"http://idg-rlp.de/fhir/tumorkonferenzen/ValueSet/cancer-staging-type-vs","version":"0.1.0","name":"CancerStagingTypeVS","title":"Cancer Staging Type Value Set","status":"draft","experimental":false,"date":"2024-10-31T11:09:37+00:00","publisher":"IDG Institut für digitale Gesundheitsdaten RLP gGmbH","contact":[{"name":"IDG Institut für digitale Gesundheitsdaten RLP gGmbH","telecom":[{"system":"url","value":"https://www.idg-rlp.de/"},{"system":"email","value":"info@idg-rlp.de"}]}],"description":"Identifying codes for the type of cancer staging performed. In terms of the SNOMED CT hierarchy, these codes represent observables.","copyright":"This value set includes content from SNOMED CT, which is copyright © 2002+ International Health Terminology Standards Development Organisation (IHTSDO), and distributed by agreement between IHTSDO and HL7. Implementer use of SNOMED CT is not covered by this agreement","compose":{"include":[{"system":"http://snomed.info/sct","filter":[{"property":"concept","op":"descendent-of","value":"371508000"}]}]}}