{"resourceType":"ValueSet","id":"tnm-distant-metastases-staging-type-vs","text":{"status":"generated","div":"<div xmlns=\"http://www.w3.org/1999/xhtml\"><ul><li>Include these codes as defined in <a href=\"http://loinc.org\"><code>http://loinc.org</code></a><table class=\"none\"><tr><td style=\"white-space:nowrap\"><b>Code</b></td><td><b>Display</b></td></tr><tr><td><a href=\"https://loinc.org/21907-1/\">21907-1</a></td><td>Distant metastases.clinical [Class] Cancer</td></tr><tr><td><a href=\"https://loinc.org/21901-4/\">21901-4</a></td><td>Distant metastases.pathology [Class] Cancer</td></tr><tr><td><a href=\"https://loinc.org/21913-9/\">21913-9</a></td><td>Distant metastases.other [Class] Cancer</td></tr></table></li></ul></div>"},"url":"http://idg-rlp.de/fhir/tumorkonferenzen/ValueSet/tnm-distant-metastases-staging-type-vs","version":"0.1.0","name":"TNMDistantMetastasesStagingTypeVS","title":"TNM Distant Metastases Staging Type Value Set","status":"draft","experimental":false,"date":"2024-04-08T16:58:24+00:00","publisher":"IDG Institut für digitale Gesundheitsdaten RLP gGmbH","contact":[{"name":"IDG Institut für digitale Gesundheitsdaten RLP gGmbH","telecom":[{"system":"url","value":"https://www.idg-rlp.de/"},{"system":"email","value":"info@idg-rlp.de"}]}],"description":"Identifying codes for the type of cancer staging performed, i.e., clinical, pathological, or other, for distant metastases (M) staging observation.","copyright":"This material contains content from LOINC (http://loinc.org). LOINC is copyright © 1995-2020, Regenstrief Institute, Inc. and the Logical Observation Identifiers Names and Codes (LOINC) Committee and is available at no cost under the license at http://loinc.org/license. LOINC® is a registered United States trademark of Regenstrief Institute, Inc","compose":{"include":[{"system":"http://loinc.org","concept":[{"code":"21907-1","display":"Distant metastases.clinical [Class] Cancer"},{"code":"21901-4","display":"Distant metastases.pathology [Class] Cancer"},{"code":"21913-9","display":"Distant metastases.other [Class] Cancer"}]}]}}