{"resourceType":"ValueSet","id":"cancer-stage-group-vs","text":{"status":"generated","div":"<div xmlns=\"http://www.w3.org/1999/xhtml\"><p class=\"res-header-id\"><b>Generated Narrative: ValueSet cancer-stage-group-vs</b></p><a name=\"cancer-stage-group-vs\"> </a><a name=\"hccancer-stage-group-vs\"> </a><a name=\"cancer-stage-group-vs-en-US\"> </a><p>This value set includes codes based on the following rules:</p><ul><li>Include codes from<a href=\"http://www.snomed.org/\"><code>http://snomed.info/sct</code></a> where concept  descends from 1222585009 (American Joint Committee on Cancer clinical T category allowable value (qualifier value))</li><li>Include codes from<a href=\"http://www.snomed.org/\"><code>http://snomed.info/sct</code></a> where concept  descends from 1222587001 (American Joint Committee on Cancer clinical M category allowable value (qualifier value))</li><li>Include codes from<a href=\"http://www.snomed.org/\"><code>http://snomed.info/sct</code></a> where concept  descends from 1222588006 (American Joint Committee on Cancer clinical N category allowable value (qualifier value))</li><li>Include codes from<a href=\"http://www.snomed.org/\"><code>http://snomed.info/sct</code></a> where concept  descends from 1222589003 (American Joint Committee on Cancer pathological T category allowable value (qualifier value))</li><li>Include codes from<a href=\"http://www.snomed.org/\"><code>http://snomed.info/sct</code></a> where concept  descends from 1222590007 (American Joint Committee on Cancer pathological N category allowable value (qualifier value))</li><li>Include codes from<a href=\"http://www.snomed.org/\"><code>http://snomed.info/sct</code></a> where concept  descends from 1222591006 (American Joint Committee on Cancer pathological M category allowable value (qualifier value))</li><li>Include codes from<a href=\"http://www.snomed.org/\"><code>http://snomed.info/sct</code></a> where concept  descends from 1222592004 (American Joint Committee on Cancer clinical stage group allowable value)</li><li>Include codes from<a href=\"http://www.snomed.org/\"><code>http://snomed.info/sct</code></a> where concept  descends from 1222593009 (American Joint Committee on Cancer pathological stage group allowable value (qualifier value))</li><li>Include codes from<a href=\"http://www.snomed.org/\"><code>http://snomed.info/sct</code></a> where concept  descends from 1222594003 (American Joint Committee on Cancer yp stage group allowable value (qualifier value))</li><li>Include codes from<a href=\"http://www.snomed.org/\"><code>http://snomed.info/sct</code></a> where concept  descends from 1222595002 (American Joint Committee on Cancer ypT category allowable value (qualifier value))</li><li>Include codes from<a href=\"http://www.snomed.org/\"><code>http://snomed.info/sct</code></a> where concept  descends from 1222596001 (American Joint Committee on Cancer ypN category allowable value (qualifier value))</li><li>Include codes from<a href=\"http://www.snomed.org/\"><code>http://snomed.info/sct</code></a> where concept  descends from 1222598000 (American Joint Committee on Cancer clinical grade allowable value)</li><li>Include codes from<a href=\"http://www.snomed.org/\"><code>http://snomed.info/sct</code></a> where concept  descends from 1222599008 (American Joint Committee on Cancer pathological grade allowable value (qualifier value))</li><li>Include codes from<a href=\"http://www.snomed.org/\"><code>http://snomed.info/sct</code></a> where concept  descends from 1222600006 (American Joint Committee on Cancer yp grade allowable value)</li><li>Include codes from<a href=\"http://www.snomed.org/\"><code>http://snomed.info/sct</code></a> where concept  descends from 1222601005 (American Joint Committee on Cancer residual tumour allowable value)</li><li>Include codes from<a href=\"http://www.snomed.org/\"><code>http://snomed.info/sct</code></a> where concept  descends from 258318002 (Generic anatomical site tumor invasion status)</li><li>Include codes from<a href=\"http://www.snomed.org/\"><code>http://snomed.info/sct</code></a> where concept  descends from 258309004 (Generic lymph node tumor invasion status stage (tumor staging))</li><li>Include codes from<a href=\"http://www.snomed.org/\"><code>http://snomed.info/sct</code></a> where concept  descends from 258233007 (Generic tumor staging descriptor (tumor staging))</li><li>Include codes from<a href=\"http://www.snomed.org/\"><code>http://snomed.info/sct</code></a> where concept  descends from 258271004 (Specific tumor staging descriptor (tumor staging))</li><li>Include these codes as defined in <a href=\"http://www.snomed.org/\"><code>http://snomed.info/sct</code></a><table class=\"none\"><tr><td style=\"white-space:nowrap\"><b>Code</b></td><td><b>Display</b></td></tr><tr><td><a href=\"http://snomed.info/id/42114005\">42114005</a></td><td>Walter Reed stage 1 (tumor staging)</td></tr><tr><td><a href=\"http://snomed.info/id/15972002\">15972002</a></td><td>Walter Reed stage 2 (tumor staging)</td></tr><tr><td><a href=\"http://snomed.info/id/13808002\">13808002</a></td><td>Walter Reed stage 3 (tumor staging)</td></tr><tr><td><a href=\"http://snomed.info/id/74542008\">74542008</a></td><td>Walter Reed stage 4 (tumor staging)</td></tr><tr><td><a href=\"http://snomed.info/id/66470009\">66470009</a></td><td>Walter Reed stage 5 (tumor staging)</td></tr><tr><td><a href=\"http://snomed.info/id/83200007\">83200007</a></td><td>Walter Reed stage 6 (tumor staging)</td></tr></table></li></ul></div>"},"url":"http://idg-rlp.de/fhir/tumorkonferenzen/ValueSet/cancer-stage-group-vs","version":"0.1.0","name":"CancerStageVS","title":"Cancer Stage Group Value Set","status":"draft","experimental":false,"date":"2024-10-31T11:09:37+00:00","publisher":"IDG Institut für digitale Gesundheitsdaten RLP gGmbH","contact":[{"name":"IDG Institut für digitale Gesundheitsdaten RLP gGmbH","telecom":[{"system":"url","value":"https://www.idg-rlp.de/"},{"system":"email","value":"info@idg-rlp.de"}]}],"description":"The result of cancer staging, i.e., the stage or category of the cancer.","copyright":"This value set includes content from SNOMED CT, which is copyright © 2002+ International Health Terminology Standards Development Organisation (IHTSDO), and distributed by agreement between IHTSDO and HL7. Implementer use of SNOMED CT is not covered by this agreement","compose":{"include":[{"system":"http://snomed.info/sct","filter":[{"property":"concept","op":"descendent-of","value":"1222585009"}]},{"system":"http://snomed.info/sct","filter":[{"property":"concept","op":"descendent-of","value":"1222587001"}]},{"system":"http://snomed.info/sct","filter":[{"property":"concept","op":"descendent-of","value":"1222588006"}]},{"system":"http://snomed.info/sct","filter":[{"property":"concept","op":"descendent-of","value":"1222589003"}]},{"system":"http://snomed.info/sct","filter":[{"property":"concept","op":"descendent-of","value":"1222590007"}]},{"system":"http://snomed.info/sct","filter":[{"property":"concept","op":"descendent-of","value":"1222591006"}]},{"system":"http://snomed.info/sct","filter":[{"property":"concept","op":"descendent-of","value":"1222592004"}]},{"system":"http://snomed.info/sct","filter":[{"property":"concept","op":"descendent-of","value":"1222593009"}]},{"system":"http://snomed.info/sct","filter":[{"property":"concept","op":"descendent-of","value":"1222594003"}]},{"system":"http://snomed.info/sct","filter":[{"property":"concept","op":"descendent-of","value":"1222595002"}]},{"system":"http://snomed.info/sct","filter":[{"property":"concept","op":"descendent-of","value":"1222596001"}]},{"system":"http://snomed.info/sct","filter":[{"property":"concept","op":"descendent-of","value":"1222598000"}]},{"system":"http://snomed.info/sct","filter":[{"property":"concept","op":"descendent-of","value":"1222599008"}]},{"system":"http://snomed.info/sct","filter":[{"property":"concept","op":"descendent-of","value":"1222600006"}]},{"system":"http://snomed.info/sct","filter":[{"property":"concept","op":"descendent-of","value":"1222601005"}]},{"system":"http://snomed.info/sct","filter":[{"property":"concept","op":"descendent-of","value":"258318002"}]},{"system":"http://snomed.info/sct","filter":[{"property":"concept","op":"descendent-of","value":"258309004"}]},{"system":"http://snomed.info/sct","filter":[{"property":"concept","op":"descendent-of","value":"258233007"}]},{"system":"http://snomed.info/sct","filter":[{"property":"concept","op":"descendent-of","value":"258271004"}]},{"system":"http://snomed.info/sct","concept":[{"code":"42114005","display":"Walter Reed stage 1 (tumor staging)"},{"code":"15972002","display":"Walter Reed stage 2 (tumor staging)"},{"code":"13808002","display":"Walter Reed stage 3 (tumor staging)"},{"code":"74542008","display":"Walter Reed stage 4 (tumor staging)"},{"code":"66470009","display":"Walter Reed stage 5 (tumor staging)"},{"code":"83200007","display":"Walter Reed stage 6 (tumor staging)"}]}]}}