{"resourceType":"ValueSet","id":"veneninvasion-vs","text":{"status":"generated","div":"<div xmlns=\"http://www.w3.org/1999/xhtml\"><p class=\"res-header-id\"><b>Generated Narrative: ValueSet veneninvasion-vs</b></p><a name=\"veneninvasion-vs\"> </a><a name=\"hcveneninvasion-vs\"> </a><a name=\"veneninvasion-vs-en-US\"> </a><ul><li>Include all codes defined in <a href=\"CodeSystem-veneninvasion-cs.html\"><code>http://idg-rlp.de/fhir/tumorkonferenzen/CodeSystem/veneninvasion-cs</code></a></li></ul></div>"},"url":"http://idg-rlp.de/fhir/tumorkonferenzen/ValueSet/veneninvasion-vs","version":"0.1.0","name":"VeneninvasionVS","title":"Veneninvasion ValueSet","status":"draft","date":"2024-09-17T19:55:11+00:00","publisher":"IDG Institut für digitale Gesundheitsdaten RLP gGmbH","contact":[{"name":"IDG Institut für digitale Gesundheitsdaten RLP gGmbH","telecom":[{"system":"url","value":"https://www.idg-rlp.de/"},{"system":"email","value":"info@idg-rlp.de"}]}],"description":"VeneninvasionVS","compose":{"include":[{"system":"http://idg-rlp.de/fhir/tumorkonferenzen/CodeSystem/veneninvasion-cs"}]}}