{"resourceType":"ValueSet","id":"tnm-regional-nodes-category-max-vs","text":{"status":"generated","div":"<div xmlns=\"http://www.w3.org/1999/xhtml\"><p class=\"res-header-id\"><b>Generated Narrative: ValueSet tnm-regional-nodes-category-max-vs</b></p><a name=\"tnm-regional-nodes-category-max-vs\"> </a><a name=\"hctnm-regional-nodes-category-max-vs\"> </a><a name=\"tnm-regional-nodes-category-max-vs-en-US\"> </a><p>This value set includes codes based on the following rules:</p><ul><li>Import all the codes that are contained in <a href=\"ValueSet-tnm-regional-nodes-category-vs.html\">TNM Regional Nodes Category Value Set</a></li><li>Include all codes defined in <a href=\"CodeSystem-krebsstadium-cs.html\"><code>https://www.uicc.org/resources/tnm</code></a></li></ul></div>"},"url":"http://idg-rlp.de/fhir/tumorkonferenzen/ValueSet/tnm-regional-nodes-category-max-vs","version":"0.1.0","name":"TNMRegionalNodesCategoryMaxVS","title":"TNM Regional Nodes Maximum Value Set","status":"draft","experimental":false,"date":"2024-09-17T19:55:11+00:00","publisher":"IDG Institut für digitale Gesundheitsdaten RLP gGmbH","contact":[{"name":"IDG Institut für digitale Gesundheitsdaten RLP gGmbH","telecom":[{"system":"url","value":"https://www.idg-rlp.de/"},{"system":"email","value":"info@idg-rlp.de"}]}],"description":"Values for TNM regional nodes category must be selected from this value set, which includes all codes from UICC and all codes from TNMRegionalNodesCategoryVS.","compose":{"include":[{"valueSet":["http://idg-rlp.de/fhir/tumorkonferenzen/ValueSet/tnm-regional-nodes-category-vs"]},{"system":"https://www.uicc.org/resources/tnm"}]}}