{"resourceType":"ValueSet","id":"perineurale-invasion-vs","text":{"status":"generated","div":"<div xmlns=\"http://www.w3.org/1999/xhtml\"><p class=\"res-header-id\"><b>Generated Narrative: ValueSet perineurale-invasion-vs</b></p><a name=\"perineurale-invasion-vs\"> </a><a name=\"hcperineurale-invasion-vs\"> </a><a name=\"perineurale-invasion-vs-en-US\"> </a><ul><li>Include all codes defined in <a href=\"CodeSystem-perineurale-invasion-cs.html\"><code>http://idg-rlp.de/fhir/tumorkonferenzen/CodeSystem/perineurale-invasion-cs</code></a></li></ul></div>"},"url":"http://idg-rlp.de/fhir/tumorkonferenzen/ValueSet/perineurale-invasion-vs","version":"0.1.0","name":"PerineuraleInvasionVS","title":"Perineurale Invasion ValueSet","status":"draft","date":"2024-10-31T11:09:58+00:00","publisher":"IDG Institut für digitale Gesundheitsdaten RLP gGmbH","contact":[{"name":"IDG Institut für digitale Gesundheitsdaten RLP gGmbH","telecom":[{"system":"url","value":"https://www.idg-rlp.de/"},{"system":"email","value":"info@idg-rlp.de"}]}],"description":"PerineuraleInvasionVS","compose":{"include":[{"system":"http://idg-rlp.de/fhir/tumorkonferenzen/CodeSystem/perineurale-invasion-cs"}]}}