{"resourceType":"ValueSet","id":"multiple-primaer-tumoren-vs","text":{"status":"generated","div":"<div xmlns=\"http://www.w3.org/1999/xhtml\"><p class=\"res-header-id\"><b>Generated Narrative: ValueSet multiple-primaer-tumoren-vs</b></p><a name=\"multiple-primaer-tumoren-vs\"> </a><a name=\"hcmultiple-primaer-tumoren-vs\"> </a><a name=\"multiple-primaer-tumoren-vs-en-US\"> </a><ul><li>Include all codes defined in <a href=\"CodeSystem-multiple-primaer-tumoren-cs.html\"><code>http://idg-rlp.de/fhir/tumorkonferenzen/CodeSystem/multiple-primaer-tumoren-cs</code></a></li></ul></div>"},"url":"http://idg-rlp.de/fhir/tumorkonferenzen/ValueSet/multiple-primaer-tumoren-vs","version":"0.1.0","name":"MultiplePrimaerTumorenVS","title":"Multiple PrimärTumoren ValueSet","status":"draft","date":"2024-09-18T10:41:35+00:00","publisher":"IDG Institut für digitale Gesundheitsdaten RLP gGmbH","contact":[{"name":"IDG Institut für digitale Gesundheitsdaten RLP gGmbH","telecom":[{"system":"url","value":"https://www.idg-rlp.de/"},{"system":"email","value":"info@idg-rlp.de"}]}],"description":"MultiplePrimärTumorenVS","compose":{"include":[{"system":"http://idg-rlp.de/fhir/tumorkonferenzen/CodeSystem/multiple-primaer-tumoren-cs"}]}}