{
  "resourceType" : "CodeSystem",
  "id" : "HistoGradeCS",
  "text" : {
    "status" : "generated",
    "div" : "<div xmlns=\"http://www.w3.org/1999/xhtml\"><p class=\"res-header-id\"><b>Generated Narrative: CodeSystem HistoGradeCS</b></p><a name=\"HistoGradeCS\"> </a><a name=\"hcHistoGradeCS\"> </a><a name=\"HistoGradeCS-en-US\"> </a><p>This  code system <code>http://idg-rlp.de/fhir/tumorkonferenzen/CodeSystem/HistoGradeCS</code> defines the following codes:</p><table class=\"codes\"><tr><td style=\"white-space:nowrap\"><b>Code</b></td><td><b>Display</b></td></tr><tr><td style=\"white-space:nowrap\">0<a name=\"HistoGradeCS-0\"> </a></td><td>Primär erworbene Melanose ohne zelluläre Atypien</td></tr><tr><td style=\"white-space:nowrap\">1<a name=\"HistoGradeCS-1\"> </a></td><td>Gut differenziert</td></tr><tr><td style=\"white-space:nowrap\">2<a name=\"HistoGradeCS-2\"> </a></td><td>Mäßig differenziert</td></tr><tr><td style=\"white-space:nowrap\">3<a name=\"HistoGradeCS-3\"> </a></td><td>Schlecht differenziert</td></tr><tr><td style=\"white-space:nowrap\">4<a name=\"HistoGradeCS-4\"> </a></td><td>Undifferenziert</td></tr><tr><td style=\"white-space:nowrap\">5<a name=\"HistoGradeCS-5\"> </a></td><td>Nur für C61, TNM8</td></tr><tr><td style=\"white-space:nowrap\">X<a name=\"HistoGradeCS-X\"> </a></td><td>Nicht bestimmbar</td></tr><tr><td style=\"white-space:nowrap\">L<a name=\"HistoGradeCS-L\"> </a></td><td>Low grade (G1 oder G2)</td></tr><tr><td style=\"white-space:nowrap\">M<a name=\"HistoGradeCS-M\"> </a></td><td>Intermediate grade (G2 oder G3)</td></tr><tr><td style=\"white-space:nowrap\">H<a name=\"HistoGradeCS-H\"> </a></td><td>High grade (G3 oder G4)</td></tr><tr><td style=\"white-space:nowrap\">B<a name=\"HistoGradeCS-B\"> </a></td><td>Borderline</td></tr><tr><td style=\"white-space:nowrap\">U<a name=\"HistoGradeCS-U\"> </a></td><td>Unbekannt</td></tr><tr><td style=\"white-space:nowrap\">T<a name=\"HistoGradeCS-T\"> </a></td><td>Trifft nicht zu</td></tr></table></div>"
  },
  "url" : "http://idg-rlp.de/fhir/tumorkonferenzen/CodeSystem/HistoGradeCS",
  "version" : "0.1.0",
  "name" : "HistoGradeCS",
  "title" : "Histopathologische Grading Codes oBDS",
  "status" : "draft",
  "date" : "2024-10-31T11:09:58+00:00",
  "publisher" : "IDG Institut für digitale Gesundheitsdaten RLP gGmbH",
  "contact" : [{
    "name" : "IDG Institut für digitale Gesundheitsdaten RLP gGmbH",
    "telecom" : [{
      "system" : "url",
      "value" : "https://www.idg-rlp.de/"
    },
    {
      "system" : "email",
      "value" : "info@idg-rlp.de"
    }]
  }],
  "description" : "oBDS Grading Codes",
  "content" : "complete",
  "count" : 13,
  "concept" : [{
    "code" : "0",
    "display" : "Primär erworbene Melanose ohne zelluläre Atypien"
  },
  {
    "code" : "1",
    "display" : "Gut differenziert"
  },
  {
    "code" : "2",
    "display" : "Mäßig differenziert"
  },
  {
    "code" : "3",
    "display" : "Schlecht differenziert"
  },
  {
    "code" : "4",
    "display" : "Undifferenziert"
  },
  {
    "code" : "5",
    "display" : "Nur für C61, TNM8"
  },
  {
    "code" : "X",
    "display" : "Nicht bestimmbar"
  },
  {
    "code" : "L",
    "display" : "Low grade (G1 oder G2)"
  },
  {
    "code" : "M",
    "display" : "Intermediate grade (G2 oder G3)"
  },
  {
    "code" : "H",
    "display" : "High grade (G3 oder G4)"
  },
  {
    "code" : "B",
    "display" : "Borderline"
  },
  {
    "code" : "U",
    "display" : "Unbekannt"
  },
  {
    "code" : "T",
    "display" : "Trifft nicht zu"
  }]
}