{
  "resourceType" : "CodeSystem",
  "id" : "ResidualstatusCS",
  "text" : {
    "status" : "generated",
    "div" : "<div xmlns=\"http://www.w3.org/1999/xhtml\"><p class=\"res-header-id\"><b>Generated Narrative: CodeSystem ResidualstatusCS</b></p><a name=\"ResidualstatusCS\"> </a><a name=\"hcResidualstatusCS\"> </a><a name=\"ResidualstatusCS-en-US\"> </a><p>This  code system <code>http://idg-rlp.de/fhir/tumorkonferenzen/CodeSystem/ResidualstatusCS</code> defines the following codes:</p><table class=\"codes\"><tr><td style=\"white-space:nowrap\"><b>Code</b></td><td><b>Display</b></td></tr><tr><td style=\"white-space:nowrap\">R0<a name=\"ResidualstatusCS-R0\"> </a></td><td>Kein Residualtumor</td></tr><tr><td style=\"white-space:nowrap\">R1<a name=\"ResidualstatusCS-R1\"> </a></td><td>Mikroskopischer Residualtumor</td></tr><tr><td style=\"white-space:nowrap\">R1(is)<a name=\"ResidualstatusCS-R1.40is.41\"> </a></td><td>In-Situ-Rest</td></tr><tr><td style=\"white-space:nowrap\">R1(cy+)<a name=\"ResidualstatusCS-R1.40cy.43.41\"> </a></td><td>Cytologischer Rest</td></tr><tr><td style=\"white-space:nowrap\">R2<a name=\"ResidualstatusCS-R2\"> </a></td><td>Makroskopischer Residualtumor</td></tr><tr><td style=\"white-space:nowrap\">RX<a name=\"ResidualstatusCS-RX\"> </a></td><td>Vorhandensein von Residualtumor kann nicht beurteilt werden</td></tr><tr><td style=\"white-space:nowrap\">U<a name=\"ResidualstatusCS-U\"> </a></td><td>Residualtumorstatus ist nicht bekannt</td></tr></table></div>"
  },
  "url" : "http://idg-rlp.de/fhir/tumorkonferenzen/CodeSystem/ResidualstatusCS",
  "version" : "0.1.0",
  "name" : "ResidualstatusCS",
  "title" : "Onkologie Residualstatus CS",
  "status" : "draft",
  "date" : "2024-10-31T11:09:37+00:00",
  "publisher" : "IDG Institut für digitale Gesundheitsdaten RLP gGmbH",
  "contact" : [{
    "name" : "IDG Institut für digitale Gesundheitsdaten RLP gGmbH",
    "telecom" : [{
      "system" : "url",
      "value" : "https://www.idg-rlp.de/"
    },
    {
      "system" : "email",
      "value" : "info@idg-rlp.de"
    }]
  }],
  "description" : "oBDS-spezifisches Codesystem für R-Klassifikation",
  "content" : "complete",
  "count" : 7,
  "concept" : [{
    "code" : "R0",
    "display" : "Kein Residualtumor"
  },
  {
    "code" : "R1",
    "display" : "Mikroskopischer Residualtumor"
  },
  {
    "code" : "R1(is)",
    "display" : "In-Situ-Rest"
  },
  {
    "code" : "R1(cy+)",
    "display" : "Cytologischer Rest"
  },
  {
    "code" : "R2",
    "display" : "Makroskopischer Residualtumor"
  },
  {
    "code" : "RX",
    "display" : "Vorhandensein von Residualtumor kann nicht beurteilt werden"
  },
  {
    "code" : "U",
    "display" : "Residualtumorstatus ist nicht bekannt"
  }]
}