{
  "resourceType" : "CodeSystem",
  "id" : "multiple-primaer-tumoren-cs",
  "text" : {
    "status" : "generated",
    "div" : "<div xmlns=\"http://www.w3.org/1999/xhtml\"><p>This  code system <code>http://idg-rlp.de/fhir/tumorkonferenzen/CodeSystem/multiple-primaer-tumoren-cs</code> defines the following codes:</p><table class=\"codes\"><tr><td style=\"white-space:nowrap\"><b>Code</b></td><td><b>Display</b></td></tr><tr><td style=\"white-space:nowrap\">m<a name=\"multiple-primaer-tumoren-cs-m\"> </a></td><td>Kennzeichnet Vorhandensein multipler Primärtumoren in einem Bezirk</td></tr><tr><td style=\"white-space:nowrap\">2<a name=\"multiple-primaer-tumoren-cs-2\"> </a></td><td>(2) simultane Tumoren</td></tr><tr><td style=\"white-space:nowrap\">3<a name=\"multiple-primaer-tumoren-cs-3\"> </a></td><td>(3) simultane Tumoren</td></tr><tr><td style=\"white-space:nowrap\">4<a name=\"multiple-primaer-tumoren-cs-4\"> </a></td><td>(4) simultane Tumoren</td></tr><tr><td style=\"white-space:nowrap\">5<a name=\"multiple-primaer-tumoren-cs-5\"> </a></td><td>(5) simultane Tumoren</td></tr><tr><td style=\"white-space:nowrap\">6<a name=\"multiple-primaer-tumoren-cs-6\"> </a></td><td>(6) simultane Tumoren</td></tr><tr><td style=\"white-space:nowrap\">7<a name=\"multiple-primaer-tumoren-cs-7\"> </a></td><td>(7) simultane Tumoren</td></tr><tr><td style=\"white-space:nowrap\">8<a name=\"multiple-primaer-tumoren-cs-8\"> </a></td><td>(8) simultane Tumoren</td></tr><tr><td style=\"white-space:nowrap\">9<a name=\"multiple-primaer-tumoren-cs-9\"> </a></td><td>(9) simultane Tumoren</td></tr></table></div>"
  },
  "url" : "http://idg-rlp.de/fhir/tumorkonferenzen/CodeSystem/multiple-primaer-tumoren-cs",
  "version" : "0.1.0",
  "name" : "MultiplePrimaerTumorenCS",
  "title" : "Multiple PrimärTumoren CodeSystem",
  "status" : "draft",
  "date" : "2024-05-22T07:04:28+00:00",
  "publisher" : "IDG Institut für digitale Gesundheitsdaten RLP gGmbH",
  "contact" : [{
    "name" : "IDG Institut für digitale Gesundheitsdaten RLP gGmbH",
    "telecom" : [{
      "system" : "url",
      "value" : "https://www.idg-rlp.de/"
    },
    {
      "system" : "email",
      "value" : "info@idg-rlp.de"
    }]
  }],
  "description" : "MultiplePrimärTumorenCS",
  "content" : "complete",
  "count" : 9,
  "concept" : [{
    "code" : "m",
    "display" : "Kennzeichnet Vorhandensein multipler Primärtumoren in einem Bezirk"
  },
  {
    "code" : "2",
    "display" : "(2) simultane Tumoren"
  },
  {
    "code" : "3",
    "display" : "(3) simultane Tumoren"
  },
  {
    "code" : "4",
    "display" : "(4) simultane Tumoren"
  },
  {
    "code" : "5",
    "display" : "(5) simultane Tumoren"
  },
  {
    "code" : "6",
    "display" : "(6) simultane Tumoren"
  },
  {
    "code" : "7",
    "display" : "(7) simultane Tumoren"
  },
  {
    "code" : "8",
    "display" : "(8) simultane Tumoren"
  },
  {
    "code" : "9",
    "display" : "(9) simultane Tumoren"
  }]
}