{
  "resourceType" : "Condition",
  "id" : "ICD10GM-DiagnoseExample",
  "meta" : {
    "profile" : ["https://www.medizininformatik-initiative.de/fhir/ext/modul-onko/StructureDefinition/mii-pr-onko-diagnose-primaertumor"]
  },
  "text" : {
    "status" : "extensions",
    "div" : "<div xmlns=\"http://www.w3.org/1999/xhtml\"><p class=\"res-header-id\"><b>Generated Narrative: Condition ICD10GM-DiagnoseExample</b></p><a name=\"ICD10GM-DiagnoseExample\"> </a><a name=\"hcICD10GM-DiagnoseExample\"> </a><a name=\"ICD10GM-DiagnoseExample-en-US\"> </a><p><b>Condition Asserted Date</b>: 2020-02-16</p><p><b>MII EX Onko Histology Morphology Behavior ICDO3</b>: <span title=\"Codes:{http://terminology.hl7.org/CodeSystem/icd-o-3 8070/3}\">Plattenepithelkarzinom o.n.A.</span></p><p><b>clinicalStatus</b>: <span title=\"Codes:{http://terminology.hl7.org/CodeSystem/condition-clinical active}\">Active</span></p><p><b>verificationStatus</b>: <span title=\"Codes:{http://terminology.hl7.org/CodeSystem/condition-ver-status confirmed}, {https://www.medizininformatik-initiative.de/fhir/ext/modul-onko/CodeSystem/mii-cs-onko-primaertumor-diagnosesicherung 1}\">confirmed</span></p><p><b>code</b>: <span title=\"Codes:{http://fhir.de/CodeSystem/bfarm/icd-10-gm C34.0}\">Bösartige Neubildung der Bronchien und der Lunge: Hauptbronchus</span></p><p><b>bodySite</b>: <span title=\"Codes:{http://terminology.hl7.org/CodeSystem/icd-o-3 C34.0}, {http://snomed.info/sct 245508000}\">Hauptbronchus</span></p><p><b>subject</b>: <a href=\"Bundle-AnmeldeBundleMinimalFreitextLunge-Example.html#Patient_TumorPatientExample\">Bundle: type = collection</a></p><p><b>recordedDate</b>: 2020-02-16</p></div>"
  },
  "extension" : [{
    "url" : "http://hl7.org/fhir/StructureDefinition/condition-assertedDate",
    "valueDateTime" : "2020-02-16"
  },
  {
    "url" : "https://www.medizininformatik-initiative.de/fhir/ext/modul-onko/StructureDefinition/mii-ex-onko-histology-morphology-behavior-icdo3",
    "valueCodeableConcept" : {
      "coding" : [{
        "system" : "http://terminology.hl7.org/CodeSystem/icd-o-3",
        "code" : "8070/3",
        "display" : "Plattenepithelkarzinom o.n.A."
      }]
    }
  }],
  "clinicalStatus" : {
    "coding" : [{
      "system" : "http://terminology.hl7.org/CodeSystem/condition-clinical",
      "code" : "active"
    }]
  },
  "verificationStatus" : {
    "coding" : [{
      "system" : "http://terminology.hl7.org/CodeSystem/condition-ver-status",
      "code" : "confirmed",
      "display" : "confirmed"
    },
    {
      "system" : "https://www.medizininformatik-initiative.de/fhir/ext/modul-onko/CodeSystem/mii-cs-onko-primaertumor-diagnosesicherung",
      "code" : "1",
      "display" : "klinisch"
    }]
  },
  "code" : {
    "coding" : [{
      "extension" : [{
        "url" : "http://fhir.de/StructureDefinition/seitenlokalisation",
        "valueCoding" : {
          "system" : "https://fhir.kbv.de/CodeSystem/KBV_CS_SFHIR_ICD_SEITENLOKALISATION",
          "code" : "R",
          "display" : "rechts"
        }
      }],
      "system" : "http://fhir.de/CodeSystem/bfarm/icd-10-gm",
      "version" : "2025",
      "code" : "C34.0",
      "display" : "Bösartige Neubildung der Bronchien und der Lunge: Hauptbronchus"
    }]
  },
  "bodySite" : [{
    "coding" : [{
      "system" : "http://terminology.hl7.org/CodeSystem/icd-o-3",
      "code" : "C34.0",
      "display" : "Hauptbronchus"
    },
    {
      "system" : "http://snomed.info/sct",
      "code" : "245508000",
      "display" : "Entire main bronchus"
    }]
  }],
  "subject" : {
    "reference" : "Patient/TumorPatientExample"
  },
  "recordedDate" : "2020-02-16"
}