{
  "resourceType" : "Condition",
  "id" : "ExampleTumorDiagnose",
  "meta" : {
    "profile" : ["http://idg-rlp.de/fhir/tumorkonferenzen/StructureDefinition/TumorDiagnose"]
  },
  "text" : {
    "status" : "generated",
    "div" : "<div xmlns=\"http://www.w3.org/1999/xhtml\"><p class=\"res-header-id\"><b>Generated Narrative: Condition ExampleTumorDiagnose</b></p><a name=\"ExampleTumorDiagnose\"> </a><a name=\"hcExampleTumorDiagnose\"> </a><a name=\"ExampleTumorDiagnose-en-US\"> </a><p><b>clinicalStatus</b>: <span title=\"Codes:{http://terminology.hl7.org/CodeSystem/condition-clinical active}\">Active</span></p><p><b>verificationStatus</b>: <span title=\"Codes:{http://terminology.hl7.org/CodeSystem/condition-ver-status confirmed}, {https://fix.me/FIXME provisional}\">Confirmed</span></p><p><b>code</b>: <span title=\"Codes:{http://fhir.de/CodeSystem/bfarm/icd-10-gm C34.1}\">Malignant neoplasm of upper lobe, bronchus or lung</span></p><p><b>bodySite</b>: <span title=\"Codes:{http://snomed.info/sct 39607008}\">39607008</span></p><p><b>subject</b>: <a href=\"Patient-TumorPatient-example-1.html\">Martina Mustermann (official) Female, DoB: 1965-04-03 ( Gesetzliche Krankenversicherung)</a></p><p><b>onset</b>: 2023-05-20 00:00:00+0000</p><p><b>note</b>: Primary tumor diagnosed with no previous history of tumors.</p></div>"
  },
  "clinicalStatus" : {
    "coding" : [{
      "system" : "http://terminology.hl7.org/CodeSystem/condition-clinical",
      "code" : "active"
    }]
  },
  "verificationStatus" : {
    "coding" : [{
      "system" : "http://terminology.hl7.org/CodeSystem/condition-ver-status",
      "code" : "confirmed"
    },
    {
      "system" : "https://fix.me/FIXME",
      "code" : "provisional"
    }]
  },
  "code" : {
    "coding" : [{
      "extension" : [{
        "url" : "http://fhir.de/StructureDefinition/seitenlokalisation",
        "valueCoding" : {
          "system" : "https://fhir.kbv.de/CodeSystem/KBV_CS_SFHIR_ICD_SEITENLOKALISATION",
          "code" : "L"
        }
      }],
      "system" : "http://fhir.de/CodeSystem/bfarm/icd-10-gm",
      "version" : "2024",
      "code" : "C34.1",
      "display" : "Bösartige Neubildung: Oberlappen (-Bronchus)"
    }],
    "text" : "Malignant neoplasm of upper lobe, bronchus or lung"
  },
  "bodySite" : [{
    "coding" : [{
      "system" : "http://snomed.info/sct",
      "version" : "2023",
      "code" : "39607008"
    }]
  }],
  "subject" : {
    "reference" : "Patient/TumorPatient-example-1"
  },
  "onsetDateTime" : "2023-05-20T00:00:00Z",
  "note" : [{
    "text" : "Primary tumor diagnosed with no previous history of tumors."
  }]
}