{
  "resourceType" : "Observation",
  "id" : "TNMStageGroupClinicalExample",
  "meta" : {
    "profile" : ["http://idg-rlp.de/fhir/tumorkonferenzen/StructureDefinition/tnm-stage-group"]
  },
  "text" : {
    "status" : "generated",
    "div" : "<div xmlns=\"http://www.w3.org/1999/xhtml\"><p class=\"res-header-id\"><b>Generated Narrative: Observation TNMStageGroupClinicalExample</b></p><a name=\"TNMStageGroupClinicalExample\"> </a><a name=\"hcTNMStageGroupClinicalExample\"> </a><a name=\"TNMStageGroupClinicalExample-en-US\"> </a><p><b>status</b>: Final</p><p><b>code</b>: <span title=\"Codes:{http://loinc.org 21908-9}\">Stage group.clinical Cancer</span></p><p><b>subject</b>: <a href=\"Patient-TumorPatient-example-1.html\">Martina Mustermann (official) Female, DoB: 1965-04-03 ( Gesetzliche Krankenversicherung)</a></p><p><b>focus</b>: <a href=\"https://simplifier.net/resolve?scope=de.basisprofil.r4@1.5.0&amp;canonical=http://fhir.org/packages/de.basisprofil.r4/Condition/example\">??</a></p><p><b>effective</b>: 2024-05-27 12:00:00+0000</p><p><b>value</b>: <span title=\"Codes:{https://www.uicc.org/resources/tnm II}\">Stadium II</span></p><p><b>method</b>: <span title=\"Codes:{http://snomed.info/sct 443830009}\">Example TNM Staging Method</span></p><p><b>hasMember</b>: </p><ul><li><a href=\"https://simplifier.net/resolve?scope=de.basisprofil.r4@1.5.0&amp;canonical=http://fhir.org/packages/de.basisprofil.r4/Observation/tnm-primary-tumor-category\">TNM Primary Tumor Category</a></li><li><a href=\"https://simplifier.net/resolve?scope=de.basisprofil.r4@1.5.0&amp;canonical=http://fhir.org/packages/de.basisprofil.r4/Observation/tnm-regional-nodes-category\">TNM Regional Nodes Category</a></li><li><a href=\"https://simplifier.net/resolve?scope=de.basisprofil.r4@1.5.0&amp;canonical=http://fhir.org/packages/de.basisprofil.r4/Observation/tnm-distant-metastases-category\">TNM Distant Metastases Category</a></li><li><a href=\"https://simplifier.net/resolve?scope=de.basisprofil.r4@1.5.0&amp;canonical=http://fhir.org/packages/de.basisprofil.r4/Observation/tnm-y-symbol\">TNM Y Symbol</a></li><li><a href=\"https://simplifier.net/resolve?scope=de.basisprofil.r4@1.5.0&amp;canonical=http://fhir.org/packages/de.basisprofil.r4/Observation/tnm-r-symbol\">TNM R Symbol</a></li><li><a href=\"https://simplifier.net/resolve?scope=de.basisprofil.r4@1.5.0&amp;canonical=http://fhir.org/packages/de.basisprofil.r4/Observation/tnm-a-symbol\">TNM A Symbol</a></li><li><a href=\"https://simplifier.net/resolve?scope=de.basisprofil.r4@1.5.0&amp;canonical=http://fhir.org/packages/de.basisprofil.r4/Observation/tnm-m-symbol\">TNM M Symbol</a></li><li><a href=\"https://simplifier.net/resolve?scope=de.basisprofil.r4@1.5.0&amp;canonical=http://fhir.org/packages/de.basisprofil.r4/Observation/tnm-l-kategorie\">TNM L Kategorie</a></li><li><a href=\"https://simplifier.net/resolve?scope=de.basisprofil.r4@1.5.0&amp;canonical=http://fhir.org/packages/de.basisprofil.r4/Observation/tnm-v-kategorie\">TNM V Kategorie</a></li><li><a href=\"https://simplifier.net/resolve?scope=de.basisprofil.r4@1.5.0&amp;canonical=http://fhir.org/packages/de.basisprofil.r4/Observation/tnm-pn-kategorie\">TNM Pn Kategorie</a></li><li><a href=\"https://simplifier.net/resolve?scope=de.basisprofil.r4@1.5.0&amp;canonical=http://fhir.org/packages/de.basisprofil.r4/Observation/tnm-s-kategorie\">TNM S Kategorie</a></li></ul></div>"
  },
  "status" : "final",
  "code" : {
    "coding" : [{
      "system" : "http://loinc.org",
      "code" : "21908-9",
      "display" : "Stage group.clinical Cancer"
    }]
  },
  "subject" : {
    "reference" : "Patient/TumorPatient-example-1"
  },
  "focus" : [{
    "reference" : "Condition/example"
  }],
  "effectiveDateTime" : "2024-05-27T12:00:00Z",
  "valueCodeableConcept" : {
    "coding" : [{
      "system" : "https://www.uicc.org/resources/tnm",
      "code" : "II",
      "display" : "Stadium II"
    }]
  },
  "method" : {
    "coding" : [{
      "system" : "http://snomed.info/sct",
      "code" : "443830009",
      "display" : "American Joint Commission on Cancer, Cancer Staging Manual, 7th edition neoplasm staging system (tumor staging)"
    }],
    "text" : "Example TNM Staging Method"
  },
  "hasMember" : [{
    "reference" : "Observation/tnm-primary-tumor-category",
    "display" : "TNM Primary Tumor Category"
  },
  {
    "reference" : "Observation/tnm-regional-nodes-category",
    "display" : "TNM Regional Nodes Category"
  },
  {
    "reference" : "Observation/tnm-distant-metastases-category",
    "display" : "TNM Distant Metastases Category"
  },
  {
    "reference" : "Observation/tnm-y-symbol",
    "display" : "TNM Y Symbol"
  },
  {
    "reference" : "Observation/tnm-r-symbol",
    "display" : "TNM R Symbol"
  },
  {
    "reference" : "Observation/tnm-a-symbol",
    "display" : "TNM A Symbol"
  },
  {
    "reference" : "Observation/tnm-m-symbol",
    "display" : "TNM M Symbol"
  },
  {
    "reference" : "Observation/tnm-l-kategorie",
    "display" : "TNM L Kategorie"
  },
  {
    "reference" : "Observation/tnm-v-kategorie",
    "display" : "TNM V Kategorie"
  },
  {
    "reference" : "Observation/tnm-pn-kategorie",
    "display" : "TNM Pn Kategorie"
  },
  {
    "reference" : "Observation/tnm-s-kategorie",
    "display" : "TNM S Kategorie"
  }]
}