{
  "resourceType" : "Observation",
  "id" : "tnm-clinical-primary-tumor-category-cT3",
  "meta" : {
    "profile" : ["http://idg-rlp.de/fhir/tumorkonferenzen/StructureDefinition/tnm-primary-tumor-category"]
  },
  "text" : {
    "status" : "generated",
    "div" : "<div xmlns=\"http://www.w3.org/1999/xhtml\"><p class=\"res-header-id\"><b>Generated Narrative: Observation tnm-clinical-primary-tumor-category-cT3</b></p><a name=\"tnm-clinical-primary-tumor-category-cT3\"> </a><a name=\"hctnm-clinical-primary-tumor-category-cT3\"> </a><a name=\"tnm-clinical-primary-tumor-category-cT3-en-US\"> </a><p><b>status</b>: Final</p><p><b>code</b>: <span title=\"Codes:{http://snomed.info/sct 399504009}\">cT category</span></p><p><b>subject</b>: <a href=\"https://simplifier.net/resolve?scope=de.basisprofil.r4@1.5.0&amp;canonical=http://fhir.org/packages/de.basisprofil.r4/Patient/cancer-patient-john-anyperson\">??</a></p><p><b>effective</b>: 2019-04-01</p><p><b>performer</b>: <a href=\"https://simplifier.net/resolve?scope=de.basisprofil.r4@1.5.0&amp;canonical=http://fhir.org/packages/de.basisprofil.r4/Practitioner/us-core-practitioner-kyle-anydoc\">??</a></p><p><b>value</b>: <span title=\"Codes:{http://snomed.info/sct 1228938002}\">American Joint Committee on Cancer cT3 (qualifier value)</span></p><p><b>method</b>: <span title=\"Codes:{http://snomed.info/sct 897275008}\">American Joint Commission on Cancer, Cancer Staging Manual, 8th edition neoplasm staging system (tumor staging)</span></p></div>"
  },
  "status" : "final",
  "code" : {
    "coding" : [{
      "system" : "http://snomed.info/sct",
      "code" : "399504009",
      "display" : "cT category"
    }]
  },
  "subject" : {
    "reference" : "Patient/cancer-patient-john-anyperson"
  },
  "effectiveDateTime" : "2019-04-01",
  "performer" : [{
    "reference" : "Practitioner/us-core-practitioner-kyle-anydoc"
  }],
  "valueCodeableConcept" : {
    "coding" : [{
      "system" : "http://snomed.info/sct",
      "code" : "1228938002",
      "display" : "American Joint Committee on Cancer cT3 (qualifier value)"
    }]
  },
  "method" : {
    "coding" : [{
      "system" : "http://snomed.info/sct",
      "code" : "897275008",
      "display" : "American Joint Commission on Cancer, Cancer Staging Manual, 8th edition neoplasm staging system (tumor staging)"
    }]
  }
}