{
  "resourceType" : "Observation",
  "id" : "TNMmSymbolExample",
  "meta" : {
    "profile" : ["http://idg-rlp.de/fhir/tumorkonferenzen/StructureDefinition/TNMmSymbol"]
  },
  "text" : {
    "status" : "generated",
    "div" : "<div xmlns=\"http://www.w3.org/1999/xhtml\"><p><b>Generated Narrative: Observation</b><a name=\"TNMmSymbolExample\"> </a><a name=\"hcTNMmSymbolExample\"> </a></p><div style=\"display: inline-block; background-color: #d9e0e7; padding: 6px; margin: 4px; border: 1px solid #8da1b4; border-radius: 5px; line-height: 60%\"><p style=\"margin-bottom: 0px\">Resource Observation &quot;TNMmSymbolExample&quot; </p><p style=\"margin-bottom: 0px\">Profile: <a href=\"StructureDefinition-TNMmSymbol.html\">TNMmSymbol</a></p></div><p><b>status</b>: final</p><p><b>code</b>: m - Multiple tumors (tumor staging) <span style=\"background: LightGoldenRodYellow; margin: 4px; border: 1px solid khaki\"> (<a href=\"https://browser.ihtsdotools.org/\">SNOMED CT</a>#277650004)</span></p><p><b>subject</b>: <a href=\"Patient-TumorPatient-example-1.html\">Patient/TumorPatient-example-1</a> &quot; MUSTERMANN&quot;</p><p><b>encounter</b>: <a href=\"Encounter-VerlaufExample.html\">Encounter/VerlaufExample</a></p><p><b>effective</b>: 2024-05-27 12:00:00+0000</p><p><b>value</b>: (2) simultane Tumoren <span style=\"background: LightGoldenRodYellow; margin: 4px; border: 1px solid khaki\"> (<a href=\"CodeSystem-multiple-primaer-tumoren-cs.html\">Multiple PrimärTumoren CodeSystem</a>#2)</span></p></div>"
  },
  "status" : "final",
  "code" : {
    "coding" : [{
      "system" : "http://snomed.info/sct",
      "code" : "277650004",
      "display" : "m - Multiple tumors (tumor staging)"
    }]
  },
  "subject" : {
    "reference" : "Patient/TumorPatient-example-1"
  },
  "encounter" : {
    "reference" : "Encounter/VerlaufExample"
  },
  "effectiveDateTime" : "2024-05-27T12:00:00Z",
  "valueCodeableConcept" : {
    "coding" : [{
      "system" : "http://idg-rlp.de/fhir/tumorkonferenzen/CodeSystem/multiple-primaer-tumoren-cs",
      "code" : "2",
      "display" : "(2) simultane Tumoren"
    }]
  }
}