{
  "resourceType" : "Observation",
  "id" : "HistologieLymphknotenExample",
  "meta" : {
    "profile" : ["http://idg-rlp.de/fhir/tumorkonferenzen/StructureDefinition/HistologieLymphknoten"]
  },
  "text" : {
    "status" : "generated",
    "div" : "<div xmlns=\"http://www.w3.org/1999/xhtml\"><p class=\"res-header-id\"><b>Generated Narrative: Observation HistologieLymphknotenExample</b></p><a name=\"HistologieLymphknotenExample\"> </a><a name=\"hcHistologieLymphknotenExample\"> </a><a name=\"HistologieLymphknotenExample-en-US\"> </a><p><b>status</b>: Final</p><p><b>code</b>: <span title=\"Codes:{http://snomed.info/sct 364108009}\">Lymph node observable</span></p><p><b>subject</b>: <a href=\"Bundle-AnmeldeBundleMinimalFreitextLunge-Example.html#Patient_TumorPatientExample\">Bundle: type = collection</a></p><p><b>encounter</b>: <a href=\"Encounter-VerlaufExample.html\">Encounter: status = final; class = virtual (ActCode#VR); type = Cancer follow-up visit; period = 2023-04-05 08:00:00+0000 --&gt; (ongoing)</a></p><p><b>effective</b>: 2023-04-05 14:30:00+0000</p><blockquote><p><b>component</b></p><p><b>code</b>: <span title=\"Codes:{http://loinc.org 21894-1}\">Regional lymph nodes examined [#] Specimen</span></p><p><b>value</b>: 15</p></blockquote><blockquote><p><b>component</b></p><p><b>code</b>: <span title=\"Codes:{http://loinc.org 21893-3}\">Regional lymph nodes positive [#] Specimen</span></p><p><b>value</b>: 3</p></blockquote><blockquote><p><b>component</b></p><p><b>code</b>: <span title=\"Codes:{http://snomed.info/sct 444411008}\">Number of sentinel lymph nodes examined</span></p><p><b>value</b>: 5</p></blockquote><blockquote><p><b>component</b></p><p><b>code</b>: <span title=\"Codes:{http://snomed.info/sct 1264491009}\">Number of sentinel lymph nodes containing metastatic neoplasm in excised specimen</span></p><p><b>value</b>: 1</p></blockquote><blockquote><p><b>component</b></p><p><b>code</b>: <span title=\"Codes:{http://snomed.info/sct 371524004}\">Clinical report</span></p><p><b>value</b>: Befundtext</p></blockquote></div>"
  },
  "status" : "final",
  "code" : {
    "coding" : [{
      "system" : "http://snomed.info/sct",
      "code" : "364108009",
      "display" : "Lymph node observable"
    }]
  },
  "subject" : {
    "reference" : "Patient/TumorPatientExample"
  },
  "encounter" : {
    "reference" : "Encounter/VerlaufExample"
  },
  "effectiveDateTime" : "2023-04-05T14:30:00Z",
  "component" : [{
    "code" : {
      "coding" : [{
        "system" : "http://loinc.org",
        "code" : "21894-1"
      }]
    },
    "valueInteger" : 15
  },
  {
    "code" : {
      "coding" : [{
        "system" : "http://loinc.org",
        "code" : "21893-3"
      }]
    },
    "valueInteger" : 3
  },
  {
    "code" : {
      "coding" : [{
        "system" : "http://snomed.info/sct",
        "code" : "444411008"
      }]
    },
    "valueInteger" : 5
  },
  {
    "code" : {
      "coding" : [{
        "system" : "http://snomed.info/sct",
        "code" : "1264491009"
      }]
    },
    "valueInteger" : 1
  },
  {
    "code" : {
      "coding" : [{
        "system" : "http://snomed.info/sct",
        "code" : "371524004"
      }]
    },
    "valueString" : "Befundtext"
  }]
}