{
  "resourceType" : "Observation",
  "id" : "UntersuchteSentinelLymphknotenExample",
  "meta" : {
    "profile" : ["https://www.medizininformatik-initiative.de/fhir/ext/modul-onko/StructureDefinition/mii-pr-onko-anzahl-untersuchte-sentinel-lymphknoten"]
  },
  "text" : {
    "status" : "generated",
    "div" : "<div xmlns=\"http://www.w3.org/1999/xhtml\"><p class=\"res-header-id\"><b>Generated Narrative: Observation UntersuchteSentinelLymphknotenExample</b></p><a name=\"UntersuchteSentinelLymphknotenExample\"> </a><a name=\"hcUntersuchteSentinelLymphknotenExample\"> </a><a name=\"UntersuchteSentinelLymphknotenExample-en-US\"> </a><p><b>status</b>: Final</p><p><b>category</b>: <span title=\"Codes:{http://terminology.hl7.org/CodeSystem/observation-category laboratory}\">Laboratory</span></p><p><b>code</b>: <span title=\"Codes:{http://loinc.org 85347-3}\">Sentinel lymph nodes examined [#] in Cancer specimen by Light microscopy</span></p><p><b>subject</b>: <a href=\"Bundle-AnmeldeBundleMinimalFreitextLunge-Example.html#Patient_TumorPatientExample\">Bundle: type = collection</a></p><p><b>effective</b>: 2024-01-11</p><p><b>value</b>: 2 #<span style=\"background: LightGoldenRodYellow\"> (Details: UCUM  code1 = '1')</span></p></div>"
  },
  "status" : "final",
  "category" : [{
    "coding" : [{
      "system" : "http://terminology.hl7.org/CodeSystem/observation-category",
      "code" : "laboratory"
    }]
  }],
  "code" : {
    "coding" : [{
      "system" : "http://loinc.org",
      "code" : "85347-3",
      "display" : "Sentinel lymph nodes examined [#] in Cancer specimen by Light microscopy"
    }]
  },
  "subject" : {
    "reference" : "Patient/TumorPatientExample"
  },
  "effectiveDateTime" : "2024-01-11",
  "valueQuantity" : {
    "value" : 2,
    "unit" : "#",
    "system" : "http://unitsofmeasure.org",
    "code" : "1"
  }
}