{
  "resourceType" : "Organization",
  "id" : "Organisation-example-1",
  "meta" : {
    "profile" : ["http://idg-rlp.de/fhir/tumorkonferenzen/StructureDefinition/Organisation"]
  },
  "text" : {
    "status" : "generated",
    "div" : "<div xmlns=\"http://www.w3.org/1999/xhtml\"><p class=\"res-header-id\"><b>Generated Narrative: Organization Organisation-example-1</b></p><a name=\"Organisation-example-1\"> </a><a name=\"hcOrganisation-example-1\"> </a><a name=\"Organisation-example-1-en-US\"> </a><p><b>name</b>: Klinikum Musterhausen</p><p><b>address</b>: Beispielpfad 5-9 Musterhausen 12456 </p></div>"
  },
  "name" : "Klinikum Musterhausen",
  "address" : [{
    "line" : ["Beispielpfad 5-9"],
    "city" : "Musterhausen",
    "postalCode" : "12456"
  }]
}