{
  "resourceType" : "PractitionerRole",
  "id" : "MelderInOrganisation-example-1",
  "meta" : {
    "profile" : ["http://idg-rlp.de/fhir/tumorkonferenzen/StructureDefinition/MelderInOrganisation"]
  },
  "text" : {
    "status" : "generated",
    "div" : "<div xmlns=\"http://www.w3.org/1999/xhtml\"><p class=\"res-header-id\"><b>Generated Narrative: PractitionerRole MelderInOrganisation-example-1</b></p><a name=\"MelderInOrganisation-example-1\"> </a><a name=\"hcMelderInOrganisation-example-1\"> </a><a name=\"MelderInOrganisation-example-1-en-US\"> </a><p><b>practitioner</b>: <a href=\"Practitioner-Melder-example-1.html\">Practitioner Dr. Herbert Hundertschön</a></p><p><b>organization</b>: <a href=\"Organization-Organisation-example-1.html\">Organization Klinikum Musterhausen</a></p></div>"
  },
  "practitioner" : {
    "reference" : "Practitioner/Melder-example-1"
  },
  "organization" : {
    "reference" : "Organization/Organisation-example-1"
  }
}