{
  "resourceType" : "Procedure",
  "id" : "OperationExample",
  "meta" : {
    "profile" : ["http://idg-rlp.de/fhir/tumorkonferenzen/StructureDefinition/operation"]
  },
  "text" : {
    "status" : "generated",
    "div" : "<div xmlns=\"http://www.w3.org/1999/xhtml\"><p class=\"res-header-id\"><b>Generated Narrative: Procedure OperationExample</b></p><a name=\"OperationExample\"> </a><a name=\"hcOperationExample\"> </a><a name=\"OperationExample-en-US\"> </a><p><b>status</b>: Completed</p><p><b>subject</b>: <a href=\"Patient-TumorPatient-example-1.html\">Martina Mustermann (official) Female, DoB: 1965-04-03 ( Gesetzliche Krankenversicherung)</a></p><p><b>performed</b>: 2023-06-07</p></div>"
  },
  "status" : "completed",
  "subject" : {
    "reference" : "Patient/TumorPatient-example-1"
  },
  "performedDateTime" : "2023-06-07"
}