{
  "resourceType" : "Procedure",
  "id" : "OperationEinzelprozedurExample",
  "meta" : {
    "profile" : ["http://idg-rlp.de/fhir/tumorkonferenzen/StructureDefinition/operation-einzelprozedur"]
  },
  "text" : {
    "status" : "generated",
    "div" : "<div xmlns=\"http://www.w3.org/1999/xhtml\"><p class=\"res-header-id\"><b>Generated Narrative: Procedure OperationEinzelprozedurExample</b></p><a name=\"OperationEinzelprozedurExample\"> </a><a name=\"hcOperationEinzelprozedurExample\"> </a><a name=\"OperationEinzelprozedurExample-en-US\"> </a><p><b>partOf</b>: <a href=\"Procedure-OperationExample.html\">Procedure: status = completed; performed[x] = 2023-06-07</a></p><p><b>status</b>: Completed</p><p><b>code</b>: <span title=\"Codes:{http://fhir.de/CodeSystem/bfarm/ops 5-123.4}\">5-123.4</span></p><p><b>subject</b>: <a href=\"Patient-TumorPatient-example-1.html\">Martina Mustermann (official) Female, DoB: 1965-04-03 ( Gesetzliche Krankenversicherung)</a></p><p><b>performed</b>: 2023-04-01</p></div>"
  },
  "partOf" : [{
    "reference" : "Procedure/OperationExample"
  }],
  "status" : "completed",
  "code" : {
    "coding" : [{
      "system" : "http://fhir.de/CodeSystem/bfarm/ops",
      "version" : "2023",
      "code" : "5-123.4"
    }]
  },
  "subject" : {
    "reference" : "Patient/TumorPatient-example-1"
  },
  "performedDateTime" : "2023-04-01"
}