{
  "resourceType" : "Specimen",
  "id" : "Tumor-Example",
  "meta" : {
    "profile" : ["http://idg-rlp.de/fhir/tumorkonferenzen/StructureDefinition/tumor"]
  },
  "text" : {
    "status" : "generated",
    "div" : "<div xmlns=\"http://www.w3.org/1999/xhtml\"><p class=\"res-header-id\"><b>Generated Narrative: Specimen Tumor-Example</b></p><a name=\"Tumor-Example\"> </a><a name=\"hcTumor-Example\"> </a><a name=\"Tumor-Example-en-US\"> </a><p><b>identifier</b>: <code>http://example.org/identifier</code>/1234567890</p><h3>Collections</h3><table class=\"grid\"><tr><td style=\"display: none\">-</td><td><b>Collected[x]</b></td></tr><tr><td style=\"display: none\">*</td><td>2023-08-16 04:49:38+0000</td></tr></table></div>"
  },
  "identifier" : [{
    "system" : "http://example.org/identifier",
    "value" : "1234567890"
  }],
  "collection" : {
    "collectedDateTime" : "2023-08-16T04:49:38Z"
  }
}