{
  "resourceType" : "ValueSet",
  "id" : "tnm-distant-metastases-category-max-vs",
  "text" : {
    "status" : "generated",
    "div" : "<div xmlns=\"http://www.w3.org/1999/xhtml\"><p class=\"res-header-id\"><b>Generated Narrative: ValueSet tnm-distant-metastases-category-max-vs</b></p><a name=\"tnm-distant-metastases-category-max-vs\"> </a><a name=\"hctnm-distant-metastases-category-max-vs\"> </a><a name=\"tnm-distant-metastases-category-max-vs-en-US\"> </a><p>This value set includes codes based on the following rules:</p><ul><li>Import all the codes that are contained in <a href=\"ValueSet-tnm-distant-metastases-category-vs.html\">TNM Distant Metastases Category Value Set</a></li><li>Include all codes defined in <a href=\"CodeSystem-krebsstadium-cs.html\"><code>https://www.uicc.org/resources/tnm</code></a></li></ul></div>"
  },
  "url" : "http://idg-rlp.de/fhir/tumorkonferenzen/ValueSet/tnm-distant-metastases-category-max-vs",
  "version" : "0.1.0",
  "name" : "TNMDistantMetastasesCategoryMaxVS",
  "title" : "TNM Distant Metastases Maximum Value Set",
  "status" : "draft",
  "experimental" : false,
  "date" : "2024-09-18T10:41:35+00:00",
  "publisher" : "IDG Institut für digitale Gesundheitsdaten RLP gGmbH",
  "contact" : [{
    "name" : "IDG Institut für digitale Gesundheitsdaten RLP gGmbH",
    "telecom" : [{
      "system" : "url",
      "value" : "https://www.idg-rlp.de/"
    },
    {
      "system" : "email",
      "value" : "info@idg-rlp.de"
    }]
  }],
  "description" : "Values for TNM distant metastases category must be selected from this value set, which includes all codes from UICC and all codes from TNMDistantMetastasesCategoryVS.",
  "compose" : {
    "include" : [{
      "valueSet" : ["http://idg-rlp.de/fhir/tumorkonferenzen/ValueSet/tnm-distant-metastases-category-vs"]
    },
    {
      "system" : "https://www.uicc.org/resources/tnm"
    }]
  }
}