{
  "resourceType" : "ValueSet",
  "id" : "tnm-primary-tumor-category-vs",
  "text" : {
    "status" : "generated",
    "div" : "<div xmlns=\"http://www.w3.org/1999/xhtml\"><p class=\"res-header-id\"><b>Generated Narrative: ValueSet tnm-primary-tumor-category-vs</b></p><a name=\"tnm-primary-tumor-category-vs\"> </a><a name=\"hctnm-primary-tumor-category-vs\"> </a><a name=\"tnm-primary-tumor-category-vs-en-US\"> </a><p>This value set includes codes based on the following rules:</p><ul><li>Include codes from<a href=\"http://www.snomed.org/\"><code>http://snomed.info/sct</code></a> where concept  descends from 1222585009 (American Joint Committee on Cancer clinical T category allowable value (qualifier value))</li><li>Include codes from<a href=\"http://www.snomed.org/\"><code>http://snomed.info/sct</code></a> where concept  descends from 1222589003 (American Joint Committee on Cancer pathological T category allowable value (qualifier value))</li><li>Include codes from<a href=\"http://www.snomed.org/\"><code>http://snomed.info/sct</code></a> where concept  descends from 1222595002 (American Joint Committee on Cancer ypT category allowable value (qualifier value))</li></ul></div>"
  },
  "url" : "http://idg-rlp.de/fhir/tumorkonferenzen/ValueSet/tnm-primary-tumor-category-vs",
  "version" : "0.1.0",
  "name" : "TNMPrimaryTumorCategoryVS",
  "title" : "TNM Primary Tumor Category Value Set",
  "status" : "draft",
  "experimental" : false,
  "date" : "2024-09-18T10:41:35+00:00",
  "publisher" : "IDG Institut für digitale Gesundheitsdaten RLP gGmbH",
  "contact" : [{
    "name" : "IDG Institut für digitale Gesundheitsdaten RLP gGmbH",
    "telecom" : [{
      "system" : "url",
      "value" : "https://www.idg-rlp.de/"
    },
    {
      "system" : "email",
      "value" : "info@idg-rlp.de"
    }]
  }],
  "description" : "Result values for T category. This value set contains SNOMED-CT equivalents of UICC codes for the T category, according to TNM staging rules.",
  "copyright" : "This value set includes content from SNOMED CT, which is copyright © 2002+ International Health Terminology Standards Development Organisation (IHTSDO), and distributed by agreement between IHTSDO and HL7. Implementer use of SNOMED CT is not covered by this agreement",
  "compose" : {
    "include" : [{
      "system" : "http://snomed.info/sct",
      "filter" : [{
        "property" : "concept",
        "op" : "descendent-of",
        "value" : "1222585009"
      }]
    },
    {
      "system" : "http://snomed.info/sct",
      "filter" : [{
        "property" : "concept",
        "op" : "descendent-of",
        "value" : "1222589003"
      }]
    },
    {
      "system" : "http://snomed.info/sct",
      "filter" : [{
        "property" : "concept",
        "op" : "descendent-of",
        "value" : "1222595002"
      }]
    }]
  }
}