{
  "resourceType" : "ValueSet",
  "id" : "SerumTumorMarkerUICCVS",
  "text" : {
    "status" : "generated",
    "div" : "<div xmlns=\"http://www.w3.org/1999/xhtml\"><ul><li>Include all codes defined in <a href=\"CodeSystem-SerumTumorMarkerUICCCS.html\"><code>http://idg-rlp.de/fhir/tumorkonferenzen/CodeSystem/SerumTumorMarkerUICCCS</code></a></li></ul></div>"
  },
  "url" : "http://idg-rlp.de/fhir/tumorkonferenzen/ValueSet/SerumTumorMarkerUICCVS",
  "version" : "0.1.0",
  "name" : "SerumTumorMarkerUICCVS",
  "title" : "SerumTumorMarkerUICCVS",
  "status" : "draft",
  "date" : "2024-05-28T11:23:31+00:00",
  "publisher" : "IDG Institut für digitale Gesundheitsdaten RLP gGmbH",
  "contact" : [{
    "name" : "IDG Institut für digitale Gesundheitsdaten RLP gGmbH",
    "telecom" : [{
      "system" : "url",
      "value" : "https://www.idg-rlp.de/"
    },
    {
      "system" : "email",
      "value" : "info@idg-rlp.de"
    }]
  }],
  "description" : "SerumTumorMarkerUICCVS",
  "compose" : {
    "include" : [{
      "system" : "http://idg-rlp.de/fhir/tumorkonferenzen/CodeSystem/SerumTumorMarkerUICCCS"
    }]
  }
}