{
  "resourceType" : "ValueSet",
  "id" : "ResidualstatusGesamtbeurteilungVS",
  "text" : {
    "status" : "generated",
    "div" : "<div xmlns=\"http://www.w3.org/1999/xhtml\"><p class=\"res-header-id\"><b>Generated Narrative: ValueSet ResidualstatusGesamtbeurteilungVS</b></p><a name=\"ResidualstatusGesamtbeurteilungVS\"> </a><a name=\"hcResidualstatusGesamtbeurteilungVS\"> </a><a name=\"ResidualstatusGesamtbeurteilungVS-en-US\"> </a><ul><li>Include these codes as defined in <a href=\"CodeSystem-ResidualstatusCS.html\"><code>http://idg-rlp.de/fhir/tumorkonferenzen/CodeSystem/ResidualstatusCS</code></a><table class=\"none\"><tr><td style=\"white-space:nowrap\"><b>Code</b></td><td><b>Display</b></td></tr><tr><td><a href=\"CodeSystem-ResidualstatusCS.html#ResidualstatusCS-R0\">R0</a></td><td>Kein Residualtumor</td></tr><tr><td><a href=\"CodeSystem-ResidualstatusCS.html#ResidualstatusCS-R1\">R1</a></td><td>Mikroskopischer Residualtumor</td></tr><tr><td><a href=\"CodeSystem-ResidualstatusCS.html#ResidualstatusCS-R1.40is.41\">R1(is)</a></td><td>In-Situ-Rest</td></tr><tr><td><a href=\"CodeSystem-ResidualstatusCS.html#ResidualstatusCS-R1.40cy.43.41\">R1(cy+)</a></td><td>Cytologischer Rest</td></tr><tr><td><a href=\"CodeSystem-ResidualstatusCS.html#ResidualstatusCS-R2\">R2</a></td><td>Makroskopischer Residualtumor</td></tr><tr><td><a href=\"CodeSystem-ResidualstatusCS.html#ResidualstatusCS-RX\">RX</a></td><td>Vorhandensein von Residualtumor kann nicht beurteilt werden</td></tr></table></li></ul></div>"
  },
  "url" : "http://idg-rlp.de/fhir/tumorkonferenzen/ValueSet/ResidualstatusGesamtbeurteilungVS",
  "version" : "0.1.0",
  "name" : "ResidualstatusGesamtbeurteilungVS",
  "title" : "Gesamtbeurteilung des Residualstatus",
  "status" : "draft",
  "date" : "2024-10-31T11:09:37+00:00",
  "publisher" : "IDG Institut für digitale Gesundheitsdaten RLP gGmbH",
  "contact" : [{
    "name" : "IDG Institut für digitale Gesundheitsdaten RLP gGmbH",
    "telecom" : [{
      "system" : "url",
      "value" : "https://www.idg-rlp.de/"
    },
    {
      "system" : "email",
      "value" : "info@idg-rlp.de"
    }]
  }],
  "description" : "Value Set für oBDS-Codes für die Gesamtbeurteilung des Residualstatus",
  "compose" : {
    "include" : [{
      "system" : "http://idg-rlp.de/fhir/tumorkonferenzen/CodeSystem/ResidualstatusCS",
      "concept" : [{
        "code" : "R0",
        "display" : "Kein Residualtumor"
      },
      {
        "code" : "R1",
        "display" : "Mikroskopischer Residualtumor"
      },
      {
        "code" : "R1(is)",
        "display" : "In-Situ-Rest"
      },
      {
        "code" : "R1(cy+)",
        "display" : "Cytologischer Rest"
      },
      {
        "code" : "R2",
        "display" : "Makroskopischer Residualtumor"
      },
      {
        "code" : "RX",
        "display" : "Vorhandensein von Residualtumor kann nicht beurteilt werden"
      }]
    }]
  }
}