{
  "resourceType" : "ValueSet",
  "id" : "ja-nein-beratung-vs",
  "text" : {
    "status" : "generated",
    "div" : "<div xmlns=\"http://www.w3.org/1999/xhtml\"><p class=\"res-header-id\"><b>Generated Narrative: ValueSet ja-nein-beratung-vs</b></p><a name=\"ja-nein-beratung-vs\"> </a><a name=\"hcja-nein-beratung-vs\"> </a><a name=\"ja-nein-beratung-vs-en-US\"> </a><p>This value set includes codes based on the following rules:</p><ul><li>Include these codes as defined in <a href=\"http://www.snomed.org/\"><code>http://snomed.info/sct</code></a><table class=\"none\"><tr><td style=\"white-space:nowrap\"><b>Code</b></td><td><b>Display</b></td></tr><tr><td><a href=\"http://snomed.info/id/373066001\">373066001</a></td><td>Ja</td></tr><tr><td><a href=\"http://snomed.info/id/373067005\">373067005</a></td><td>Nein</td></tr></table></li><li>Include these codes as defined in <code>http://idg-rlp.de/fhir/tumorkonferenzen/CodeSystem/CustomCodes</code><table class=\"none\"><tr><td style=\"white-space:nowrap\"><b>Code</b></td><td><b>Display</b></td></tr><tr><td>beratungSchonErfolgt</td><td>Beratung schon erfolgt</td></tr></table></li></ul></div>"
  },
  "url" : "http://idg-rlp.de/fhir/tumorkonferenzen/ValueSet/ja-nein-beratung-vs",
  "version" : "0.1.0",
  "name" : "JaNeinBeratungVS",
  "title" : "Ja, Nein, Beratung schon erfolgt ValueSet",
  "status" : "draft",
  "date" : "2024-12-02T15:35:52+00:00",
  "publisher" : "IDG Institut für digitale Gesundheitsdaten RLP gGmbH",
  "contact" : [{
    "name" : "IDG Institut für digitale Gesundheitsdaten RLP gGmbH",
    "telecom" : [{
      "system" : "url",
      "value" : "https://www.idg-rlp.de/"
    },
    {
      "system" : "email",
      "value" : "info@idg-rlp.de"
    }]
  }],
  "description" : "Ein ValueSet mit den Codes für Ja, Nein und Beratung schon erfolgt.",
  "compose" : {
    "include" : [{
      "system" : "http://snomed.info/sct",
      "concept" : [{
        "code" : "373066001",
        "display" : "Ja"
      },
      {
        "code" : "373067005",
        "display" : "Nein"
      }]
    },
    {
      "system" : "http://idg-rlp.de/fhir/tumorkonferenzen/CodeSystem/CustomCodes",
      "concept" : [{
        "code" : "beratungSchonErfolgt",
        "display" : "Beratung schon erfolgt"
      }]
    }]
  }
}